ISO-10303-21;
HEADER;
/* Generated by software containing ST-Developer
 * from STEP Tools, Inc. (www.steptools.com) 
 */

FILE_DESCRIPTION(
/* description */ (''),
/* implementation_level */ '2;1');

FILE_NAME(
/* name */ 'BVI10(30)+EAQ-MINI220\X2\0412\X0\-3D\X2\043204380434\X0\-\X2\041204380434\X0\1',

/* time_stamp */ '2025-06-03T14:20:08+03:00',
/* author */ (''),
/* organization */ (''),
/* preprocessor_version */ 'ST-DEVELOPER v20',
/* originating_system */ '',
/* authorisation */ '');

FILE_SCHEMA (('AP242_MANAGED_MODEL_BASED_3D_ENGINEERING_MIM_LF { 1 0 10303 442 1 1 4 }'));
ENDSEC;

DATA;
#10=MECHANICAL_DESIGN_GEOMETRIC_PRESENTATION_REPRESENTATION('',(#10544,
#10545,#10546,#10547,#10548,#10549,#10550,#10551,#10552,#10553,#10554,#10555,
#10556,#10557,#10558,#10559,#10560,#10561,#10562,#10563,#10564,#10565,#10566,
#10567,#10568,#10569,#10570,#10571,#10572,#10573,#10574,#10575,#10576,#10577,
#10578,#10579,#10580,#10581,#10582,#10583,#10584,#10585,#10586,#10587,#10588,
#10589,#10590,#10591,#10592,#10593,#10594,#10595,#10596,#10597,#10598,#10599,
#10600,#10601,#10602,#10603,#10604,#10605,#10606,#10607,#10608,#10609,#10610,
#10611,#10612,#10613,#10614,#10615,#10616,#10617,#10618,#10619,#10620,#10621,
#10622,#10623,#10624,#10625,#10626,#10627,#10628,#10629,#10630,#10631,#10632,
#10633,#10634,#10635,#10636,#10637,#10638,#10639,#10640,#10641,#10642,#10643,
#10644,#10645,#10646,#10647,#10648,#10649,#10650,#10651,#10652,#10653,#10654,
#10655,#10656,#10657,#10658,#10659,#10660,#10661,#10662,#10663,#10664,#10665,
#10666,#10667,#10668,#10669,#10670,#10671,#10672,#10673,#10674,#10675,#10676,
#10677,#10678,#10679,#10680,#10681,#10682,#10683,#10684,#10685,#10686,#10687,
#10688,#10689,#10690,#10691,#10692,#10693,#10694,#10695,#10696,#10697,#10698,
#10699,#10700,#10701,#10702,#10703,#10704,#10705,#10706,#10707,#10708,#10709,
#10710,#10711,#10712,#10713,#10714,#10715,#10716,#10717,#10718,#10719,#10720,
#10721,#10722,#10723,#10724,#10725,#10726,#10727,#10728,#10729,#10730,#10731,
#10732,#10733,#10734,#10735,#10736,#10737,#10738,#10739,#10740,#10741,#10742,
#10743,#10744,#10745,#10746,#10747,#10748,#10749,#10750,#10751,#10752,#10753,
#10754,#10755,#10756,#10757,#10758,#10759,#10760,#10761,#10762,#10763,#10764,
#10765,#10766,#10767,#10768,#10769,#10770,#10771,#10772,#10773,#10774,#10775,
#10776,#10777,#10778,#10779,#10780,#10781,#10782,#10783,#10784,#10785,#10786,
#10787,#10788,#10789,#10790,#10791,#10792,#10793,#10794,#10795,#10796,#10797,
#10798,#10799,#10800,#10801,#10802,#10803,#10804,#10805,#10806,#10807,#10808,
#10809,#10810,#10811,#10812,#10813,#10814,#10815,#10816,#10817,#10818,#10819,
#10820,#10821,#10822,#10823,#10824,#10825,#10826,#10827,#10828,#10829,#10830,
#10831,#10832,#10833,#10834,#10835,#10836,#10837,#10838,#10839,#10840,#10841,
#10842,#10843,#10844,#10845,#10846,#10847,#10848,#10849,#10850,#10851,#10852,
#10853,#10854,#10855,#10856,#10857,#10858,#10859,#10860,#10861,#10862,#10863,
#10864,#10865,#10866,#10867,#10868,#10869,#10870,#10871,#10872,#10873,#10874,
#10875,#10876,#10877,#10878,#10879,#10880,#10881,#10882,#10883,#10884,#10885,
#10886,#10887,#10888,#10889,#10890,#10891,#10892,#10893,#10894,#10895,#10896,
#10897,#10898,#10899,#10900,#10901,#10902,#10903,#10904,#10905,#10906,#10907,
#10908,#10909,#10910,#10911,#10912,#10913,#10914,#10915,#10916,#10917,#10918,
#10919,#10920,#10921,#10922,#10923,#10924,#10925,#10926,#10927,#10928,#10929,
#10930,#10931,#10932,#10933,#10934,#10935,#10936,#10937,#10938,#10939,#10940,
#10941,#10942,#10943,#10944,#10945,#10946,#10947,#10948,#10949,#10950,#10951,
#10952,#10953,#10954,#10955,#10956,#10957,#10958,#10959,#10960,#10961,#10962,
#10963,#10964,#10965,#10966,#10967,#10968,#10969,#10970,#10971,#10972,#10973,
#10974,#10975,#10976,#10977,#10978,#10979,#10980,#10981,#10982,#10983,#10984,
#10985,#10986,#10987,#10988,#10989,#10990,#10991,#10992,#10993,#10994,#10995,
#10996,#10997,#10998,#10999,#11000,#11001,#11002,#11003,#11004,#11005,#11006,
#11007,#11008,#11009,#11010,#11011,#11012,#11013,#11014,#11015,#11016,#11017,
#11018,#11019,#11020,#11021,#11022,#11023,#11024,#11025,#11026,#11027,#11028,
#11029,#11030,#11031,#11032,#11033,#11034,#11035,#11036,#11037,#11038,#11039,
#11040,#11041,#11042,#11043,#11044,#11045,#11046,#11047,#11048,#11049,#11050,
#11051,#11052,#11053,#11054,#11055,#11056,#11057,#11058,#11059,#11060,#11061,
#11062,#11063,#11064,#11065,#11066,#11067,#11068,#11069,#11070,#11071,#11072,
#11073,#11074,#11075,#11076,#11077,#11078,#11079,#11080,#11081,#11082,#11083,
#11084,#11085,#11086,#11087,#11088,#11089,#11090,#11091,#11092,#11093,#11094,
#11095,#11096,#11097,#11098,#11099,#11100,#11101,#11102,#11103,#11104,#11105,
#11106,#11107,#11108,#11109,#11110,#11111,#11112,#11113,#11114,#11115,#11116,
#11117,#11118,#11119,#11120,#11121,#11122,#11123,#11124,#11125,#11126,#11127,
#11128,#11129,#11130,#11131,#11132,#11133,#11134,#11135,#11136,#11137,#11138,
#11139,#11140,#11141,#11142,#11143,#11144,#11145,#11146,#11147,#11148),
#18874);
#11=GROUP_RELATIONSHIP($,$,#17,#16);
#12=GROUP_RELATIONSHIP($,$,#18,#17);
#13=APPLIED_GROUP_ASSIGNMENT(#16,(#11));
#14=APPLIED_GROUP_ASSIGNMENT(#17,(#12));
#15=APPLIED_GROUP_ASSIGNMENT(#18,$);
#16=GROUP('\X2\04100440043C04300442044304400430\X0\ \X2\0442044004430431043E043F0440043E0432043E0434043E0432\X0\',
$);
#17=GROUP('\X2\042D043B0435043A044204400438044704350441043A04380439\X0\ 
\X2\043F044004380432043E0434\X0\',$);
#18=GROUP('\X2\042D043B0435043A044204400438044704350441043A04380439\X0\ 
\X2\043F044004380432043E0434\X0\',$);
#19=ITEM_DEFINED_TRANSFORMATION($,$,#11792,#12467);
#20=ITEM_DEFINED_TRANSFORMATION($,$,#11913,#12468);
#21=(
REPRESENTATION_RELATIONSHIP($,$,#18887,#18886)
REPRESENTATION_RELATIONSHIP_WITH_TRANSFORMATION(#19)
SHAPE_REPRESENTATION_RELATIONSHIP()
);
#22=(
REPRESENTATION_RELATIONSHIP($,$,#18888,#18886)
REPRESENTATION_RELATIONSHIP_WITH_TRANSFORMATION(#20)
SHAPE_REPRESENTATION_RELATIONSHIP()
);
#23=CONTEXT_DEPENDENT_SHAPE_REPRESENTATION(#21,#18884);
#24=CONTEXT_DEPENDENT_SHAPE_REPRESENTATION(#22,#18885);
#25=NEXT_ASSEMBLY_USAGE_OCCURRENCE(
'\X2\041E0431044A0435043C043D0430044F\X0\ \X2\04330435043E043C0435044204400438044F\X0\ 
\X2\043F044004380441043E043504340438043D0435043D0430\X0\',
'\X2\041E0431044A0435043C043D0430044F\X0\ \X2\04330435043E043C0435044204400438044F\X0\ 
\X2\043F044004380441043E043504340438043D0435043D0430\X0\',
'\X2\041E0431044A0435043C043D0430044F\X0\ \X2\04330435043E043C0435044204400438044F\X0\ 
\X2\043F044004380441043E043504340438043D0435043D0430\X0\',#18890,#18891,
'\X2\041E0431044A0435043C043D0430044F\X0\ \X2\04330435043E043C0435044204400438044F\X0\ 
\X2\043F044004380441043E043504340438043D0435043D0430\X0\');
#26=NEXT_ASSEMBLY_USAGE_OCCURRENCE(
'\X2\042D043B0435043A044204400438044704350441043A04380439\X0\ \X2\043F044004380432043E0434\X0\',
'\X2\042D043B0435043A044204400438044704350441043A04380439\X0\ \X2\043F044004380432043E0434\X0\',
'\X2\042D043B0435043A044204400438044704350441043A04380439\X0\ \X2\043F044004380432043E0434\X0\',
#18890,#18892,'\X2\042D043B0435043A044204400438044704350441043A04380439\X0\ 
\X2\043F044004380432043E0434\X0\');
#27=SHAPE_REPRESENTATION_RELATIONSHIP('SRR','None',#18887,#29);
#28=SHAPE_REPRESENTATION_RELATIONSHIP('SRR','None',#18888,#30);
#29=ADVANCED_BREP_SHAPE_REPRESENTATION('',(#31),#18872);
#30=ADVANCED_BREP_SHAPE_REPRESENTATION('',(#32,#33,#34,#35,#36,#37,#38,
#39,#40,#41,#42,#43,#44,#45,#46,#47,#48,#49,#50,#51,#52,#53,#54,#55,#56,
#57,#58,#59,#60,#61,#62,#63,#64,#65,#66,#67),#18873);
#31=MANIFOLD_SOLID_BREP(
'\X2\041E0431044A0435043C043D0430044F\X0\ \X2\04330435043E043C0435044204400438044F\X0\ 
\X2\043F044004380441043E043504340438043D0435043D0430\X0\',#11754);
#32=MANIFOLD_SOLID_BREP('\X2\042D043B0435043A044204400438044704350441043A04380439\X0\ 
\X2\043F044004380432043E0434\X0\',#11755);
#33=MANIFOLD_SOLID_BREP('\X2\042D043B0435043A044204400438044704350441043A04380439\X0\ 
\X2\043F044004380432043E0434\X0\',#11756);
#34=MANIFOLD_SOLID_BREP('\X2\042D043B0435043A044204400438044704350441043A04380439\X0\ 
\X2\043F044004380432043E0434\X0\',#11757);
#35=MANIFOLD_SOLID_BREP('\X2\042D043B0435043A044204400438044704350441043A04380439\X0\ 
\X2\043F044004380432043E0434\X0\',#11758);
#36=MANIFOLD_SOLID_BREP('\X2\042D043B0435043A044204400438044704350441043A04380439\X0\ 
\X2\043F044004380432043E0434\X0\',#11759);
#37=MANIFOLD_SOLID_BREP('\X2\042D043B0435043A044204400438044704350441043A04380439\X0\ 
\X2\043F044004380432043E0434\X0\',#11760);
#38=MANIFOLD_SOLID_BREP('\X2\042D043B0435043A044204400438044704350441043A04380439\X0\ 
\X2\043F044004380432043E0434\X0\',#11761);
#39=MANIFOLD_SOLID_BREP('\X2\042D043B0435043A044204400438044704350441043A04380439\X0\ 
\X2\043F044004380432043E0434\X0\',#11762);
#40=MANIFOLD_SOLID_BREP('\X2\042D043B0435043A044204400438044704350441043A04380439\X0\ 
\X2\043F044004380432043E0434\X0\',#11763);
#41=MANIFOLD_SOLID_BREP('\X2\042D043B0435043A044204400438044704350441043A04380439\X0\ 
\X2\043F044004380432043E0434\X0\',#11764);
#42=MANIFOLD_SOLID_BREP('\X2\042D043B0435043A044204400438044704350441043A04380439\X0\ 
\X2\043F044004380432043E0434\X0\',#11765);
#43=MANIFOLD_SOLID_BREP('\X2\042D043B0435043A044204400438044704350441043A04380439\X0\ 
\X2\043F044004380432043E0434\X0\',#11766);
#44=MANIFOLD_SOLID_BREP('\X2\042D043B0435043A044204400438044704350441043A04380439\X0\ 
\X2\043F044004380432043E0434\X0\',#11767);
#45=MANIFOLD_SOLID_BREP('\X2\042D043B0435043A044204400438044704350441043A04380439\X0\ 
\X2\043F044004380432043E0434\X0\',#11768);
#46=MANIFOLD_SOLID_BREP('\X2\042D043B0435043A044204400438044704350441043A04380439\X0\ 
\X2\043F044004380432043E0434\X0\',#11769);
#47=MANIFOLD_SOLID_BREP('\X2\042D043B0435043A044204400438044704350441043A04380439\X0\ 
\X2\043F044004380432043E0434\X0\',#11770);
#48=MANIFOLD_SOLID_BREP('\X2\042D043B0435043A044204400438044704350441043A04380439\X0\ 
\X2\043F044004380432043E0434\X0\',#11771);
#49=MANIFOLD_SOLID_BREP('\X2\042D043B0435043A044204400438044704350441043A04380439\X0\ 
\X2\043F044004380432043E0434\X0\',#11772);
#50=MANIFOLD_SOLID_BREP('\X2\042D043B0435043A044204400438044704350441043A04380439\X0\ 
\X2\043F044004380432043E0434\X0\',#11773);
#51=MANIFOLD_SOLID_BREP('\X2\042D043B0435043A044204400438044704350441043A04380439\X0\ 
\X2\043F044004380432043E0434\X0\',#11774);
#52=MANIFOLD_SOLID_BREP('\X2\042D043B0435043A044204400438044704350441043A04380439\X0\ 
\X2\043F044004380432043E0434\X0\',#11775);
#53=MANIFOLD_SOLID_BREP('\X2\042D043B0435043A044204400438044704350441043A04380439\X0\ 
\X2\043F044004380432043E0434\X0\',#11776);
#54=MANIFOLD_SOLID_BREP('\X2\042D043B0435043A044204400438044704350441043A04380439\X0\ 
\X2\043F044004380432043E0434\X0\',#11777);
#55=MANIFOLD_SOLID_BREP('\X2\042D043B0435043A044204400438044704350441043A04380439\X0\ 
\X2\043F044004380432043E0434\X0\',#11778);
#56=MANIFOLD_SOLID_BREP('\X2\042D043B0435043A044204400438044704350441043A04380439\X0\ 
\X2\043F044004380432043E0434\X0\',#11779);
#57=MANIFOLD_SOLID_BREP('\X2\042D043B0435043A044204400438044704350441043A04380439\X0\ 
\X2\043F044004380432043E0434\X0\',#11780);
#58=MANIFOLD_SOLID_BREP('\X2\042D043B0435043A044204400438044704350441043A04380439\X0\ 
\X2\043F044004380432043E0434\X0\',#11781);
#59=MANIFOLD_SOLID_BREP('\X2\042D043B0435043A044204400438044704350441043A04380439\X0\ 
\X2\043F044004380432043E0434\X0\',#11782);
#60=MANIFOLD_SOLID_BREP('\X2\042D043B0435043A044204400438044704350441043A04380439\X0\ 
\X2\043F044004380432043E0434\X0\',#11783);
#61=MANIFOLD_SOLID_BREP('\X2\042D043B0435043A044204400438044704350441043A04380439\X0\ 
\X2\043F044004380432043E0434\X0\',#11784);
#62=MANIFOLD_SOLID_BREP('\X2\042D043B0435043A044204400438044704350441043A04380439\X0\ 
\X2\043F044004380432043E0434\X0\',#11785);
#63=MANIFOLD_SOLID_BREP('\X2\042D043B0435043A044204400438044704350441043A04380439\X0\ 
\X2\043F044004380432043E0434\X0\',#11786);
#64=MANIFOLD_SOLID_BREP('\X2\042D043B0435043A044204400438044704350441043A04380439\X0\ 
\X2\043F044004380432043E0434\X0\',#11787);
#65=MANIFOLD_SOLID_BREP('\X2\042D043B0435043A044204400438044704350441043A04380439\X0\ 
\X2\043F044004380432043E0434\X0\',#11788);
#66=MANIFOLD_SOLID_BREP('\X2\042D043B0435043A044204400438044704350441043A04380439\X0\ 
\X2\043F044004380432043E0434\X0\',#11789);
#67=MANIFOLD_SOLID_BREP('\X2\042D043B0435043A044204400438044704350441043A04380439\X0\ 
\X2\043F044004380432043E0434\X0\',#11790);
#68=(
BOUNDED_SURFACE()
B_SPLINE_SURFACE(1,2,((#15796,#15797,#15798,#15799,#15800),(#15801,#15802,
#15803,#15804,#15805)),.UNSPECIFIED.,.F.,.F.,.F.)
B_SPLINE_SURFACE_WITH_KNOTS((2,2),(3,2,3),(0.,0.00984251968503938),(0.,
1.5707963267949,3.14159265358979),.UNSPECIFIED.)
GEOMETRIC_REPRESENTATION_ITEM()
RATIONAL_B_SPLINE_SURFACE(((1.,0.707106781186548,1.,0.707106781186548,1.),
(1.,0.707106781186548,1.,0.707106781186548,1.)))
REPRESENTATION_ITEM('')
SURFACE()
);
#69=(
BOUNDED_SURFACE()
B_SPLINE_SURFACE(1,2,((#15808,#15809,#15810,#15811,#15812),(#15813,#15814,
#15815,#15816,#15817)),.UNSPECIFIED.,.F.,.F.,.F.)
B_SPLINE_SURFACE_WITH_KNOTS((2,2),(3,2,3),(0.,0.00984251968503938),(3.14159265358979,
4.71238898038469,6.28318530717959),.UNSPECIFIED.)
GEOMETRIC_REPRESENTATION_ITEM()
RATIONAL_B_SPLINE_SURFACE(((1.,0.707106781186547,1.,0.707106781186547,1.),
(1.,0.707106781186547,1.,0.707106781186547,1.)))
REPRESENTATION_ITEM('')
SURFACE()
);
#70=(
BOUNDED_SURFACE()
B_SPLINE_SURFACE(1,2,((#15818,#15819,#15820,#15821,#15822),(#15823,#15824,
#15825,#15826,#15827)),.UNSPECIFIED.,.F.,.F.,.F.)
B_SPLINE_SURFACE_WITH_KNOTS((2,2),(3,2,3),(-0.00984251968503938,0.),(0.,
1.5707963267949,3.14159265358979),.UNSPECIFIED.)
GEOMETRIC_REPRESENTATION_ITEM()
RATIONAL_B_SPLINE_SURFACE(((1.,0.707106781186548,1.,0.707106781186548,1.),
(1.,0.707106781186548,1.,0.707106781186548,1.)))
REPRESENTATION_ITEM('')
SURFACE()
);
#71=(
BOUNDED_SURFACE()
B_SPLINE_SURFACE(1,2,((#15830,#15831,#15832,#15833,#15834),(#15835,#15836,
#15837,#15838,#15839)),.UNSPECIFIED.,.F.,.F.,.F.)
B_SPLINE_SURFACE_WITH_KNOTS((2,2),(3,2,3),(-0.00984251968503938,0.),(3.14159265358979,
4.71238898038469,6.28318530717959),.UNSPECIFIED.)
GEOMETRIC_REPRESENTATION_ITEM()
RATIONAL_B_SPLINE_SURFACE(((1.,0.707106781186547,1.,0.707106781186547,1.),
(1.,0.707106781186547,1.,0.707106781186547,1.)))
REPRESENTATION_ITEM('')
SURFACE()
);
#72=(
BOUNDED_SURFACE()
B_SPLINE_SURFACE(1,2,((#15840,#15841,#15842,#15843,#15844),(#15845,#15846,
#15847,#15848,#15849)),.UNSPECIFIED.,.F.,.F.,.F.)
B_SPLINE_SURFACE_WITH_KNOTS((2,2),(3,2,3),(0.,0.00984251968503936),(0.,
1.5707963267949,3.14159265358979),.UNSPECIFIED.)
GEOMETRIC_REPRESENTATION_ITEM()
RATIONAL_B_SPLINE_SURFACE(((1.,0.707106781186548,1.,0.707106781186548,1.),
(1.,0.707106781186548,1.,0.707106781186548,1.)))
REPRESENTATION_ITEM('')
SURFACE()
);
#73=(
BOUNDED_SURFACE()
B_SPLINE_SURFACE(1,2,((#15855,#15856,#15857,#15858,#15859),(#15860,#15861,
#15862,#15863,#15864)),.UNSPECIFIED.,.F.,.F.,.F.)
B_SPLINE_SURFACE_WITH_KNOTS((2,2),(3,2,3),(0.,0.00984251968503936),(3.14159265358979,
4.71238898038469,6.28318530717959),.UNSPECIFIED.)
GEOMETRIC_REPRESENTATION_ITEM()
RATIONAL_B_SPLINE_SURFACE(((1.,0.707106781186547,1.,0.707106781186547,1.),
(1.,0.707106781186547,1.,0.707106781186547,1.)))
REPRESENTATION_ITEM('')
SURFACE()
);
#74=(
BOUNDED_SURFACE()
B_SPLINE_SURFACE(1,2,((#15874,#15875,#15876,#15877,#15878),(#15879,#15880,
#15881,#15882,#15883)),.UNSPECIFIED.,.F.,.F.,.F.)
B_SPLINE_SURFACE_WITH_KNOTS((2,2),(3,2,3),(-0.00984251968503937,0.),(0.,
1.5707963267949,3.14159265358979),.UNSPECIFIED.)
GEOMETRIC_REPRESENTATION_ITEM()
RATIONAL_B_SPLINE_SURFACE(((1.,0.707106781186548,1.,0.707106781186548,1.),
(1.,0.707106781186548,1.,0.707106781186548,1.)))
REPRESENTATION_ITEM('')
SURFACE()
);
#75=(
BOUNDED_SURFACE()
B_SPLINE_SURFACE(1,2,((#15886,#15887,#15888,#15889,#15890),(#15891,#15892,
#15893,#15894,#15895)),.UNSPECIFIED.,.F.,.F.,.F.)
B_SPLINE_SURFACE_WITH_KNOTS((2,2),(3,2,3),(-0.00984251968503937,0.),(3.14159265358979,
4.71238898038469,6.28318530717959),.UNSPECIFIED.)
GEOMETRIC_REPRESENTATION_ITEM()
RATIONAL_B_SPLINE_SURFACE(((1.,0.707106781186547,1.,0.707106781186547,1.),
(1.,0.707106781186547,1.,0.707106781186547,1.)))
REPRESENTATION_ITEM('')
SURFACE()
);
#76=FACE_BOUND('',#1299,.T.);
#77=FACE_BOUND('',#1305,.T.);
#78=FACE_BOUND('',#1327,.T.);
#79=FACE_BOUND('',#1328,.T.);
#80=FACE_BOUND('',#1329,.T.);
#81=FACE_BOUND('',#1330,.T.);
#82=FACE_BOUND('',#1332,.T.);
#83=FACE_BOUND('',#1333,.T.);
#84=FACE_BOUND('',#1334,.T.);
#85=FACE_BOUND('',#1335,.T.);
#86=FACE_BOUND('',#1385,.T.);
#87=FACE_BOUND('',#1401,.T.);
#88=FACE_BOUND('',#1403,.T.);
#89=FACE_BOUND('',#1422,.T.);
#90=FACE_BOUND('',#1424,.T.);
#91=FACE_BOUND('',#1425,.T.);
#92=FACE_BOUND('',#1443,.T.);
#93=FACE_BOUND('',#1444,.T.);
#94=FACE_BOUND('',#1458,.T.);
#95=FACE_BOUND('',#1483,.T.);
#96=FACE_BOUND('',#1559,.T.);
#97=FACE_BOUND('',#1580,.T.);
#98=FACE_BOUND('',#1610,.T.);
#99=FACE_BOUND('',#1635,.T.);
#100=FACE_BOUND('',#1662,.T.);
#101=FACE_BOUND('',#1683,.T.);
#102=FACE_BOUND('',#1773,.T.);
#103=FACE_BOUND('',#1794,.T.);
#104=FACE_BOUND('',#1796,.T.);
#105=FACE_BOUND('',#1820,.T.);
#106=FACE_BOUND('',#1822,.T.);
#107=FACE_BOUND('',#1842,.T.);
#108=FACE_BOUND('',#1859,.T.);
#109=FACE_BOUND('',#1882,.T.);
#110=FACE_BOUND('',#1884,.T.);
#111=FACE_BOUND('',#1898,.T.);
#112=B_SPLINE_CURVE_WITH_KNOTS('',3,(#15309,#15310,#15311,#15312,#15313,
#15314,#15315,#15316,#15317,#15318,#15319,#15320,#15321,#15322,#15323,#15324,
#15325,#15326,#15327),.UNSPECIFIED.,.F.,.F.,(4,2,2,2,3,2,2,2,4),(0.689165569497219,
0.750391923170833,0.811618276844446,0.862305796081053,0.91299331531766,
0.959284747540789,1.00557617976392,1.07115128634392,1.13672639292393),
 .UNSPECIFIED.);
#113=B_SPLINE_CURVE_WITH_KNOTS('',3,(#15328,#15329,#15330,#15331,#15332,
#15333,#15334,#15335,#15336,#15337,#15338,#15339,#15340,#15341,#15342,#15343,
#15344,#15345,#15346,#15347,#15348,#15349),.UNSPECIFIED.,.F.,.F.,(4,2,2,
2,2,2,2,2,2,2,4),(0.223733077606268,0.293060090818435,0.362387104030603,
0.409337388289439,0.432812530418856,0.456287672548274,0.48264676690759,
0.509005861266906,0.561724049985537,0.625444809741378,0.689165569497219),
 .UNSPECIFIED.);
#114=B_SPLINE_CURVE_WITH_KNOTS('',3,(#15353,#15354,#15355,#15356,#15357,
#15358,#15359,#15360,#15361,#15362,#15363,#15364,#15365,#15366,#15367,#15368,
#15369,#15370,#15371),.UNSPECIFIED.,.F.,.F.,(4,2,2,2,3,2,2,2,4),(0.689260237711392,
0.754835344291397,0.820410450871402,0.866701883094531,0.91299331531766,
0.963680834554267,1.01436835379087,1.07559470746449,1.1368210611381),
 .UNSPECIFIED.);
#115=B_SPLINE_CURVE_WITH_KNOTS('',3,(#15372,#15373,#15374,#15375,#15376,
#15377,#15378,#15379,#15380,#15381,#15382,#15383,#15384,#15385,#15386,#15387,
#15388,#15389,#15390,#15391,#15392,#15393),.UNSPECIFIED.,.F.,.F.,(4,2,2,
2,2,2,2,2,2,2,4),(0.223827745820441,0.287548505576282,0.351269265332123,
0.403987454050754,0.43034654841007,0.456705642769386,0.480180784898804,
0.503655927028221,0.550606211287057,0.619933224499225,0.689260237711392),
 .UNSPECIFIED.);
#116=B_SPLINE_CURVE_WITH_KNOTS('',3,(#15397,#15398,#15399,#15400,#15401,
#15402,#15403,#15404,#15405,#15406,#15407,#15408,#15409,#15410,#15411,#15412,
#15413,#15414,#15415),.UNSPECIFIED.,.F.,.F.,(4,2,2,2,3,2,2,2,4),(0.608281805886573,
0.661704735060005,0.715127664233437,0.764196025449449,0.81326438666546,
0.860158868975586,0.907053351285713,0.962631229283885,1.01820910728206),
 .UNSPECIFIED.);
#117=B_SPLINE_CURVE_WITH_KNOTS('',3,(#15416,#15417,#15418,#15419,#15420,
#15421,#15422,#15423,#15424,#15425,#15426,#15427,#15428,#15429,#15430,#15431,
#15432,#15433),.UNSPECIFIED.,.F.,.F.,(4,2,2,2,2,2,2,2,4),(0.204944720616597,
0.259074783377343,0.313204846138089,0.359905704210853,0.406606562283617,
0.454983922487414,0.503361282691211,0.555821544288892,0.608281805886574),
 .UNSPECIFIED.);
#118=B_SPLINE_CURVE_WITH_KNOTS('',3,(#15437,#15438,#15439,#15440,#15441,
#15442,#15443,#15444,#15445,#15446,#15447,#15448,#15449,#15450,#15451,#15452,
#15453,#15454,#15455),.UNSPECIFIED.,.F.,.F.,(4,2,2,2,3,2,2,2,4),(0.608319666048864,
0.663897544047036,0.719475422045209,0.766369904355335,0.813264386665461,
0.862332747881472,0.911401109097483,0.964824038270915,1.01824696744435),
 .UNSPECIFIED.);
#119=B_SPLINE_CURVE_WITH_KNOTS('',3,(#15456,#15457,#15458,#15459,#15460,
#15461,#15462,#15463,#15464,#15465,#15466,#15467,#15468,#15469,#15470,#15471,
#15472,#15473),.UNSPECIFIED.,.F.,.F.,(4,2,2,2,2,2,2,2,4),(0.204982580778886,
0.257442842376568,0.309903103974249,0.358280464178046,0.406657824381843,
0.453358682454608,0.500059540527372,0.554189603288118,0.608319666048864),
 .UNSPECIFIED.);
#120=B_SPLINE_CURVE_WITH_KNOTS('',3,(#15482,#15483,#15484,#15485,#15486,
#15487,#15488,#15489,#15490,#15491,#15492,#15493),.UNSPECIFIED.,.F.,.F.,
(4,2,2,2,2,4),(-2.40382135615754,-2.34111347540729,-2.27840559465704,-2.15298983315653,
-1.96220418723984,-1.77141854132315),.UNSPECIFIED.);
#121=B_SPLINE_CURVE_WITH_KNOTS('',3,(#15497,#15498,#15499,#15500,#15501,
#15502,#15503,#15504,#15505,#15506),.UNSPECIFIED.,.F.,.F.,(4,2,2,2,4),(-1.60267143572089,
-1.45456009830719,-1.3064487608935,-1.18368728985297,-1.06092581881244),
 .UNSPECIFIED.);
#122=B_SPLINE_CURVE_WITH_KNOTS('',3,(#15510,#15511,#15512,#15513,#15514,
#15515,#15516,#15517,#15518,#15519),.UNSPECIFIED.,.F.,.F.,(4,2,2,2,4),(-1.06071720272342,
-0.937955731682892,-0.815194260642364,-0.667082923228677,-0.51897158581499),
 .UNSPECIFIED.);
#123=B_SPLINE_CURVE_WITH_KNOTS('',3,(#15523,#15524,#15525,#15526,#15527,
#15528,#15529,#15530,#15531,#15532,#15533,#15534),.UNSPECIFIED.,.F.,.F.,
(4,2,2,2,2,4),(-0.632402814834401,-0.441617168917705,-0.250831523001008,
-0.125415761500501,-0.0627078807502481,5.32907051820075E-15),
 .UNSPECIFIED.);
#124=B_SPLINE_CURVE_WITH_KNOTS('',3,(#15539,#15540,#15541,#15542,#15543,
#15544,#15545,#15546,#15547,#15548,#15549,#15550,#15551,#15552,#15553,#15554,
#15555,#15556,#15557),.UNSPECIFIED.,.F.,.F.,(4,2,2,2,3,2,2,2,4),(0.689260237711403,
0.754835344291405,0.820410450871406,0.866701883094533,0.91299331531766,
0.963680834554265,1.01436835379087,1.07559470746448,1.13682106113809),
 .UNSPECIFIED.);
#125=B_SPLINE_CURVE_WITH_KNOTS('',3,(#15558,#15559,#15560,#15561,#15562,
#15563,#15564,#15565,#15566,#15567,#15568,#15569,#15570,#15571,#15572,#15573,
#15574,#15575,#15576,#15577,#15578,#15579),.UNSPECIFIED.,.F.,.F.,(4,2,2,
2,2,2,2,2,2,2,4),(0.223827745820431,0.287548505576275,0.351269265332118,
0.403987454050752,0.430346548410069,0.456705642769386,0.480180784898805,
0.503655927028223,0.550606211287061,0.619933224499232,0.689260237711403),
 .UNSPECIFIED.);
#126=B_SPLINE_CURVE_WITH_KNOTS('',3,(#15583,#15584,#15585,#15586,#15587,
#15588,#15589,#15590,#15591,#15592,#15593,#15594,#15595,#15596,#15597,#15598,
#15599,#15600,#15601),.UNSPECIFIED.,.F.,.F.,(4,2,2,2,3,2,2,2,4),(0.689165569497229,
0.75039192317084,0.811618276844451,0.862305796081056,0.91299331531766,0.959284747540787,
1.00557617976391,1.07115128634392,1.13672639292392),.UNSPECIFIED.);
#127=B_SPLINE_CURVE_WITH_KNOTS('',3,(#15602,#15603,#15604,#15605,#15606,
#15607,#15608,#15609,#15610,#15611,#15612,#15613,#15614,#15615,#15616,#15617,
#15618,#15619,#15620,#15621,#15622,#15623),.UNSPECIFIED.,.F.,.F.,(4,2,2,
2,2,2,2,2,2,2,4),(0.223733077606258,0.293060090818428,0.362387104030599,
0.409337388289437,0.432812530418855,0.456287672548274,0.482646766907591,
0.509005861266908,0.561724049985542,0.625444809741385,0.689165569497229),
 .UNSPECIFIED.);
#128=B_SPLINE_CURVE_WITH_KNOTS('',3,(#15627,#15628,#15629,#15630,#15631,
#15632,#15633,#15634,#15635,#15636,#15637,#15638,#15639,#15640,#15641,#15642,
#15643,#15644,#15645),.UNSPECIFIED.,.F.,.F.,(4,2,2,2,3,2,2,2,4),(0.608319666048875,
0.663897544047045,0.719475422045214,0.766369904355338,0.813264386665461,
0.86233274788147,0.911401109097479,0.964824038270908,1.01824696744434),
 .UNSPECIFIED.);
#129=B_SPLINE_CURVE_WITH_KNOTS('',3,(#15646,#15647,#15648,#15649,#15650,
#15651,#15652,#15653,#15654,#15655,#15656,#15657,#15658,#15659,#15660,#15661,
#15662,#15663),.UNSPECIFIED.,.F.,.F.,(4,2,2,2,2,2,2,2,4),(0.204982580778876,
0.25744284237656,0.309903103974244,0.358280464178044,0.406657824381843,
0.45335868245461,0.500059540527377,0.554189603288126,0.608319666048875),
 .UNSPECIFIED.);
#130=B_SPLINE_CURVE_WITH_KNOTS('',3,(#15667,#15668,#15669,#15670,#15671,
#15672,#15673,#15674,#15675,#15676,#15677,#15678,#15679,#15680,#15681,#15682,
#15683,#15684,#15685),.UNSPECIFIED.,.F.,.F.,(4,2,2,2,3,2,2,2,4),(0.608281805886585,
0.661704735060014,0.715127664233443,0.764196025449452,0.813264386665461,
0.860158868975584,0.907053351285708,0.962631229283877,1.01820910728205),
 .UNSPECIFIED.);
#131=B_SPLINE_CURVE_WITH_KNOTS('',3,(#15686,#15687,#15688,#15689,#15690,
#15691,#15692,#15693,#15694,#15695,#15696,#15697,#15698,#15699,#15700,#15701,
#15702,#15703),.UNSPECIFIED.,.F.,.F.,(4,2,2,2,2,2,2,2,4),(0.204944720616586,
0.259074783377335,0.313204846138084,0.359905704210851,0.406606562283617,
0.454983922487417,0.503361282691217,0.555821544288901,0.608281805886585),
 .UNSPECIFIED.);
#132=B_SPLINE_CURVE_WITH_KNOTS('',3,(#15708,#15709,#15710,#15711,#15712,
#15713,#15714,#15715,#15716,#15717,#15718,#15719),.UNSPECIFIED.,.F.,.F.,
(4,2,2,2,2,4),(-0.632402814834406,-0.441617168917708,-0.250831523001009,
-0.125415761500502,-0.0627078807502477,6.21724893790088E-15),
 .UNSPECIFIED.);
#133=B_SPLINE_CURVE_WITH_KNOTS('',3,(#15723,#15724,#15725,#15726,#15727,
#15728,#15729,#15730,#15731,#15732,#15733,#15734),.UNSPECIFIED.,.F.,.F.,
(4,2,2,2,2,4),(-2.40382135615754,-2.34111347540729,-2.27840559465703,-2.15298983315652,
-1.96220418723982,-1.77141854132312),.UNSPECIFIED.);
#134=B_SPLINE_CURVE_WITH_KNOTS('',3,(#15738,#15739,#15740,#15741,#15742,
#15743,#15744,#15745,#15746,#15747),.UNSPECIFIED.,.F.,.F.,(4,2,2,2,4),(-1.60267143572085,
-1.45456009830717,-1.30644876089349,-1.18368728985297,-1.06092581881244),
 .UNSPECIFIED.);
#135=B_SPLINE_CURVE_WITH_KNOTS('',3,(#15751,#15752,#15753,#15754,#15755,
#15756,#15757,#15758,#15759,#15760),.UNSPECIFIED.,.F.,.F.,(4,2,2,2,4),(-1.06071720272343,
-0.937955731682908,-0.815194260642381,-0.667082923228695,-0.518971585815008),
 .UNSPECIFIED.);
#136=PLANE('',#11799);
#137=PLANE('',#11801);
#138=PLANE('',#11809);
#139=PLANE('',#11812);
#140=PLANE('',#11831);
#141=PLANE('',#11833);
#142=PLANE('',#11835);
#143=PLANE('',#11838);
#144=PLANE('',#11845);
#145=PLANE('',#11846);
#146=PLANE('',#11847);
#147=PLANE('',#11848);
#148=PLANE('',#11855);
#149=PLANE('',#11868);
#150=PLANE('',#11883);
#151=PLANE('',#11884);
#152=PLANE('',#11887);
#153=PLANE('',#11888);
#154=PLANE('',#11891);
#155=PLANE('',#11892);
#156=PLANE('',#11895);
#157=PLANE('',#11896);
#158=PLANE('',#11914);
#159=PLANE('',#11915);
#160=PLANE('',#11916);
#161=PLANE('',#11917);
#162=PLANE('',#11918);
#163=PLANE('',#11919);
#164=PLANE('',#11920);
#165=PLANE('',#11925);
#166=PLANE('',#11930);
#167=PLANE('',#11931);
#168=PLANE('',#11932);
#169=PLANE('',#11933);
#170=PLANE('',#11938);
#171=PLANE('',#11939);
#172=PLANE('',#11940);
#173=PLANE('',#11941);
#174=PLANE('',#11942);
#175=PLANE('',#11943);
#176=PLANE('',#11944);
#177=PLANE('',#11945);
#178=PLANE('',#11946);
#179=PLANE('',#11947);
#180=PLANE('',#11948);
#181=PLANE('',#11949);
#182=PLANE('',#11950);
#183=PLANE('',#11951);
#184=PLANE('',#11952);
#185=PLANE('',#11953);
#186=PLANE('',#11954);
#187=PLANE('',#11955);
#188=PLANE('',#11956);
#189=PLANE('',#11957);
#190=PLANE('',#11958);
#191=PLANE('',#11959);
#192=PLANE('',#11960);
#193=PLANE('',#11961);
#194=PLANE('',#11962);
#195=PLANE('',#11963);
#196=PLANE('',#11964);
#197=PLANE('',#11965);
#198=PLANE('',#11966);
#199=PLANE('',#11967);
#200=PLANE('',#11968);
#201=PLANE('',#11969);
#202=PLANE('',#11970);
#203=PLANE('',#11971);
#204=PLANE('',#11972);
#205=PLANE('',#11973);
#206=PLANE('',#11974);
#207=PLANE('',#11975);
#208=PLANE('',#11976);
#209=PLANE('',#11977);
#210=PLANE('',#11978);
#211=PLANE('',#11979);
#212=PLANE('',#11980);
#213=PLANE('',#11981);
#214=PLANE('',#11982);
#215=PLANE('',#11983);
#216=PLANE('',#11984);
#217=PLANE('',#11985);
#218=PLANE('',#11986);
#219=PLANE('',#11987);
#220=PLANE('',#11988);
#221=PLANE('',#11989);
#222=PLANE('',#11990);
#223=PLANE('',#11991);
#224=PLANE('',#11992);
#225=PLANE('',#11993);
#226=PLANE('',#11994);
#227=PLANE('',#11995);
#228=PLANE('',#11996);
#229=PLANE('',#11997);
#230=PLANE('',#11998);
#231=PLANE('',#11999);
#232=PLANE('',#12000);
#233=PLANE('',#12001);
#234=PLANE('',#12002);
#235=PLANE('',#12003);
#236=PLANE('',#12004);
#237=PLANE('',#12005);
#238=PLANE('',#12006);
#239=PLANE('',#12007);
#240=PLANE('',#12008);
#241=PLANE('',#12009);
#242=PLANE('',#12010);
#243=PLANE('',#12011);
#244=PLANE('',#12012);
#245=PLANE('',#12013);
#246=PLANE('',#12014);
#247=PLANE('',#12015);
#248=PLANE('',#12016);
#249=PLANE('',#12017);
#250=PLANE('',#12018);
#251=PLANE('',#12019);
#252=PLANE('',#12020);
#253=PLANE('',#12021);
#254=PLANE('',#12022);
#255=PLANE('',#12023);
#256=PLANE('',#12024);
#257=PLANE('',#12025);
#258=PLANE('',#12026);
#259=PLANE('',#12027);
#260=PLANE('',#12028);
#261=PLANE('',#12029);
#262=PLANE('',#12030);
#263=PLANE('',#12031);
#264=PLANE('',#12032);
#265=PLANE('',#12033);
#266=PLANE('',#12034);
#267=PLANE('',#12035);
#268=PLANE('',#12036);
#269=PLANE('',#12037);
#270=PLANE('',#12038);
#271=PLANE('',#12039);
#272=PLANE('',#12040);
#273=PLANE('',#12041);
#274=PLANE('',#12042);
#275=PLANE('',#12043);
#276=PLANE('',#12044);
#277=PLANE('',#12045);
#278=PLANE('',#12046);
#279=PLANE('',#12047);
#280=PLANE('',#12048);
#281=PLANE('',#12049);
#282=PLANE('',#12050);
#283=PLANE('',#12051);
#284=PLANE('',#12052);
#285=PLANE('',#12053);
#286=PLANE('',#12054);
#287=PLANE('',#12055);
#288=PLANE('',#12056);
#289=PLANE('',#12057);
#290=PLANE('',#12058);
#291=PLANE('',#12059);
#292=PLANE('',#12060);
#293=PLANE('',#12061);
#294=PLANE('',#12062);
#295=PLANE('',#12063);
#296=PLANE('',#12064);
#297=PLANE('',#12065);
#298=PLANE('',#12066);
#299=PLANE('',#12067);
#300=PLANE('',#12068);
#301=PLANE('',#12069);
#302=PLANE('',#12070);
#303=PLANE('',#12071);
#304=PLANE('',#12072);
#305=PLANE('',#12073);
#306=PLANE('',#12074);
#307=PLANE('',#12075);
#308=PLANE('',#12076);
#309=PLANE('',#12077);
#310=PLANE('',#12078);
#311=PLANE('',#12079);
#312=PLANE('',#12080);
#313=PLANE('',#12081);
#314=PLANE('',#12082);
#315=PLANE('',#12083);
#316=PLANE('',#12084);
#317=PLANE('',#12085);
#318=PLANE('',#12086);
#319=PLANE('',#12087);
#320=PLANE('',#12088);
#321=PLANE('',#12089);
#322=PLANE('',#12090);
#323=PLANE('',#12091);
#324=PLANE('',#12092);
#325=PLANE('',#12093);
#326=PLANE('',#12094);
#327=PLANE('',#12095);
#328=PLANE('',#12096);
#329=PLANE('',#12097);
#330=PLANE('',#12098);
#331=PLANE('',#12099);
#332=PLANE('',#12100);
#333=PLANE('',#12101);
#334=PLANE('',#12102);
#335=PLANE('',#12103);
#336=PLANE('',#12104);
#337=PLANE('',#12105);
#338=PLANE('',#12106);
#339=PLANE('',#12107);
#340=PLANE('',#12108);
#341=PLANE('',#12109);
#342=PLANE('',#12110);
#343=PLANE('',#12111);
#344=PLANE('',#12112);
#345=PLANE('',#12113);
#346=PLANE('',#12114);
#347=PLANE('',#12115);
#348=PLANE('',#12116);
#349=PLANE('',#12117);
#350=PLANE('',#12118);
#351=PLANE('',#12119);
#352=PLANE('',#12120);
#353=PLANE('',#12121);
#354=PLANE('',#12122);
#355=PLANE('',#12123);
#356=PLANE('',#12124);
#357=PLANE('',#12125);
#358=PLANE('',#12126);
#359=PLANE('',#12127);
#360=PLANE('',#12128);
#361=PLANE('',#12129);
#362=PLANE('',#12130);
#363=PLANE('',#12131);
#364=PLANE('',#12132);
#365=PLANE('',#12133);
#366=PLANE('',#12134);
#367=PLANE('',#12135);
#368=PLANE('',#12136);
#369=PLANE('',#12137);
#370=PLANE('',#12138);
#371=PLANE('',#12139);
#372=PLANE('',#12140);
#373=PLANE('',#12141);
#374=PLANE('',#12142);
#375=PLANE('',#12143);
#376=PLANE('',#12144);
#377=PLANE('',#12145);
#378=PLANE('',#12146);
#379=PLANE('',#12147);
#380=PLANE('',#12148);
#381=PLANE('',#12149);
#382=PLANE('',#12150);
#383=PLANE('',#12151);
#384=PLANE('',#12152);
#385=PLANE('',#12153);
#386=PLANE('',#12154);
#387=PLANE('',#12155);
#388=PLANE('',#12156);
#389=PLANE('',#12157);
#390=PLANE('',#12158);
#391=PLANE('',#12159);
#392=PLANE('',#12160);
#393=PLANE('',#12161);
#394=PLANE('',#12162);
#395=PLANE('',#12163);
#396=PLANE('',#12164);
#397=PLANE('',#12165);
#398=PLANE('',#12166);
#399=PLANE('',#12167);
#400=PLANE('',#12168);
#401=PLANE('',#12169);
#402=PLANE('',#12170);
#403=PLANE('',#12171);
#404=PLANE('',#12172);
#405=PLANE('',#12173);
#406=PLANE('',#12174);
#407=PLANE('',#12175);
#408=PLANE('',#12176);
#409=PLANE('',#12177);
#410=PLANE('',#12178);
#411=PLANE('',#12179);
#412=PLANE('',#12180);
#413=PLANE('',#12181);
#414=PLANE('',#12182);
#415=PLANE('',#12183);
#416=PLANE('',#12184);
#417=PLANE('',#12185);
#418=PLANE('',#12186);
#419=PLANE('',#12187);
#420=PLANE('',#12188);
#421=PLANE('',#12189);
#422=PLANE('',#12190);
#423=PLANE('',#12191);
#424=PLANE('',#12192);
#425=PLANE('',#12193);
#426=PLANE('',#12194);
#427=PLANE('',#12195);
#428=PLANE('',#12196);
#429=PLANE('',#12197);
#430=PLANE('',#12198);
#431=PLANE('',#12199);
#432=PLANE('',#12200);
#433=PLANE('',#12201);
#434=PLANE('',#12202);
#435=PLANE('',#12203);
#436=PLANE('',#12204);
#437=PLANE('',#12205);
#438=PLANE('',#12206);
#439=PLANE('',#12207);
#440=PLANE('',#12208);
#441=PLANE('',#12209);
#442=PLANE('',#12210);
#443=PLANE('',#12211);
#444=PLANE('',#12212);
#445=PLANE('',#12213);
#446=PLANE('',#12214);
#447=PLANE('',#12215);
#448=PLANE('',#12216);
#449=PLANE('',#12217);
#450=PLANE('',#12218);
#451=PLANE('',#12219);
#452=PLANE('',#12220);
#453=PLANE('',#12221);
#454=PLANE('',#12222);
#455=PLANE('',#12223);
#456=PLANE('',#12224);
#457=PLANE('',#12225);
#458=PLANE('',#12226);
#459=PLANE('',#12227);
#460=PLANE('',#12228);
#461=PLANE('',#12229);
#462=PLANE('',#12230);
#463=PLANE('',#12231);
#464=PLANE('',#12232);
#465=PLANE('',#12233);
#466=PLANE('',#12234);
#467=PLANE('',#12235);
#468=PLANE('',#12236);
#469=PLANE('',#12237);
#470=PLANE('',#12238);
#471=PLANE('',#12239);
#472=PLANE('',#12240);
#473=PLANE('',#12241);
#474=PLANE('',#12242);
#475=PLANE('',#12243);
#476=PLANE('',#12244);
#477=PLANE('',#12245);
#478=PLANE('',#12246);
#479=PLANE('',#12247);
#480=PLANE('',#12248);
#481=PLANE('',#12249);
#482=PLANE('',#12250);
#483=PLANE('',#12251);
#484=PLANE('',#12252);
#485=PLANE('',#12253);
#486=PLANE('',#12254);
#487=PLANE('',#12255);
#488=PLANE('',#12256);
#489=PLANE('',#12257);
#490=PLANE('',#12258);
#491=PLANE('',#12259);
#492=PLANE('',#12260);
#493=PLANE('',#12261);
#494=PLANE('',#12262);
#495=PLANE('',#12263);
#496=PLANE('',#12264);
#497=PLANE('',#12265);
#498=PLANE('',#12266);
#499=PLANE('',#12267);
#500=PLANE('',#12268);
#501=PLANE('',#12269);
#502=PLANE('',#12270);
#503=PLANE('',#12271);
#504=PLANE('',#12272);
#505=PLANE('',#12273);
#506=PLANE('',#12274);
#507=PLANE('',#12275);
#508=PLANE('',#12276);
#509=PLANE('',#12277);
#510=PLANE('',#12278);
#511=PLANE('',#12279);
#512=PLANE('',#12280);
#513=PLANE('',#12281);
#514=PLANE('',#12282);
#515=PLANE('',#12283);
#516=PLANE('',#12284);
#517=PLANE('',#12285);
#518=PLANE('',#12286);
#519=PLANE('',#12287);
#520=PLANE('',#12288);
#521=PLANE('',#12289);
#522=PLANE('',#12290);
#523=PLANE('',#12291);
#524=PLANE('',#12292);
#525=PLANE('',#12293);
#526=PLANE('',#12294);
#527=PLANE('',#12295);
#528=PLANE('',#12296);
#529=PLANE('',#12297);
#530=PLANE('',#12298);
#531=PLANE('',#12299);
#532=PLANE('',#12300);
#533=PLANE('',#12301);
#534=PLANE('',#12302);
#535=PLANE('',#12303);
#536=PLANE('',#12304);
#537=PLANE('',#12305);
#538=PLANE('',#12306);
#539=PLANE('',#12307);
#540=PLANE('',#12308);
#541=PLANE('',#12309);
#542=PLANE('',#12310);
#543=PLANE('',#12311);
#544=PLANE('',#12312);
#545=PLANE('',#12313);
#546=PLANE('',#12314);
#547=PLANE('',#12315);
#548=PLANE('',#12316);
#549=PLANE('',#12317);
#550=PLANE('',#12318);
#551=PLANE('',#12319);
#552=PLANE('',#12320);
#553=PLANE('',#12321);
#554=PLANE('',#12322);
#555=PLANE('',#12323);
#556=PLANE('',#12324);
#557=PLANE('',#12325);
#558=PLANE('',#12326);
#559=PLANE('',#12327);
#560=PLANE('',#12328);
#561=PLANE('',#12329);
#562=PLANE('',#12330);
#563=PLANE('',#12331);
#564=PLANE('',#12332);
#565=PLANE('',#12333);
#566=PLANE('',#12334);
#567=PLANE('',#12335);
#568=PLANE('',#12336);
#569=PLANE('',#12337);
#570=PLANE('',#12338);
#571=PLANE('',#12339);
#572=PLANE('',#12340);
#573=PLANE('',#12341);
#574=PLANE('',#12342);
#575=PLANE('',#12343);
#576=PLANE('',#12344);
#577=PLANE('',#12345);
#578=PLANE('',#12346);
#579=PLANE('',#12347);
#580=PLANE('',#12348);
#581=PLANE('',#12349);
#582=PLANE('',#12350);
#583=PLANE('',#12351);
#584=PLANE('',#12352);
#585=PLANE('',#12353);
#586=PLANE('',#12354);
#587=PLANE('',#12355);
#588=PLANE('',#12356);
#589=PLANE('',#12357);
#590=PLANE('',#12358);
#591=PLANE('',#12359);
#592=PLANE('',#12360);
#593=PLANE('',#12361);
#594=PLANE('',#12362);
#595=PLANE('',#12363);
#596=PLANE('',#12364);
#597=PLANE('',#12365);
#598=PLANE('',#12366);
#599=PLANE('',#12367);
#600=PLANE('',#12368);
#601=PLANE('',#12369);
#602=PLANE('',#12370);
#603=PLANE('',#12371);
#604=PLANE('',#12372);
#605=PLANE('',#12373);
#606=PLANE('',#12374);
#607=PLANE('',#12375);
#608=PLANE('',#12376);
#609=PLANE('',#12377);
#610=PLANE('',#12378);
#611=PLANE('',#12379);
#612=PLANE('',#12380);
#613=PLANE('',#12381);
#614=PLANE('',#12382);
#615=PLANE('',#12383);
#616=PLANE('',#12384);
#617=PLANE('',#12385);
#618=PLANE('',#12386);
#619=PLANE('',#12387);
#620=PLANE('',#12388);
#621=PLANE('',#12389);
#622=PLANE('',#12390);
#623=PLANE('',#12391);
#624=PLANE('',#12392);
#625=PLANE('',#12393);
#626=PLANE('',#12394);
#627=PLANE('',#12395);
#628=PLANE('',#12396);
#629=PLANE('',#12397);
#630=PLANE('',#12398);
#631=PLANE('',#12399);
#632=PLANE('',#12400);
#633=PLANE('',#12401);
#634=PLANE('',#12402);
#635=PLANE('',#12403);
#636=PLANE('',#12404);
#637=PLANE('',#12405);
#638=PLANE('',#12406);
#639=PLANE('',#12407);
#640=PLANE('',#12408);
#641=PLANE('',#12409);
#642=PLANE('',#12410);
#643=PLANE('',#12411);
#644=PLANE('',#12412);
#645=PLANE('',#12413);
#646=PLANE('',#12414);
#647=PLANE('',#12415);
#648=PLANE('',#12416);
#649=PLANE('',#12417);
#650=PLANE('',#12418);
#651=PLANE('',#12419);
#652=PLANE('',#12420);
#653=PLANE('',#12421);
#654=PLANE('',#12422);
#655=PLANE('',#12423);
#656=PLANE('',#12424);
#657=PLANE('',#12425);
#658=PLANE('',#12426);
#659=PLANE('',#12427);
#660=PLANE('',#12428);
#661=PLANE('',#12429);
#662=PLANE('',#12430);
#663=PLANE('',#12431);
#664=PLANE('',#12432);
#665=PLANE('',#12433);
#666=PLANE('',#12434);
#667=PLANE('',#12435);
#668=PLANE('',#12436);
#669=PLANE('',#12437);
#670=PLANE('',#12438);
#671=PLANE('',#12439);
#672=PLANE('',#12440);
#673=PLANE('',#12441);
#674=PLANE('',#12444);
#675=PLANE('',#12449);
#676=PLANE('',#12454);
#677=PLANE('',#12459);
#678=PLANE('',#12460);
#679=PLANE('',#12461);
#680=PLANE('',#12462);
#681=FACE_OUTER_BOUND('',#1286,.T.);
#682=FACE_OUTER_BOUND('',#1287,.T.);
#683=FACE_OUTER_BOUND('',#1288,.T.);
#684=FACE_OUTER_BOUND('',#1289,.T.);
#685=FACE_OUTER_BOUND('',#1290,.T.);
#686=FACE_OUTER_BOUND('',#1291,.T.);
#687=FACE_OUTER_BOUND('',#1292,.T.);
#688=FACE_OUTER_BOUND('',#1293,.T.);
#689=FACE_OUTER_BOUND('',#1294,.T.);
#690=FACE_OUTER_BOUND('',#1295,.T.);
#691=FACE_OUTER_BOUND('',#1296,.T.);
#692=FACE_OUTER_BOUND('',#1297,.T.);
#693=FACE_OUTER_BOUND('',#1298,.T.);
#694=FACE_OUTER_BOUND('',#1300,.T.);
#695=FACE_OUTER_BOUND('',#1301,.T.);
#696=FACE_OUTER_BOUND('',#1302,.T.);
#697=FACE_OUTER_BOUND('',#1303,.T.);
#698=FACE_OUTER_BOUND('',#1304,.T.);
#699=FACE_OUTER_BOUND('',#1306,.T.);
#700=FACE_OUTER_BOUND('',#1307,.T.);
#701=FACE_OUTER_BOUND('',#1308,.T.);
#702=FACE_OUTER_BOUND('',#1309,.T.);
#703=FACE_OUTER_BOUND('',#1310,.T.);
#704=FACE_OUTER_BOUND('',#1311,.T.);
#705=FACE_OUTER_BOUND('',#1312,.T.);
#706=FACE_OUTER_BOUND('',#1313,.T.);
#707=FACE_OUTER_BOUND('',#1314,.T.);
#708=FACE_OUTER_BOUND('',#1315,.T.);
#709=FACE_OUTER_BOUND('',#1316,.T.);
#710=FACE_OUTER_BOUND('',#1317,.T.);
#711=FACE_OUTER_BOUND('',#1318,.T.);
#712=FACE_OUTER_BOUND('',#1319,.T.);
#713=FACE_OUTER_BOUND('',#1320,.T.);
#714=FACE_OUTER_BOUND('',#1321,.T.);
#715=FACE_OUTER_BOUND('',#1322,.T.);
#716=FACE_OUTER_BOUND('',#1323,.T.);
#717=FACE_OUTER_BOUND('',#1324,.T.);
#718=FACE_OUTER_BOUND('',#1325,.T.);
#719=FACE_OUTER_BOUND('',#1326,.T.);
#720=FACE_OUTER_BOUND('',#1331,.T.);
#721=FACE_OUTER_BOUND('',#1336,.T.);
#722=FACE_OUTER_BOUND('',#1337,.T.);
#723=FACE_OUTER_BOUND('',#1338,.T.);
#724=FACE_OUTER_BOUND('',#1339,.T.);
#725=FACE_OUTER_BOUND('',#1340,.T.);
#726=FACE_OUTER_BOUND('',#1341,.T.);
#727=FACE_OUTER_BOUND('',#1342,.T.);
#728=FACE_OUTER_BOUND('',#1343,.T.);
#729=FACE_OUTER_BOUND('',#1344,.T.);
#730=FACE_OUTER_BOUND('',#1345,.T.);
#731=FACE_OUTER_BOUND('',#1346,.T.);
#732=FACE_OUTER_BOUND('',#1347,.T.);
#733=FACE_OUTER_BOUND('',#1348,.T.);
#734=FACE_OUTER_BOUND('',#1349,.T.);
#735=FACE_OUTER_BOUND('',#1350,.T.);
#736=FACE_OUTER_BOUND('',#1351,.T.);
#737=FACE_OUTER_BOUND('',#1352,.T.);
#738=FACE_OUTER_BOUND('',#1353,.T.);
#739=FACE_OUTER_BOUND('',#1354,.T.);
#740=FACE_OUTER_BOUND('',#1355,.T.);
#741=FACE_OUTER_BOUND('',#1356,.T.);
#742=FACE_OUTER_BOUND('',#1357,.T.);
#743=FACE_OUTER_BOUND('',#1358,.T.);
#744=FACE_OUTER_BOUND('',#1359,.T.);
#745=FACE_OUTER_BOUND('',#1360,.T.);
#746=FACE_OUTER_BOUND('',#1361,.T.);
#747=FACE_OUTER_BOUND('',#1362,.T.);
#748=FACE_OUTER_BOUND('',#1363,.T.);
#749=FACE_OUTER_BOUND('',#1364,.T.);
#750=FACE_OUTER_BOUND('',#1365,.T.);
#751=FACE_OUTER_BOUND('',#1366,.T.);
#752=FACE_OUTER_BOUND('',#1367,.T.);
#753=FACE_OUTER_BOUND('',#1368,.T.);
#754=FACE_OUTER_BOUND('',#1369,.T.);
#755=FACE_OUTER_BOUND('',#1370,.T.);
#756=FACE_OUTER_BOUND('',#1371,.T.);
#757=FACE_OUTER_BOUND('',#1372,.T.);
#758=FACE_OUTER_BOUND('',#1373,.T.);
#759=FACE_OUTER_BOUND('',#1374,.T.);
#760=FACE_OUTER_BOUND('',#1375,.T.);
#761=FACE_OUTER_BOUND('',#1376,.T.);
#762=FACE_OUTER_BOUND('',#1377,.T.);
#763=FACE_OUTER_BOUND('',#1378,.T.);
#764=FACE_OUTER_BOUND('',#1379,.T.);
#765=FACE_OUTER_BOUND('',#1380,.T.);
#766=FACE_OUTER_BOUND('',#1381,.T.);
#767=FACE_OUTER_BOUND('',#1382,.T.);
#768=FACE_OUTER_BOUND('',#1383,.T.);
#769=FACE_OUTER_BOUND('',#1384,.T.);
#770=FACE_OUTER_BOUND('',#1386,.T.);
#771=FACE_OUTER_BOUND('',#1387,.T.);
#772=FACE_OUTER_BOUND('',#1388,.T.);
#773=FACE_OUTER_BOUND('',#1389,.T.);
#774=FACE_OUTER_BOUND('',#1390,.T.);
#775=FACE_OUTER_BOUND('',#1391,.T.);
#776=FACE_OUTER_BOUND('',#1392,.T.);
#777=FACE_OUTER_BOUND('',#1393,.T.);
#778=FACE_OUTER_BOUND('',#1394,.T.);
#779=FACE_OUTER_BOUND('',#1395,.T.);
#780=FACE_OUTER_BOUND('',#1396,.T.);
#781=FACE_OUTER_BOUND('',#1397,.T.);
#782=FACE_OUTER_BOUND('',#1398,.T.);
#783=FACE_OUTER_BOUND('',#1399,.T.);
#784=FACE_OUTER_BOUND('',#1400,.T.);
#785=FACE_OUTER_BOUND('',#1402,.T.);
#786=FACE_OUTER_BOUND('',#1404,.T.);
#787=FACE_OUTER_BOUND('',#1405,.T.);
#788=FACE_OUTER_BOUND('',#1406,.T.);
#789=FACE_OUTER_BOUND('',#1407,.T.);
#790=FACE_OUTER_BOUND('',#1408,.T.);
#791=FACE_OUTER_BOUND('',#1409,.T.);
#792=FACE_OUTER_BOUND('',#1410,.T.);
#793=FACE_OUTER_BOUND('',#1411,.T.);
#794=FACE_OUTER_BOUND('',#1412,.T.);
#795=FACE_OUTER_BOUND('',#1413,.T.);
#796=FACE_OUTER_BOUND('',#1414,.T.);
#797=FACE_OUTER_BOUND('',#1415,.T.);
#798=FACE_OUTER_BOUND('',#1416,.T.);
#799=FACE_OUTER_BOUND('',#1417,.T.);
#800=FACE_OUTER_BOUND('',#1418,.T.);
#801=FACE_OUTER_BOUND('',#1419,.T.);
#802=FACE_OUTER_BOUND('',#1420,.T.);
#803=FACE_OUTER_BOUND('',#1421,.T.);
#804=FACE_OUTER_BOUND('',#1423,.T.);
#805=FACE_OUTER_BOUND('',#1426,.T.);
#806=FACE_OUTER_BOUND('',#1427,.T.);
#807=FACE_OUTER_BOUND('',#1428,.T.);
#808=FACE_OUTER_BOUND('',#1429,.T.);
#809=FACE_OUTER_BOUND('',#1430,.T.);
#810=FACE_OUTER_BOUND('',#1431,.T.);
#811=FACE_OUTER_BOUND('',#1432,.T.);
#812=FACE_OUTER_BOUND('',#1433,.T.);
#813=FACE_OUTER_BOUND('',#1434,.T.);
#814=FACE_OUTER_BOUND('',#1435,.T.);
#815=FACE_OUTER_BOUND('',#1436,.T.);
#816=FACE_OUTER_BOUND('',#1437,.T.);
#817=FACE_OUTER_BOUND('',#1438,.T.);
#818=FACE_OUTER_BOUND('',#1439,.T.);
#819=FACE_OUTER_BOUND('',#1440,.T.);
#820=FACE_OUTER_BOUND('',#1441,.T.);
#821=FACE_OUTER_BOUND('',#1442,.T.);
#822=FACE_OUTER_BOUND('',#1445,.T.);
#823=FACE_OUTER_BOUND('',#1446,.T.);
#824=FACE_OUTER_BOUND('',#1447,.T.);
#825=FACE_OUTER_BOUND('',#1448,.T.);
#826=FACE_OUTER_BOUND('',#1449,.T.);
#827=FACE_OUTER_BOUND('',#1450,.T.);
#828=FACE_OUTER_BOUND('',#1451,.T.);
#829=FACE_OUTER_BOUND('',#1452,.T.);
#830=FACE_OUTER_BOUND('',#1453,.T.);
#831=FACE_OUTER_BOUND('',#1454,.T.);
#832=FACE_OUTER_BOUND('',#1455,.T.);
#833=FACE_OUTER_BOUND('',#1456,.T.);
#834=FACE_OUTER_BOUND('',#1457,.T.);
#835=FACE_OUTER_BOUND('',#1459,.T.);
#836=FACE_OUTER_BOUND('',#1460,.T.);
#837=FACE_OUTER_BOUND('',#1461,.T.);
#838=FACE_OUTER_BOUND('',#1462,.T.);
#839=FACE_OUTER_BOUND('',#1463,.T.);
#840=FACE_OUTER_BOUND('',#1464,.T.);
#841=FACE_OUTER_BOUND('',#1465,.T.);
#842=FACE_OUTER_BOUND('',#1466,.T.);
#843=FACE_OUTER_BOUND('',#1467,.T.);
#844=FACE_OUTER_BOUND('',#1468,.T.);
#845=FACE_OUTER_BOUND('',#1469,.T.);
#846=FACE_OUTER_BOUND('',#1470,.T.);
#847=FACE_OUTER_BOUND('',#1471,.T.);
#848=FACE_OUTER_BOUND('',#1472,.T.);
#849=FACE_OUTER_BOUND('',#1473,.T.);
#850=FACE_OUTER_BOUND('',#1474,.T.);
#851=FACE_OUTER_BOUND('',#1475,.T.);
#852=FACE_OUTER_BOUND('',#1476,.T.);
#853=FACE_OUTER_BOUND('',#1477,.T.);
#854=FACE_OUTER_BOUND('',#1478,.T.);
#855=FACE_OUTER_BOUND('',#1479,.T.);
#856=FACE_OUTER_BOUND('',#1480,.T.);
#857=FACE_OUTER_BOUND('',#1481,.T.);
#858=FACE_OUTER_BOUND('',#1482,.T.);
#859=FACE_OUTER_BOUND('',#1484,.T.);
#860=FACE_OUTER_BOUND('',#1485,.T.);
#861=FACE_OUTER_BOUND('',#1486,.T.);
#862=FACE_OUTER_BOUND('',#1487,.T.);
#863=FACE_OUTER_BOUND('',#1488,.T.);
#864=FACE_OUTER_BOUND('',#1489,.T.);
#865=FACE_OUTER_BOUND('',#1490,.T.);
#866=FACE_OUTER_BOUND('',#1491,.T.);
#867=FACE_OUTER_BOUND('',#1492,.T.);
#868=FACE_OUTER_BOUND('',#1493,.T.);
#869=FACE_OUTER_BOUND('',#1494,.T.);
#870=FACE_OUTER_BOUND('',#1495,.T.);
#871=FACE_OUTER_BOUND('',#1496,.T.);
#872=FACE_OUTER_BOUND('',#1497,.T.);
#873=FACE_OUTER_BOUND('',#1498,.T.);
#874=FACE_OUTER_BOUND('',#1499,.T.);
#875=FACE_OUTER_BOUND('',#1500,.T.);
#876=FACE_OUTER_BOUND('',#1501,.T.);
#877=FACE_OUTER_BOUND('',#1502,.T.);
#878=FACE_OUTER_BOUND('',#1503,.T.);
#879=FACE_OUTER_BOUND('',#1504,.T.);
#880=FACE_OUTER_BOUND('',#1505,.T.);
#881=FACE_OUTER_BOUND('',#1506,.T.);
#882=FACE_OUTER_BOUND('',#1507,.T.);
#883=FACE_OUTER_BOUND('',#1508,.T.);
#884=FACE_OUTER_BOUND('',#1509,.T.);
#885=FACE_OUTER_BOUND('',#1510,.T.);
#886=FACE_OUTER_BOUND('',#1511,.T.);
#887=FACE_OUTER_BOUND('',#1512,.T.);
#888=FACE_OUTER_BOUND('',#1513,.T.);
#889=FACE_OUTER_BOUND('',#1514,.T.);
#890=FACE_OUTER_BOUND('',#1515,.T.);
#891=FACE_OUTER_BOUND('',#1516,.T.);
#892=FACE_OUTER_BOUND('',#1517,.T.);
#893=FACE_OUTER_BOUND('',#1518,.T.);
#894=FACE_OUTER_BOUND('',#1519,.T.);
#895=FACE_OUTER_BOUND('',#1520,.T.);
#896=FACE_OUTER_BOUND('',#1521,.T.);
#897=FACE_OUTER_BOUND('',#1522,.T.);
#898=FACE_OUTER_BOUND('',#1523,.T.);
#899=FACE_OUTER_BOUND('',#1524,.T.);
#900=FACE_OUTER_BOUND('',#1525,.T.);
#901=FACE_OUTER_BOUND('',#1526,.T.);
#902=FACE_OUTER_BOUND('',#1527,.T.);
#903=FACE_OUTER_BOUND('',#1528,.T.);
#904=FACE_OUTER_BOUND('',#1529,.T.);
#905=FACE_OUTER_BOUND('',#1530,.T.);
#906=FACE_OUTER_BOUND('',#1531,.T.);
#907=FACE_OUTER_BOUND('',#1532,.T.);
#908=FACE_OUTER_BOUND('',#1533,.T.);
#909=FACE_OUTER_BOUND('',#1534,.T.);
#910=FACE_OUTER_BOUND('',#1535,.T.);
#911=FACE_OUTER_BOUND('',#1536,.T.);
#912=FACE_OUTER_BOUND('',#1537,.T.);
#913=FACE_OUTER_BOUND('',#1538,.T.);
#914=FACE_OUTER_BOUND('',#1539,.T.);
#915=FACE_OUTER_BOUND('',#1540,.T.);
#916=FACE_OUTER_BOUND('',#1541,.T.);
#917=FACE_OUTER_BOUND('',#1542,.T.);
#918=FACE_OUTER_BOUND('',#1543,.T.);
#919=FACE_OUTER_BOUND('',#1544,.T.);
#920=FACE_OUTER_BOUND('',#1545,.T.);
#921=FACE_OUTER_BOUND('',#1546,.T.);
#922=FACE_OUTER_BOUND('',#1547,.T.);
#923=FACE_OUTER_BOUND('',#1548,.T.);
#924=FACE_OUTER_BOUND('',#1549,.T.);
#925=FACE_OUTER_BOUND('',#1550,.T.);
#926=FACE_OUTER_BOUND('',#1551,.T.);
#927=FACE_OUTER_BOUND('',#1552,.T.);
#928=FACE_OUTER_BOUND('',#1553,.T.);
#929=FACE_OUTER_BOUND('',#1554,.T.);
#930=FACE_OUTER_BOUND('',#1555,.T.);
#931=FACE_OUTER_BOUND('',#1556,.T.);
#932=FACE_OUTER_BOUND('',#1557,.T.);
#933=FACE_OUTER_BOUND('',#1558,.T.);
#934=FACE_OUTER_BOUND('',#1560,.T.);
#935=FACE_OUTER_BOUND('',#1561,.T.);
#936=FACE_OUTER_BOUND('',#1562,.T.);
#937=FACE_OUTER_BOUND('',#1563,.T.);
#938=FACE_OUTER_BOUND('',#1564,.T.);
#939=FACE_OUTER_BOUND('',#1565,.T.);
#940=FACE_OUTER_BOUND('',#1566,.T.);
#941=FACE_OUTER_BOUND('',#1567,.T.);
#942=FACE_OUTER_BOUND('',#1568,.T.);
#943=FACE_OUTER_BOUND('',#1569,.T.);
#944=FACE_OUTER_BOUND('',#1570,.T.);
#945=FACE_OUTER_BOUND('',#1571,.T.);
#946=FACE_OUTER_BOUND('',#1572,.T.);
#947=FACE_OUTER_BOUND('',#1573,.T.);
#948=FACE_OUTER_BOUND('',#1574,.T.);
#949=FACE_OUTER_BOUND('',#1575,.T.);
#950=FACE_OUTER_BOUND('',#1576,.T.);
#951=FACE_OUTER_BOUND('',#1577,.T.);
#952=FACE_OUTER_BOUND('',#1578,.T.);
#953=FACE_OUTER_BOUND('',#1579,.T.);
#954=FACE_OUTER_BOUND('',#1581,.T.);
#955=FACE_OUTER_BOUND('',#1582,.T.);
#956=FACE_OUTER_BOUND('',#1583,.T.);
#957=FACE_OUTER_BOUND('',#1584,.T.);
#958=FACE_OUTER_BOUND('',#1585,.T.);
#959=FACE_OUTER_BOUND('',#1586,.T.);
#960=FACE_OUTER_BOUND('',#1587,.T.);
#961=FACE_OUTER_BOUND('',#1588,.T.);
#962=FACE_OUTER_BOUND('',#1589,.T.);
#963=FACE_OUTER_BOUND('',#1590,.T.);
#964=FACE_OUTER_BOUND('',#1591,.T.);
#965=FACE_OUTER_BOUND('',#1592,.T.);
#966=FACE_OUTER_BOUND('',#1593,.T.);
#967=FACE_OUTER_BOUND('',#1594,.T.);
#968=FACE_OUTER_BOUND('',#1595,.T.);
#969=FACE_OUTER_BOUND('',#1596,.T.);
#970=FACE_OUTER_BOUND('',#1597,.T.);
#971=FACE_OUTER_BOUND('',#1598,.T.);
#972=FACE_OUTER_BOUND('',#1599,.T.);
#973=FACE_OUTER_BOUND('',#1600,.T.);
#974=FACE_OUTER_BOUND('',#1601,.T.);
#975=FACE_OUTER_BOUND('',#1602,.T.);
#976=FACE_OUTER_BOUND('',#1603,.T.);
#977=FACE_OUTER_BOUND('',#1604,.T.);
#978=FACE_OUTER_BOUND('',#1605,.T.);
#979=FACE_OUTER_BOUND('',#1606,.T.);
#980=FACE_OUTER_BOUND('',#1607,.T.);
#981=FACE_OUTER_BOUND('',#1608,.T.);
#982=FACE_OUTER_BOUND('',#1609,.T.);
#983=FACE_OUTER_BOUND('',#1611,.T.);
#984=FACE_OUTER_BOUND('',#1612,.T.);
#985=FACE_OUTER_BOUND('',#1613,.T.);
#986=FACE_OUTER_BOUND('',#1614,.T.);
#987=FACE_OUTER_BOUND('',#1615,.T.);
#988=FACE_OUTER_BOUND('',#1616,.T.);
#989=FACE_OUTER_BOUND('',#1617,.T.);
#990=FACE_OUTER_BOUND('',#1618,.T.);
#991=FACE_OUTER_BOUND('',#1619,.T.);
#992=FACE_OUTER_BOUND('',#1620,.T.);
#993=FACE_OUTER_BOUND('',#1621,.T.);
#994=FACE_OUTER_BOUND('',#1622,.T.);
#995=FACE_OUTER_BOUND('',#1623,.T.);
#996=FACE_OUTER_BOUND('',#1624,.T.);
#997=FACE_OUTER_BOUND('',#1625,.T.);
#998=FACE_OUTER_BOUND('',#1626,.T.);
#999=FACE_OUTER_BOUND('',#1627,.T.);
#1000=FACE_OUTER_BOUND('',#1628,.T.);
#1001=FACE_OUTER_BOUND('',#1629,.T.);
#1002=FACE_OUTER_BOUND('',#1630,.T.);
#1003=FACE_OUTER_BOUND('',#1631,.T.);
#1004=FACE_OUTER_BOUND('',#1632,.T.);
#1005=FACE_OUTER_BOUND('',#1633,.T.);
#1006=FACE_OUTER_BOUND('',#1634,.T.);
#1007=FACE_OUTER_BOUND('',#1636,.T.);
#1008=FACE_OUTER_BOUND('',#1637,.T.);
#1009=FACE_OUTER_BOUND('',#1638,.T.);
#1010=FACE_OUTER_BOUND('',#1639,.T.);
#1011=FACE_OUTER_BOUND('',#1640,.T.);
#1012=FACE_OUTER_BOUND('',#1641,.T.);
#1013=FACE_OUTER_BOUND('',#1642,.T.);
#1014=FACE_OUTER_BOUND('',#1643,.T.);
#1015=FACE_OUTER_BOUND('',#1644,.T.);
#1016=FACE_OUTER_BOUND('',#1645,.T.);
#1017=FACE_OUTER_BOUND('',#1646,.T.);
#1018=FACE_OUTER_BOUND('',#1647,.T.);
#1019=FACE_OUTER_BOUND('',#1648,.T.);
#1020=FACE_OUTER_BOUND('',#1649,.T.);
#1021=FACE_OUTER_BOUND('',#1650,.T.);
#1022=FACE_OUTER_BOUND('',#1651,.T.);
#1023=FACE_OUTER_BOUND('',#1652,.T.);
#1024=FACE_OUTER_BOUND('',#1653,.T.);
#1025=FACE_OUTER_BOUND('',#1654,.T.);
#1026=FACE_OUTER_BOUND('',#1655,.T.);
#1027=FACE_OUTER_BOUND('',#1656,.T.);
#1028=FACE_OUTER_BOUND('',#1657,.T.);
#1029=FACE_OUTER_BOUND('',#1658,.T.);
#1030=FACE_OUTER_BOUND('',#1659,.T.);
#1031=FACE_OUTER_BOUND('',#1660,.T.);
#1032=FACE_OUTER_BOUND('',#1661,.T.);
#1033=FACE_OUTER_BOUND('',#1663,.T.);
#1034=FACE_OUTER_BOUND('',#1664,.T.);
#1035=FACE_OUTER_BOUND('',#1665,.T.);
#1036=FACE_OUTER_BOUND('',#1666,.T.);
#1037=FACE_OUTER_BOUND('',#1667,.T.);
#1038=FACE_OUTER_BOUND('',#1668,.T.);
#1039=FACE_OUTER_BOUND('',#1669,.T.);
#1040=FACE_OUTER_BOUND('',#1670,.T.);
#1041=FACE_OUTER_BOUND('',#1671,.T.);
#1042=FACE_OUTER_BOUND('',#1672,.T.);
#1043=FACE_OUTER_BOUND('',#1673,.T.);
#1044=FACE_OUTER_BOUND('',#1674,.T.);
#1045=FACE_OUTER_BOUND('',#1675,.T.);
#1046=FACE_OUTER_BOUND('',#1676,.T.);
#1047=FACE_OUTER_BOUND('',#1677,.T.);
#1048=FACE_OUTER_BOUND('',#1678,.T.);
#1049=FACE_OUTER_BOUND('',#1679,.T.);
#1050=FACE_OUTER_BOUND('',#1680,.T.);
#1051=FACE_OUTER_BOUND('',#1681,.T.);
#1052=FACE_OUTER_BOUND('',#1682,.T.);
#1053=FACE_OUTER_BOUND('',#1684,.T.);
#1054=FACE_OUTER_BOUND('',#1685,.T.);
#1055=FACE_OUTER_BOUND('',#1686,.T.);
#1056=FACE_OUTER_BOUND('',#1687,.T.);
#1057=FACE_OUTER_BOUND('',#1688,.T.);
#1058=FACE_OUTER_BOUND('',#1689,.T.);
#1059=FACE_OUTER_BOUND('',#1690,.T.);
#1060=FACE_OUTER_BOUND('',#1691,.T.);
#1061=FACE_OUTER_BOUND('',#1692,.T.);
#1062=FACE_OUTER_BOUND('',#1693,.T.);
#1063=FACE_OUTER_BOUND('',#1694,.T.);
#1064=FACE_OUTER_BOUND('',#1695,.T.);
#1065=FACE_OUTER_BOUND('',#1696,.T.);
#1066=FACE_OUTER_BOUND('',#1697,.T.);
#1067=FACE_OUTER_BOUND('',#1698,.T.);
#1068=FACE_OUTER_BOUND('',#1699,.T.);
#1069=FACE_OUTER_BOUND('',#1700,.T.);
#1070=FACE_OUTER_BOUND('',#1701,.T.);
#1071=FACE_OUTER_BOUND('',#1702,.T.);
#1072=FACE_OUTER_BOUND('',#1703,.T.);
#1073=FACE_OUTER_BOUND('',#1704,.T.);
#1074=FACE_OUTER_BOUND('',#1705,.T.);
#1075=FACE_OUTER_BOUND('',#1706,.T.);
#1076=FACE_OUTER_BOUND('',#1707,.T.);
#1077=FACE_OUTER_BOUND('',#1708,.T.);
#1078=FACE_OUTER_BOUND('',#1709,.T.);
#1079=FACE_OUTER_BOUND('',#1710,.T.);
#1080=FACE_OUTER_BOUND('',#1711,.T.);
#1081=FACE_OUTER_BOUND('',#1712,.T.);
#1082=FACE_OUTER_BOUND('',#1713,.T.);
#1083=FACE_OUTER_BOUND('',#1714,.T.);
#1084=FACE_OUTER_BOUND('',#1715,.T.);
#1085=FACE_OUTER_BOUND('',#1716,.T.);
#1086=FACE_OUTER_BOUND('',#1717,.T.);
#1087=FACE_OUTER_BOUND('',#1718,.T.);
#1088=FACE_OUTER_BOUND('',#1719,.T.);
#1089=FACE_OUTER_BOUND('',#1720,.T.);
#1090=FACE_OUTER_BOUND('',#1721,.T.);
#1091=FACE_OUTER_BOUND('',#1722,.T.);
#1092=FACE_OUTER_BOUND('',#1723,.T.);
#1093=FACE_OUTER_BOUND('',#1724,.T.);
#1094=FACE_OUTER_BOUND('',#1725,.T.);
#1095=FACE_OUTER_BOUND('',#1726,.T.);
#1096=FACE_OUTER_BOUND('',#1727,.T.);
#1097=FACE_OUTER_BOUND('',#1728,.T.);
#1098=FACE_OUTER_BOUND('',#1729,.T.);
#1099=FACE_OUTER_BOUND('',#1730,.T.);
#1100=FACE_OUTER_BOUND('',#1731,.T.);
#1101=FACE_OUTER_BOUND('',#1732,.T.);
#1102=FACE_OUTER_BOUND('',#1733,.T.);
#1103=FACE_OUTER_BOUND('',#1734,.T.);
#1104=FACE_OUTER_BOUND('',#1735,.T.);
#1105=FACE_OUTER_BOUND('',#1736,.T.);
#1106=FACE_OUTER_BOUND('',#1737,.T.);
#1107=FACE_OUTER_BOUND('',#1738,.T.);
#1108=FACE_OUTER_BOUND('',#1739,.T.);
#1109=FACE_OUTER_BOUND('',#1740,.T.);
#1110=FACE_OUTER_BOUND('',#1741,.T.);
#1111=FACE_OUTER_BOUND('',#1742,.T.);
#1112=FACE_OUTER_BOUND('',#1743,.T.);
#1113=FACE_OUTER_BOUND('',#1744,.T.);
#1114=FACE_OUTER_BOUND('',#1745,.T.);
#1115=FACE_OUTER_BOUND('',#1746,.T.);
#1116=FACE_OUTER_BOUND('',#1747,.T.);
#1117=FACE_OUTER_BOUND('',#1748,.T.);
#1118=FACE_OUTER_BOUND('',#1749,.T.);
#1119=FACE_OUTER_BOUND('',#1750,.T.);
#1120=FACE_OUTER_BOUND('',#1751,.T.);
#1121=FACE_OUTER_BOUND('',#1752,.T.);
#1122=FACE_OUTER_BOUND('',#1753,.T.);
#1123=FACE_OUTER_BOUND('',#1754,.T.);
#1124=FACE_OUTER_BOUND('',#1755,.T.);
#1125=FACE_OUTER_BOUND('',#1756,.T.);
#1126=FACE_OUTER_BOUND('',#1757,.T.);
#1127=FACE_OUTER_BOUND('',#1758,.T.);
#1128=FACE_OUTER_BOUND('',#1759,.T.);
#1129=FACE_OUTER_BOUND('',#1760,.T.);
#1130=FACE_OUTER_BOUND('',#1761,.T.);
#1131=FACE_OUTER_BOUND('',#1762,.T.);
#1132=FACE_OUTER_BOUND('',#1763,.T.);
#1133=FACE_OUTER_BOUND('',#1764,.T.);
#1134=FACE_OUTER_BOUND('',#1765,.T.);
#1135=FACE_OUTER_BOUND('',#1766,.T.);
#1136=FACE_OUTER_BOUND('',#1767,.T.);
#1137=FACE_OUTER_BOUND('',#1768,.T.);
#1138=FACE_OUTER_BOUND('',#1769,.T.);
#1139=FACE_OUTER_BOUND('',#1770,.T.);
#1140=FACE_OUTER_BOUND('',#1771,.T.);
#1141=FACE_OUTER_BOUND('',#1772,.T.);
#1142=FACE_OUTER_BOUND('',#1774,.T.);
#1143=FACE_OUTER_BOUND('',#1775,.T.);
#1144=FACE_OUTER_BOUND('',#1776,.T.);
#1145=FACE_OUTER_BOUND('',#1777,.T.);
#1146=FACE_OUTER_BOUND('',#1778,.T.);
#1147=FACE_OUTER_BOUND('',#1779,.T.);
#1148=FACE_OUTER_BOUND('',#1780,.T.);
#1149=FACE_OUTER_BOUND('',#1781,.T.);
#1150=FACE_OUTER_BOUND('',#1782,.T.);
#1151=FACE_OUTER_BOUND('',#1783,.T.);
#1152=FACE_OUTER_BOUND('',#1784,.T.);
#1153=FACE_OUTER_BOUND('',#1785,.T.);
#1154=FACE_OUTER_BOUND('',#1786,.T.);
#1155=FACE_OUTER_BOUND('',#1787,.T.);
#1156=FACE_OUTER_BOUND('',#1788,.T.);
#1157=FACE_OUTER_BOUND('',#1789,.T.);
#1158=FACE_OUTER_BOUND('',#1790,.T.);
#1159=FACE_OUTER_BOUND('',#1791,.T.);
#1160=FACE_OUTER_BOUND('',#1792,.T.);
#1161=FACE_OUTER_BOUND('',#1793,.T.);
#1162=FACE_OUTER_BOUND('',#1795,.T.);
#1163=FACE_OUTER_BOUND('',#1797,.T.);
#1164=FACE_OUTER_BOUND('',#1798,.T.);
#1165=FACE_OUTER_BOUND('',#1799,.T.);
#1166=FACE_OUTER_BOUND('',#1800,.T.);
#1167=FACE_OUTER_BOUND('',#1801,.T.);
#1168=FACE_OUTER_BOUND('',#1802,.T.);
#1169=FACE_OUTER_BOUND('',#1803,.T.);
#1170=FACE_OUTER_BOUND('',#1804,.T.);
#1171=FACE_OUTER_BOUND('',#1805,.T.);
#1172=FACE_OUTER_BOUND('',#1806,.T.);
#1173=FACE_OUTER_BOUND('',#1807,.T.);
#1174=FACE_OUTER_BOUND('',#1808,.T.);
#1175=FACE_OUTER_BOUND('',#1809,.T.);
#1176=FACE_OUTER_BOUND('',#1810,.T.);
#1177=FACE_OUTER_BOUND('',#1811,.T.);
#1178=FACE_OUTER_BOUND('',#1812,.T.);
#1179=FACE_OUTER_BOUND('',#1813,.T.);
#1180=FACE_OUTER_BOUND('',#1814,.T.);
#1181=FACE_OUTER_BOUND('',#1815,.T.);
#1182=FACE_OUTER_BOUND('',#1816,.T.);
#1183=FACE_OUTER_BOUND('',#1817,.T.);
#1184=FACE_OUTER_BOUND('',#1818,.T.);
#1185=FACE_OUTER_BOUND('',#1819,.T.);
#1186=FACE_OUTER_BOUND('',#1821,.T.);
#1187=FACE_OUTER_BOUND('',#1823,.T.);
#1188=FACE_OUTER_BOUND('',#1824,.T.);
#1189=FACE_OUTER_BOUND('',#1825,.T.);
#1190=FACE_OUTER_BOUND('',#1826,.T.);
#1191=FACE_OUTER_BOUND('',#1827,.T.);
#1192=FACE_OUTER_BOUND('',#1828,.T.);
#1193=FACE_OUTER_BOUND('',#1829,.T.);
#1194=FACE_OUTER_BOUND('',#1830,.T.);
#1195=FACE_OUTER_BOUND('',#1831,.T.);
#1196=FACE_OUTER_BOUND('',#1832,.T.);
#1197=FACE_OUTER_BOUND('',#1833,.T.);
#1198=FACE_OUTER_BOUND('',#1834,.T.);
#1199=FACE_OUTER_BOUND('',#1835,.T.);
#1200=FACE_OUTER_BOUND('',#1836,.T.);
#1201=FACE_OUTER_BOUND('',#1837,.T.);
#1202=FACE_OUTER_BOUND('',#1838,.T.);
#1203=FACE_OUTER_BOUND('',#1839,.T.);
#1204=FACE_OUTER_BOUND('',#1840,.T.);
#1205=FACE_OUTER_BOUND('',#1841,.T.);
#1206=FACE_OUTER_BOUND('',#1843,.T.);
#1207=FACE_OUTER_BOUND('',#1844,.T.);
#1208=FACE_OUTER_BOUND('',#1845,.T.);
#1209=FACE_OUTER_BOUND('',#1846,.T.);
#1210=FACE_OUTER_BOUND('',#1847,.T.);
#1211=FACE_OUTER_BOUND('',#1848,.T.);
#1212=FACE_OUTER_BOUND('',#1849,.T.);
#1213=FACE_OUTER_BOUND('',#1850,.T.);
#1214=FACE_OUTER_BOUND('',#1851,.T.);
#1215=FACE_OUTER_BOUND('',#1852,.T.);
#1216=FACE_OUTER_BOUND('',#1853,.T.);
#1217=FACE_OUTER_BOUND('',#1854,.T.);
#1218=FACE_OUTER_BOUND('',#1855,.T.);
#1219=FACE_OUTER_BOUND('',#1856,.T.);
#1220=FACE_OUTER_BOUND('',#1857,.T.);
#1221=FACE_OUTER_BOUND('',#1858,.T.);
#1222=FACE_OUTER_BOUND('',#1860,.T.);
#1223=FACE_OUTER_BOUND('',#1861,.T.);
#1224=FACE_OUTER_BOUND('',#1862,.T.);
#1225=FACE_OUTER_BOUND('',#1863,.T.);
#1226=FACE_OUTER_BOUND('',#1864,.T.);
#1227=FACE_OUTER_BOUND('',#1865,.T.);
#1228=FACE_OUTER_BOUND('',#1866,.T.);
#1229=FACE_OUTER_BOUND('',#1867,.T.);
#1230=FACE_OUTER_BOUND('',#1868,.T.);
#1231=FACE_OUTER_BOUND('',#1869,.T.);
#1232=FACE_OUTER_BOUND('',#1870,.T.);
#1233=FACE_OUTER_BOUND('',#1871,.T.);
#1234=FACE_OUTER_BOUND('',#1872,.T.);
#1235=FACE_OUTER_BOUND('',#1873,.T.);
#1236=FACE_OUTER_BOUND('',#1874,.T.);
#1237=FACE_OUTER_BOUND('',#1875,.T.);
#1238=FACE_OUTER_BOUND('',#1876,.T.);
#1239=FACE_OUTER_BOUND('',#1877,.T.);
#1240=FACE_OUTER_BOUND('',#1878,.T.);
#1241=FACE_OUTER_BOUND('',#1879,.T.);
#1242=FACE_OUTER_BOUND('',#1880,.T.);
#1243=FACE_OUTER_BOUND('',#1881,.T.);
#1244=FACE_OUTER_BOUND('',#1883,.T.);
#1245=FACE_OUTER_BOUND('',#1885,.T.);
#1246=FACE_OUTER_BOUND('',#1886,.T.);
#1247=FACE_OUTER_BOUND('',#1887,.T.);
#1248=FACE_OUTER_BOUND('',#1888,.T.);
#1249=FACE_OUTER_BOUND('',#1889,.T.);
#1250=FACE_OUTER_BOUND('',#1890,.T.);
#1251=FACE_OUTER_BOUND('',#1891,.T.);
#1252=FACE_OUTER_BOUND('',#1892,.T.);
#1253=FACE_OUTER_BOUND('',#1893,.T.);
#1254=FACE_OUTER_BOUND('',#1894,.T.);
#1255=FACE_OUTER_BOUND('',#1895,.T.);
#1256=FACE_OUTER_BOUND('',#1896,.T.);
#1257=FACE_OUTER_BOUND('',#1897,.T.);
#1258=FACE_OUTER_BOUND('',#1899,.T.);
#1259=FACE_OUTER_BOUND('',#1900,.T.);
#1260=FACE_OUTER_BOUND('',#1901,.T.);
#1261=FACE_OUTER_BOUND('',#1902,.T.);
#1262=FACE_OUTER_BOUND('',#1903,.T.);
#1263=FACE_OUTER_BOUND('',#1904,.T.);
#1264=FACE_OUTER_BOUND('',#1905,.T.);
#1265=FACE_OUTER_BOUND('',#1906,.T.);
#1266=FACE_OUTER_BOUND('',#1907,.T.);
#1267=FACE_OUTER_BOUND('',#1908,.T.);
#1268=FACE_OUTER_BOUND('',#1909,.T.);
#1269=FACE_OUTER_BOUND('',#1910,.T.);
#1270=FACE_OUTER_BOUND('',#1911,.T.);
#1271=FACE_OUTER_BOUND('',#1912,.T.);
#1272=FACE_OUTER_BOUND('',#1913,.T.);
#1273=FACE_OUTER_BOUND('',#1914,.T.);
#1274=FACE_OUTER_BOUND('',#1915,.T.);
#1275=FACE_OUTER_BOUND('',#1916,.T.);
#1276=FACE_OUTER_BOUND('',#1917,.T.);
#1277=FACE_OUTER_BOUND('',#1918,.T.);
#1278=FACE_OUTER_BOUND('',#1919,.T.);
#1279=FACE_OUTER_BOUND('',#1920,.T.);
#1280=FACE_OUTER_BOUND('',#1921,.T.);
#1281=FACE_OUTER_BOUND('',#1922,.T.);
#1282=FACE_OUTER_BOUND('',#1923,.T.);
#1283=FACE_OUTER_BOUND('',#1924,.T.);
#1284=FACE_OUTER_BOUND('',#1925,.T.);
#1285=FACE_OUTER_BOUND('',#1926,.T.);
#1286=EDGE_LOOP('',(#7422,#7423,#7424,#7425));
#1287=EDGE_LOOP('',(#7426,#7427,#7428,#7429));
#1288=EDGE_LOOP('',(#7430,#7431,#7432,#7433));
#1289=EDGE_LOOP('',(#7434,#7435,#7436,#7437));
#1290=EDGE_LOOP('',(#7438,#7439,#7440,#7441));
#1291=EDGE_LOOP('',(#7442,#7443,#7444,#7445));
#1292=EDGE_LOOP('',(#7446,#7447,#7448,#7449));
#1293=EDGE_LOOP('',(#7450,#7451,#7452,#7453));
#1294=EDGE_LOOP('',(#7454,#7455));
#1295=EDGE_LOOP('',(#7456,#7457));
#1296=EDGE_LOOP('',(#7458,#7459));
#1297=EDGE_LOOP('',(#7460,#7461));
#1298=EDGE_LOOP('',(#7462,#7463,#7464,#7465));
#1299=EDGE_LOOP('',(#7466,#7467,#7468,#7469,#7470,#7471,#7472,#7473));
#1300=EDGE_LOOP('',(#7474,#7475));
#1301=EDGE_LOOP('',(#7476,#7477));
#1302=EDGE_LOOP('',(#7478,#7479));
#1303=EDGE_LOOP('',(#7480,#7481));
#1304=EDGE_LOOP('',(#7482,#7483,#7484,#7485));
#1305=EDGE_LOOP('',(#7486,#7487,#7488,#7489,#7490,#7491,#7492,#7493));
#1306=EDGE_LOOP('',(#7494,#7495,#7496,#7497));
#1307=EDGE_LOOP('',(#7498,#7499,#7500,#7501));
#1308=EDGE_LOOP('',(#7502,#7503,#7504,#7505));
#1309=EDGE_LOOP('',(#7506,#7507,#7508,#7509));
#1310=EDGE_LOOP('',(#7510,#7511,#7512,#7513));
#1311=EDGE_LOOP('',(#7514,#7515,#7516,#7517));
#1312=EDGE_LOOP('',(#7518,#7519));
#1313=EDGE_LOOP('',(#7520,#7521));
#1314=EDGE_LOOP('',(#7522,#7523));
#1315=EDGE_LOOP('',(#7524,#7525));
#1316=EDGE_LOOP('',(#7526,#7527,#7528,#7529));
#1317=EDGE_LOOP('',(#7530,#7531,#7532,#7533));
#1318=EDGE_LOOP('',(#7534,#7535,#7536,#7537));
#1319=EDGE_LOOP('',(#7538,#7539,#7540,#7541));
#1320=EDGE_LOOP('',(#7542,#7543,#7544,#7545));
#1321=EDGE_LOOP('',(#7546,#7547,#7548,#7549));
#1322=EDGE_LOOP('',(#7550,#7551,#7552,#7553));
#1323=EDGE_LOOP('',(#7554,#7555,#7556,#7557));
#1324=EDGE_LOOP('',(#7558,#7559,#7560,#7561));
#1325=EDGE_LOOP('',(#7562,#7563,#7564,#7565));
#1326=EDGE_LOOP('',(#7566,#7567,#7568,#7569,#7570,#7571,#7572,#7573));
#1327=EDGE_LOOP('',(#7574,#7575));
#1328=EDGE_LOOP('',(#7576,#7577));
#1329=EDGE_LOOP('',(#7578,#7579));
#1330=EDGE_LOOP('',(#7580,#7581));
#1331=EDGE_LOOP('',(#7582,#7583,#7584,#7585,#7586,#7587,#7588,#7589));
#1332=EDGE_LOOP('',(#7590,#7591));
#1333=EDGE_LOOP('',(#7592,#7593));
#1334=EDGE_LOOP('',(#7594,#7595));
#1335=EDGE_LOOP('',(#7596,#7597));
#1336=EDGE_LOOP('',(#7598,#7599,#7600,#7601));
#1337=EDGE_LOOP('',(#7602,#7603,#7604,#7605));
#1338=EDGE_LOOP('',(#7606,#7607,#7608,#7609));
#1339=EDGE_LOOP('',(#7610,#7611,#7612,#7613));
#1340=EDGE_LOOP('',(#7614,#7615,#7616,#7617));
#1341=EDGE_LOOP('',(#7618,#7619,#7620,#7621));
#1342=EDGE_LOOP('',(#7622,#7623,#7624,#7625));
#1343=EDGE_LOOP('',(#7626,#7627,#7628,#7629));
#1344=EDGE_LOOP('',(#7630,#7631,#7632,#7633));
#1345=EDGE_LOOP('',(#7634,#7635,#7636,#7637));
#1346=EDGE_LOOP('',(#7638,#7639,#7640,#7641));
#1347=EDGE_LOOP('',(#7642,#7643,#7644,#7645));
#1348=EDGE_LOOP('',(#7646,#7647,#7648,#7649));
#1349=EDGE_LOOP('',(#7650,#7651,#7652,#7653));
#1350=EDGE_LOOP('',(#7654,#7655,#7656,#7657));
#1351=EDGE_LOOP('',(#7658,#7659,#7660,#7661));
#1352=EDGE_LOOP('',(#7662,#7663,#7664,#7665));
#1353=EDGE_LOOP('',(#7666,#7667,#7668,#7669));
#1354=EDGE_LOOP('',(#7670,#7671,#7672,#7673));
#1355=EDGE_LOOP('',(#7674,#7675,#7676,#7677));
#1356=EDGE_LOOP('',(#7678,#7679,#7680,#7681));
#1357=EDGE_LOOP('',(#7682,#7683,#7684,#7685));
#1358=EDGE_LOOP('',(#7686,#7687,#7688,#7689));
#1359=EDGE_LOOP('',(#7690,#7691,#7692,#7693));
#1360=EDGE_LOOP('',(#7694,#7695,#7696,#7697));
#1361=EDGE_LOOP('',(#7698,#7699,#7700,#7701));
#1362=EDGE_LOOP('',(#7702,#7703,#7704,#7705));
#1363=EDGE_LOOP('',(#7706,#7707,#7708,#7709));
#1364=EDGE_LOOP('',(#7710,#7711,#7712,#7713));
#1365=EDGE_LOOP('',(#7714,#7715,#7716,#7717));
#1366=EDGE_LOOP('',(#7718,#7719,#7720,#7721));
#1367=EDGE_LOOP('',(#7722,#7723,#7724,#7725));
#1368=EDGE_LOOP('',(#7726,#7727,#7728,#7729));
#1369=EDGE_LOOP('',(#7730,#7731,#7732,#7733));
#1370=EDGE_LOOP('',(#7734,#7735,#7736,#7737));
#1371=EDGE_LOOP('',(#7738,#7739,#7740,#7741));
#1372=EDGE_LOOP('',(#7742,#7743,#7744,#7745));
#1373=EDGE_LOOP('',(#7746,#7747,#7748,#7749));
#1374=EDGE_LOOP('',(#7750,#7751,#7752,#7753,#7754,#7755,#7756,#7757));
#1375=EDGE_LOOP('',(#7758,#7759,#7760,#7761,#7762,#7763,#7764,#7765));
#1376=EDGE_LOOP('',(#7766,#7767,#7768,#7769));
#1377=EDGE_LOOP('',(#7770,#7771,#7772,#7773));
#1378=EDGE_LOOP('',(#7774,#7775,#7776,#7777));
#1379=EDGE_LOOP('',(#7778,#7779,#7780,#7781));
#1380=EDGE_LOOP('',(#7782,#7783,#7784,#7785));
#1381=EDGE_LOOP('',(#7786,#7787,#7788,#7789));
#1382=EDGE_LOOP('',(#7790,#7791,#7792,#7793));
#1383=EDGE_LOOP('',(#7794,#7795,#7796,#7797));
#1384=EDGE_LOOP('',(#7798,#7799,#7800,#7801,#7802,#7803,#7804,#7805,#7806,
#7807));
#1385=EDGE_LOOP('',(#7808,#7809,#7810,#7811));
#1386=EDGE_LOOP('',(#7812,#7813,#7814,#7815));
#1387=EDGE_LOOP('',(#7816,#7817,#7818,#7819));
#1388=EDGE_LOOP('',(#7820,#7821,#7822,#7823));
#1389=EDGE_LOOP('',(#7824,#7825,#7826,#7827));
#1390=EDGE_LOOP('',(#7828,#7829,#7830,#7831));
#1391=EDGE_LOOP('',(#7832,#7833,#7834,#7835));
#1392=EDGE_LOOP('',(#7836,#7837,#7838,#7839));
#1393=EDGE_LOOP('',(#7840,#7841,#7842,#7843));
#1394=EDGE_LOOP('',(#7844,#7845,#7846,#7847));
#1395=EDGE_LOOP('',(#7848,#7849,#7850,#7851));
#1396=EDGE_LOOP('',(#7852,#7853,#7854,#7855));
#1397=EDGE_LOOP('',(#7856,#7857,#7858,#7859));
#1398=EDGE_LOOP('',(#7860,#7861,#7862,#7863));
#1399=EDGE_LOOP('',(#7864,#7865,#7866,#7867));
#1400=EDGE_LOOP('',(#7868,#7869,#7870,#7871,#7872,#7873,#7874,#7875,#7876,
#7877));
#1401=EDGE_LOOP('',(#7878,#7879,#7880,#7881));
#1402=EDGE_LOOP('',(#7882,#7883,#7884,#7885,#7886,#7887,#7888,#7889,#7890));
#1403=EDGE_LOOP('',(#7891,#7892,#7893,#7894,#7895,#7896,#7897,#7898));
#1404=EDGE_LOOP('',(#7899,#7900,#7901,#7902));
#1405=EDGE_LOOP('',(#7903,#7904,#7905,#7906));
#1406=EDGE_LOOP('',(#7907,#7908,#7909,#7910));
#1407=EDGE_LOOP('',(#7911,#7912,#7913,#7914));
#1408=EDGE_LOOP('',(#7915,#7916,#7917,#7918));
#1409=EDGE_LOOP('',(#7919,#7920,#7921,#7922));
#1410=EDGE_LOOP('',(#7923,#7924,#7925,#7926));
#1411=EDGE_LOOP('',(#7927,#7928,#7929,#7930));
#1412=EDGE_LOOP('',(#7931,#7932,#7933,#7934));
#1413=EDGE_LOOP('',(#7935,#7936,#7937,#7938));
#1414=EDGE_LOOP('',(#7939,#7940,#7941,#7942));
#1415=EDGE_LOOP('',(#7943,#7944,#7945,#7946));
#1416=EDGE_LOOP('',(#7947,#7948,#7949,#7950));
#1417=EDGE_LOOP('',(#7951,#7952,#7953,#7954));
#1418=EDGE_LOOP('',(#7955,#7956,#7957,#7958));
#1419=EDGE_LOOP('',(#7959,#7960,#7961,#7962));
#1420=EDGE_LOOP('',(#7963,#7964,#7965,#7966));
#1421=EDGE_LOOP('',(#7967,#7968,#7969,#7970,#7971,#7972,#7973,#7974,#7975));
#1422=EDGE_LOOP('',(#7976,#7977,#7978,#7979,#7980,#7981,#7982,#7983));
#1423=EDGE_LOOP('',(#7984,#7985,#7986,#7987,#7988,#7989,#7990,#7991));
#1424=EDGE_LOOP('',(#7992,#7993,#7994,#7995));
#1425=EDGE_LOOP('',(#7996,#7997,#7998,#7999));
#1426=EDGE_LOOP('',(#8000,#8001,#8002,#8003));
#1427=EDGE_LOOP('',(#8004,#8005,#8006,#8007));
#1428=EDGE_LOOP('',(#8008,#8009,#8010,#8011));
#1429=EDGE_LOOP('',(#8012,#8013,#8014,#8015));
#1430=EDGE_LOOP('',(#8016,#8017,#8018,#8019));
#1431=EDGE_LOOP('',(#8020,#8021,#8022,#8023));
#1432=EDGE_LOOP('',(#8024,#8025,#8026,#8027));
#1433=EDGE_LOOP('',(#8028,#8029,#8030,#8031));
#1434=EDGE_LOOP('',(#8032,#8033,#8034,#8035));
#1435=EDGE_LOOP('',(#8036,#8037,#8038,#8039));
#1436=EDGE_LOOP('',(#8040,#8041,#8042,#8043));
#1437=EDGE_LOOP('',(#8044,#8045,#8046,#8047));
#1438=EDGE_LOOP('',(#8048,#8049,#8050,#8051));
#1439=EDGE_LOOP('',(#8052,#8053,#8054,#8055));
#1440=EDGE_LOOP('',(#8056,#8057,#8058,#8059));
#1441=EDGE_LOOP('',(#8060,#8061,#8062,#8063));
#1442=EDGE_LOOP('',(#8064,#8065,#8066,#8067,#8068,#8069,#8070,#8071));
#1443=EDGE_LOOP('',(#8072,#8073,#8074,#8075));
#1444=EDGE_LOOP('',(#8076,#8077,#8078,#8079));
#1445=EDGE_LOOP('',(#8080,#8081,#8082,#8083,#8084,#8085,#8086,#8087,#8088,
#8089));
#1446=EDGE_LOOP('',(#8090,#8091,#8092,#8093));
#1447=EDGE_LOOP('',(#8094,#8095,#8096,#8097));
#1448=EDGE_LOOP('',(#8098,#8099,#8100,#8101));
#1449=EDGE_LOOP('',(#8102,#8103,#8104,#8105));
#1450=EDGE_LOOP('',(#8106,#8107,#8108,#8109));
#1451=EDGE_LOOP('',(#8110,#8111,#8112,#8113));
#1452=EDGE_LOOP('',(#8114,#8115,#8116,#8117));
#1453=EDGE_LOOP('',(#8118,#8119,#8120,#8121));
#1454=EDGE_LOOP('',(#8122,#8123,#8124,#8125));
#1455=EDGE_LOOP('',(#8126,#8127,#8128,#8129));
#1456=EDGE_LOOP('',(#8130,#8131,#8132,#8133,#8134,#8135,#8136,#8137,#8138,
#8139));
#1457=EDGE_LOOP('',(#8140,#8141,#8142,#8143,#8144,#8145,#8146,#8147,#8148,
#8149,#8150,#8151,#8152,#8153,#8154));
#1458=EDGE_LOOP('',(#8155,#8156,#8157,#8158,#8159,#8160,#8161,#8162));
#1459=EDGE_LOOP('',(#8163,#8164,#8165,#8166));
#1460=EDGE_LOOP('',(#8167,#8168,#8169,#8170));
#1461=EDGE_LOOP('',(#8171,#8172,#8173,#8174));
#1462=EDGE_LOOP('',(#8175,#8176,#8177,#8178));
#1463=EDGE_LOOP('',(#8179,#8180,#8181,#8182));
#1464=EDGE_LOOP('',(#8183,#8184,#8185,#8186));
#1465=EDGE_LOOP('',(#8187,#8188,#8189,#8190));
#1466=EDGE_LOOP('',(#8191,#8192,#8193,#8194));
#1467=EDGE_LOOP('',(#8195,#8196,#8197,#8198));
#1468=EDGE_LOOP('',(#8199,#8200,#8201,#8202));
#1469=EDGE_LOOP('',(#8203,#8204,#8205,#8206));
#1470=EDGE_LOOP('',(#8207,#8208,#8209,#8210));
#1471=EDGE_LOOP('',(#8211,#8212,#8213,#8214));
#1472=EDGE_LOOP('',(#8215,#8216,#8217,#8218));
#1473=EDGE_LOOP('',(#8219,#8220,#8221,#8222));
#1474=EDGE_LOOP('',(#8223,#8224,#8225,#8226));
#1475=EDGE_LOOP('',(#8227,#8228,#8229,#8230));
#1476=EDGE_LOOP('',(#8231,#8232,#8233,#8234));
#1477=EDGE_LOOP('',(#8235,#8236,#8237,#8238));
#1478=EDGE_LOOP('',(#8239,#8240,#8241,#8242));
#1479=EDGE_LOOP('',(#8243,#8244,#8245,#8246));
#1480=EDGE_LOOP('',(#8247,#8248,#8249,#8250));
#1481=EDGE_LOOP('',(#8251,#8252,#8253,#8254));
#1482=EDGE_LOOP('',(#8255,#8256,#8257,#8258,#8259,#8260,#8261,#8262,#8263,
#8264,#8265,#8266,#8267,#8268,#8269));
#1483=EDGE_LOOP('',(#8270,#8271,#8272,#8273,#8274,#8275,#8276,#8277));
#1484=EDGE_LOOP('',(#8278,#8279,#8280,#8281,#8282,#8283,#8284,#8285));
#1485=EDGE_LOOP('',(#8286,#8287,#8288,#8289));
#1486=EDGE_LOOP('',(#8290,#8291,#8292,#8293));
#1487=EDGE_LOOP('',(#8294,#8295,#8296,#8297));
#1488=EDGE_LOOP('',(#8298,#8299,#8300,#8301));
#1489=EDGE_LOOP('',(#8302,#8303,#8304,#8305));
#1490=EDGE_LOOP('',(#8306,#8307,#8308,#8309));
#1491=EDGE_LOOP('',(#8310,#8311,#8312,#8313));
#1492=EDGE_LOOP('',(#8314,#8315,#8316,#8317));
#1493=EDGE_LOOP('',(#8318,#8319,#8320,#8321,#8322,#8323,#8324,#8325));
#1494=EDGE_LOOP('',(#8326,#8327,#8328,#8329,#8330,#8331,#8332,#8333,#8334,
#8335));
#1495=EDGE_LOOP('',(#8336,#8337,#8338,#8339));
#1496=EDGE_LOOP('',(#8340,#8341,#8342,#8343));
#1497=EDGE_LOOP('',(#8344,#8345,#8346,#8347));
#1498=EDGE_LOOP('',(#8348,#8349,#8350,#8351));
#1499=EDGE_LOOP('',(#8352,#8353,#8354,#8355));
#1500=EDGE_LOOP('',(#8356,#8357,#8358,#8359));
#1501=EDGE_LOOP('',(#8360,#8361,#8362,#8363));
#1502=EDGE_LOOP('',(#8364,#8365,#8366,#8367));
#1503=EDGE_LOOP('',(#8368,#8369,#8370,#8371));
#1504=EDGE_LOOP('',(#8372,#8373,#8374,#8375));
#1505=EDGE_LOOP('',(#8376,#8377,#8378,#8379,#8380,#8381,#8382,#8383,#8384,
#8385));
#1506=EDGE_LOOP('',(#8386,#8387,#8388,#8389));
#1507=EDGE_LOOP('',(#8390,#8391,#8392,#8393));
#1508=EDGE_LOOP('',(#8394,#8395,#8396,#8397));
#1509=EDGE_LOOP('',(#8398,#8399,#8400,#8401));
#1510=EDGE_LOOP('',(#8402,#8403,#8404,#8405));
#1511=EDGE_LOOP('',(#8406,#8407,#8408,#8409));
#1512=EDGE_LOOP('',(#8410,#8411,#8412,#8413,#8414,#8415,#8416,#8417,#8418,
#8419));
#1513=EDGE_LOOP('',(#8420,#8421,#8422,#8423));
#1514=EDGE_LOOP('',(#8424,#8425,#8426,#8427));
#1515=EDGE_LOOP('',(#8428,#8429,#8430,#8431));
#1516=EDGE_LOOP('',(#8432,#8433,#8434,#8435));
#1517=EDGE_LOOP('',(#8436,#8437,#8438,#8439));
#1518=EDGE_LOOP('',(#8440,#8441,#8442,#8443));
#1519=EDGE_LOOP('',(#8444,#8445,#8446,#8447));
#1520=EDGE_LOOP('',(#8448,#8449,#8450,#8451));
#1521=EDGE_LOOP('',(#8452,#8453,#8454,#8455));
#1522=EDGE_LOOP('',(#8456,#8457,#8458,#8459));
#1523=EDGE_LOOP('',(#8460,#8461,#8462,#8463,#8464,#8465,#8466,#8467,#8468,
#8469));
#1524=EDGE_LOOP('',(#8470,#8471,#8472,#8473,#8474,#8475,#8476,#8477,#8478,
#8479,#8480,#8481,#8482));
#1525=EDGE_LOOP('',(#8483,#8484,#8485,#8486));
#1526=EDGE_LOOP('',(#8487,#8488,#8489,#8490));
#1527=EDGE_LOOP('',(#8491,#8492,#8493,#8494));
#1528=EDGE_LOOP('',(#8495,#8496,#8497,#8498));
#1529=EDGE_LOOP('',(#8499,#8500,#8501,#8502));
#1530=EDGE_LOOP('',(#8503,#8504,#8505,#8506));
#1531=EDGE_LOOP('',(#8507,#8508,#8509,#8510));
#1532=EDGE_LOOP('',(#8511,#8512,#8513,#8514));
#1533=EDGE_LOOP('',(#8515,#8516,#8517,#8518));
#1534=EDGE_LOOP('',(#8519,#8520,#8521,#8522));
#1535=EDGE_LOOP('',(#8523,#8524,#8525,#8526));
#1536=EDGE_LOOP('',(#8527,#8528,#8529,#8530));
#1537=EDGE_LOOP('',(#8531,#8532,#8533,#8534));
#1538=EDGE_LOOP('',(#8535,#8536,#8537,#8538,#8539,#8540,#8541,#8542,#8543,
#8544,#8545,#8546,#8547));
#1539=EDGE_LOOP('',(#8548,#8549,#8550,#8551,#8552,#8553,#8554,#8555,#8556,
#8557,#8558,#8559,#8560,#8561,#8562,#8563,#8564));
#1540=EDGE_LOOP('',(#8565,#8566,#8567,#8568));
#1541=EDGE_LOOP('',(#8569,#8570,#8571,#8572));
#1542=EDGE_LOOP('',(#8573,#8574,#8575,#8576));
#1543=EDGE_LOOP('',(#8577,#8578,#8579,#8580));
#1544=EDGE_LOOP('',(#8581,#8582,#8583,#8584));
#1545=EDGE_LOOP('',(#8585,#8586,#8587,#8588));
#1546=EDGE_LOOP('',(#8589,#8590,#8591,#8592));
#1547=EDGE_LOOP('',(#8593,#8594,#8595,#8596));
#1548=EDGE_LOOP('',(#8597,#8598,#8599,#8600));
#1549=EDGE_LOOP('',(#8601,#8602,#8603,#8604));
#1550=EDGE_LOOP('',(#8605,#8606,#8607,#8608));
#1551=EDGE_LOOP('',(#8609,#8610,#8611,#8612));
#1552=EDGE_LOOP('',(#8613,#8614,#8615,#8616));
#1553=EDGE_LOOP('',(#8617,#8618,#8619,#8620));
#1554=EDGE_LOOP('',(#8621,#8622,#8623,#8624));
#1555=EDGE_LOOP('',(#8625,#8626,#8627,#8628));
#1556=EDGE_LOOP('',(#8629,#8630,#8631,#8632));
#1557=EDGE_LOOP('',(#8633,#8634,#8635,#8636,#8637,#8638,#8639,#8640,#8641,
#8642,#8643,#8644,#8645,#8646,#8647,#8648,#8649));
#1558=EDGE_LOOP('',(#8650,#8651,#8652,#8653,#8654,#8655,#8656,#8657,#8658,
#8659,#8660,#8661,#8662,#8663));
#1559=EDGE_LOOP('',(#8664,#8665,#8666,#8667,#8668));
#1560=EDGE_LOOP('',(#8669,#8670,#8671,#8672));
#1561=EDGE_LOOP('',(#8673,#8674,#8675,#8676));
#1562=EDGE_LOOP('',(#8677,#8678,#8679,#8680));
#1563=EDGE_LOOP('',(#8681,#8682,#8683,#8684));
#1564=EDGE_LOOP('',(#8685,#8686,#8687,#8688));
#1565=EDGE_LOOP('',(#8689,#8690,#8691,#8692));
#1566=EDGE_LOOP('',(#8693,#8694,#8695,#8696));
#1567=EDGE_LOOP('',(#8697,#8698,#8699,#8700));
#1568=EDGE_LOOP('',(#8701,#8702,#8703,#8704));
#1569=EDGE_LOOP('',(#8705,#8706,#8707,#8708));
#1570=EDGE_LOOP('',(#8709,#8710,#8711,#8712));
#1571=EDGE_LOOP('',(#8713,#8714,#8715,#8716));
#1572=EDGE_LOOP('',(#8717,#8718,#8719,#8720));
#1573=EDGE_LOOP('',(#8721,#8722,#8723,#8724));
#1574=EDGE_LOOP('',(#8725,#8726,#8727,#8728));
#1575=EDGE_LOOP('',(#8729,#8730,#8731,#8732));
#1576=EDGE_LOOP('',(#8733,#8734,#8735,#8736));
#1577=EDGE_LOOP('',(#8737,#8738,#8739,#8740));
#1578=EDGE_LOOP('',(#8741,#8742,#8743,#8744));
#1579=EDGE_LOOP('',(#8745,#8746,#8747,#8748,#8749,#8750,#8751,#8752,#8753,
#8754,#8755,#8756,#8757,#8758));
#1580=EDGE_LOOP('',(#8759,#8760,#8761,#8762,#8763));
#1581=EDGE_LOOP('',(#8764,#8765,#8766,#8767,#8768,#8769,#8770,#8771,#8772,
#8773,#8774,#8775,#8776,#8777));
#1582=EDGE_LOOP('',(#8778,#8779,#8780,#8781));
#1583=EDGE_LOOP('',(#8782,#8783,#8784,#8785));
#1584=EDGE_LOOP('',(#8786,#8787,#8788,#8789));
#1585=EDGE_LOOP('',(#8790,#8791,#8792,#8793));
#1586=EDGE_LOOP('',(#8794,#8795,#8796,#8797));
#1587=EDGE_LOOP('',(#8798,#8799,#8800,#8801));
#1588=EDGE_LOOP('',(#8802,#8803,#8804,#8805));
#1589=EDGE_LOOP('',(#8806,#8807,#8808,#8809));
#1590=EDGE_LOOP('',(#8810,#8811,#8812,#8813));
#1591=EDGE_LOOP('',(#8814,#8815,#8816,#8817));
#1592=EDGE_LOOP('',(#8818,#8819,#8820,#8821));
#1593=EDGE_LOOP('',(#8822,#8823,#8824,#8825));
#1594=EDGE_LOOP('',(#8826,#8827,#8828,#8829));
#1595=EDGE_LOOP('',(#8830,#8831,#8832,#8833));
#1596=EDGE_LOOP('',(#8834,#8835,#8836,#8837,#8838,#8839,#8840,#8841,#8842,
#8843,#8844,#8845,#8846,#8847));
#1597=EDGE_LOOP('',(#8848,#8849,#8850,#8851,#8852,#8853,#8854,#8855,#8856,
#8857));
#1598=EDGE_LOOP('',(#8858,#8859,#8860,#8861));
#1599=EDGE_LOOP('',(#8862,#8863,#8864,#8865));
#1600=EDGE_LOOP('',(#8866,#8867,#8868,#8869));
#1601=EDGE_LOOP('',(#8870,#8871,#8872,#8873));
#1602=EDGE_LOOP('',(#8874,#8875,#8876,#8877));
#1603=EDGE_LOOP('',(#8878,#8879,#8880,#8881));
#1604=EDGE_LOOP('',(#8882,#8883,#8884,#8885));
#1605=EDGE_LOOP('',(#8886,#8887,#8888,#8889));
#1606=EDGE_LOOP('',(#8890,#8891,#8892,#8893));
#1607=EDGE_LOOP('',(#8894,#8895,#8896,#8897));
#1608=EDGE_LOOP('',(#8898,#8899,#8900,#8901,#8902,#8903,#8904,#8905,#8906,
#8907));
#1609=EDGE_LOOP('',(#8908,#8909,#8910,#8911,#8912,#8913,#8914,#8915,#8916,
#8917,#8918,#8919,#8920,#8921,#8922));
#1610=EDGE_LOOP('',(#8923,#8924,#8925,#8926,#8927,#8928,#8929,#8930));
#1611=EDGE_LOOP('',(#8931,#8932,#8933,#8934));
#1612=EDGE_LOOP('',(#8935,#8936,#8937,#8938));
#1613=EDGE_LOOP('',(#8939,#8940,#8941,#8942));
#1614=EDGE_LOOP('',(#8943,#8944,#8945,#8946));
#1615=EDGE_LOOP('',(#8947,#8948,#8949,#8950));
#1616=EDGE_LOOP('',(#8951,#8952,#8953,#8954));
#1617=EDGE_LOOP('',(#8955,#8956,#8957,#8958));
#1618=EDGE_LOOP('',(#8959,#8960,#8961,#8962));
#1619=EDGE_LOOP('',(#8963,#8964,#8965,#8966));
#1620=EDGE_LOOP('',(#8967,#8968,#8969,#8970));
#1621=EDGE_LOOP('',(#8971,#8972,#8973,#8974));
#1622=EDGE_LOOP('',(#8975,#8976,#8977,#8978));
#1623=EDGE_LOOP('',(#8979,#8980,#8981,#8982));
#1624=EDGE_LOOP('',(#8983,#8984,#8985,#8986));
#1625=EDGE_LOOP('',(#8987,#8988,#8989,#8990));
#1626=EDGE_LOOP('',(#8991,#8992,#8993,#8994));
#1627=EDGE_LOOP('',(#8995,#8996,#8997,#8998));
#1628=EDGE_LOOP('',(#8999,#9000,#9001,#9002));
#1629=EDGE_LOOP('',(#9003,#9004,#9005,#9006));
#1630=EDGE_LOOP('',(#9007,#9008,#9009,#9010));
#1631=EDGE_LOOP('',(#9011,#9012,#9013,#9014));
#1632=EDGE_LOOP('',(#9015,#9016,#9017,#9018));
#1633=EDGE_LOOP('',(#9019,#9020,#9021,#9022));
#1634=EDGE_LOOP('',(#9023,#9024,#9025,#9026,#9027,#9028,#9029,#9030,#9031,
#9032,#9033,#9034,#9035,#9036,#9037));
#1635=EDGE_LOOP('',(#9038,#9039,#9040,#9041,#9042,#9043,#9044,#9045));
#1636=EDGE_LOOP('',(#9046,#9047,#9048,#9049,#9050,#9051,#9052,#9053));
#1637=EDGE_LOOP('',(#9054,#9055,#9056,#9057));
#1638=EDGE_LOOP('',(#9058,#9059,#9060,#9061));
#1639=EDGE_LOOP('',(#9062,#9063,#9064,#9065));
#1640=EDGE_LOOP('',(#9066,#9067,#9068,#9069));
#1641=EDGE_LOOP('',(#9070,#9071,#9072,#9073));
#1642=EDGE_LOOP('',(#9074,#9075,#9076,#9077));
#1643=EDGE_LOOP('',(#9078,#9079,#9080,#9081));
#1644=EDGE_LOOP('',(#9082,#9083,#9084,#9085));
#1645=EDGE_LOOP('',(#9086,#9087,#9088,#9089,#9090,#9091,#9092,#9093));
#1646=EDGE_LOOP('',(#9094,#9095,#9096,#9097,#9098,#9099,#9100,#9101,#9102,
#9103,#9104,#9105,#9106));
#1647=EDGE_LOOP('',(#9107,#9108,#9109,#9110));
#1648=EDGE_LOOP('',(#9111,#9112,#9113,#9114));
#1649=EDGE_LOOP('',(#9115,#9116,#9117,#9118));
#1650=EDGE_LOOP('',(#9119,#9120,#9121,#9122));
#1651=EDGE_LOOP('',(#9123,#9124,#9125,#9126));
#1652=EDGE_LOOP('',(#9127,#9128,#9129,#9130));
#1653=EDGE_LOOP('',(#9131,#9132,#9133,#9134));
#1654=EDGE_LOOP('',(#9135,#9136,#9137,#9138));
#1655=EDGE_LOOP('',(#9139,#9140,#9141,#9142));
#1656=EDGE_LOOP('',(#9143,#9144,#9145,#9146));
#1657=EDGE_LOOP('',(#9147,#9148,#9149,#9150));
#1658=EDGE_LOOP('',(#9151,#9152,#9153,#9154));
#1659=EDGE_LOOP('',(#9155,#9156,#9157,#9158));
#1660=EDGE_LOOP('',(#9159,#9160,#9161,#9162,#9163,#9164,#9165,#9166,#9167,
#9168,#9169,#9170,#9171));
#1661=EDGE_LOOP('',(#9172,#9173,#9174,#9175,#9176,#9177,#9178,#9179,#9180,
#9181,#9182,#9183,#9184,#9185));
#1662=EDGE_LOOP('',(#9186,#9187,#9188,#9189,#9190));
#1663=EDGE_LOOP('',(#9191,#9192,#9193,#9194));
#1664=EDGE_LOOP('',(#9195,#9196,#9197,#9198));
#1665=EDGE_LOOP('',(#9199,#9200,#9201,#9202));
#1666=EDGE_LOOP('',(#9203,#9204,#9205,#9206));
#1667=EDGE_LOOP('',(#9207,#9208,#9209,#9210));
#1668=EDGE_LOOP('',(#9211,#9212,#9213,#9214));
#1669=EDGE_LOOP('',(#9215,#9216,#9217,#9218));
#1670=EDGE_LOOP('',(#9219,#9220,#9221,#9222));
#1671=EDGE_LOOP('',(#9223,#9224,#9225,#9226));
#1672=EDGE_LOOP('',(#9227,#9228,#9229,#9230));
#1673=EDGE_LOOP('',(#9231,#9232,#9233,#9234));
#1674=EDGE_LOOP('',(#9235,#9236,#9237,#9238));
#1675=EDGE_LOOP('',(#9239,#9240,#9241,#9242));
#1676=EDGE_LOOP('',(#9243,#9244,#9245,#9246));
#1677=EDGE_LOOP('',(#9247,#9248,#9249,#9250));
#1678=EDGE_LOOP('',(#9251,#9252,#9253,#9254));
#1679=EDGE_LOOP('',(#9255,#9256,#9257,#9258));
#1680=EDGE_LOOP('',(#9259,#9260,#9261,#9262));
#1681=EDGE_LOOP('',(#9263,#9264,#9265,#9266));
#1682=EDGE_LOOP('',(#9267,#9268,#9269,#9270,#9271,#9272,#9273,#9274,#9275,
#9276,#9277,#9278,#9279,#9280));
#1683=EDGE_LOOP('',(#9281,#9282,#9283,#9284,#9285));
#1684=EDGE_LOOP('',(#9286,#9287,#9288,#9289,#9290,#9291,#9292,#9293,#9294,
#9295));
#1685=EDGE_LOOP('',(#9296,#9297,#9298,#9299));
#1686=EDGE_LOOP('',(#9300,#9301,#9302,#9303));
#1687=EDGE_LOOP('',(#9304,#9305,#9306,#9307));
#1688=EDGE_LOOP('',(#9308,#9309,#9310,#9311));
#1689=EDGE_LOOP('',(#9312,#9313,#9314,#9315));
#1690=EDGE_LOOP('',(#9316,#9317,#9318,#9319));
#1691=EDGE_LOOP('',(#9320,#9321,#9322,#9323));
#1692=EDGE_LOOP('',(#9324,#9325,#9326,#9327));
#1693=EDGE_LOOP('',(#9328,#9329,#9330,#9331));
#1694=EDGE_LOOP('',(#9332,#9333,#9334,#9335));
#1695=EDGE_LOOP('',(#9336,#9337,#9338,#9339,#9340,#9341,#9342,#9343,#9344,
#9345));
#1696=EDGE_LOOP('',(#9346,#9347,#9348,#9349,#9350,#9351,#9352,#9353,#9354,
#9355,#9356,#9357,#9358,#9359,#9360,#9361,#9362,#9363,#9364));
#1697=EDGE_LOOP('',(#9365,#9366,#9367,#9368));
#1698=EDGE_LOOP('',(#9369,#9370,#9371,#9372));
#1699=EDGE_LOOP('',(#9373,#9374,#9375,#9376));
#1700=EDGE_LOOP('',(#9377,#9378,#9379,#9380));
#1701=EDGE_LOOP('',(#9381,#9382,#9383,#9384));
#1702=EDGE_LOOP('',(#9385,#9386,#9387,#9388));
#1703=EDGE_LOOP('',(#9389,#9390,#9391,#9392));
#1704=EDGE_LOOP('',(#9393,#9394,#9395,#9396));
#1705=EDGE_LOOP('',(#9397,#9398,#9399,#9400));
#1706=EDGE_LOOP('',(#9401,#9402,#9403,#9404));
#1707=EDGE_LOOP('',(#9405,#9406,#9407,#9408));
#1708=EDGE_LOOP('',(#9409,#9410,#9411,#9412));
#1709=EDGE_LOOP('',(#9413,#9414,#9415,#9416));
#1710=EDGE_LOOP('',(#9417,#9418,#9419,#9420));
#1711=EDGE_LOOP('',(#9421,#9422,#9423,#9424));
#1712=EDGE_LOOP('',(#9425,#9426,#9427,#9428));
#1713=EDGE_LOOP('',(#9429,#9430,#9431,#9432));
#1714=EDGE_LOOP('',(#9433,#9434,#9435,#9436));
#1715=EDGE_LOOP('',(#9437,#9438,#9439,#9440));
#1716=EDGE_LOOP('',(#9441,#9442,#9443,#9444,#9445,#9446,#9447,#9448,#9449,
#9450,#9451,#9452,#9453,#9454,#9455,#9456,#9457,#9458,#9459));
#1717=EDGE_LOOP('',(#9460,#9461,#9462,#9463,#9464,#9465,#9466,#9467,#9468,
#9469,#9470,#9471,#9472,#9473,#9474,#9475,#9476));
#1718=EDGE_LOOP('',(#9477,#9478,#9479,#9480));
#1719=EDGE_LOOP('',(#9481,#9482,#9483,#9484));
#1720=EDGE_LOOP('',(#9485,#9486,#9487,#9488));
#1721=EDGE_LOOP('',(#9489,#9490,#9491,#9492));
#1722=EDGE_LOOP('',(#9493,#9494,#9495,#9496));
#1723=EDGE_LOOP('',(#9497,#9498,#9499,#9500));
#1724=EDGE_LOOP('',(#9501,#9502,#9503,#9504));
#1725=EDGE_LOOP('',(#9505,#9506,#9507,#9508));
#1726=EDGE_LOOP('',(#9509,#9510,#9511,#9512));
#1727=EDGE_LOOP('',(#9513,#9514,#9515,#9516));
#1728=EDGE_LOOP('',(#9517,#9518,#9519,#9520));
#1729=EDGE_LOOP('',(#9521,#9522,#9523,#9524));
#1730=EDGE_LOOP('',(#9525,#9526,#9527,#9528));
#1731=EDGE_LOOP('',(#9529,#9530,#9531,#9532));
#1732=EDGE_LOOP('',(#9533,#9534,#9535,#9536));
#1733=EDGE_LOOP('',(#9537,#9538,#9539,#9540));
#1734=EDGE_LOOP('',(#9541,#9542,#9543,#9544));
#1735=EDGE_LOOP('',(#9545,#9546,#9547,#9548,#9549,#9550,#9551,#9552,#9553,
#9554,#9555,#9556,#9557,#9558,#9559,#9560,#9561));
#1736=EDGE_LOOP('',(#9562,#9563,#9564,#9565));
#1737=EDGE_LOOP('',(#9566,#9567,#9568,#9569));
#1738=EDGE_LOOP('',(#9570,#9571,#9572,#9573));
#1739=EDGE_LOOP('',(#9574,#9575,#9576,#9577));
#1740=EDGE_LOOP('',(#9578,#9579,#9580,#9581));
#1741=EDGE_LOOP('',(#9582,#9583,#9584,#9585));
#1742=EDGE_LOOP('',(#9586,#9587,#9588,#9589));
#1743=EDGE_LOOP('',(#9590,#9591,#9592,#9593));
#1744=EDGE_LOOP('',(#9594,#9595,#9596,#9597));
#1745=EDGE_LOOP('',(#9598,#9599,#9600,#9601));
#1746=EDGE_LOOP('',(#9602,#9603,#9604,#9605));
#1747=EDGE_LOOP('',(#9606,#9607,#9608,#9609));
#1748=EDGE_LOOP('',(#9610,#9611,#9612,#9613,#9614,#9615,#9616,#9617,#9618,
#9619,#9620,#9621,#9622,#9623,#9624,#9625,#9626,#9627,#9628,#9629,#9630,
#9631));
#1749=EDGE_LOOP('',(#9632,#9633,#9634,#9635));
#1750=EDGE_LOOP('',(#9636,#9637,#9638,#9639));
#1751=EDGE_LOOP('',(#9640,#9641,#9642,#9643));
#1752=EDGE_LOOP('',(#9644,#9645,#9646,#9647));
#1753=EDGE_LOOP('',(#9648,#9649,#9650,#9651));
#1754=EDGE_LOOP('',(#9652,#9653,#9654,#9655));
#1755=EDGE_LOOP('',(#9656,#9657,#9658,#9659));
#1756=EDGE_LOOP('',(#9660,#9661,#9662,#9663));
#1757=EDGE_LOOP('',(#9664,#9665,#9666,#9667));
#1758=EDGE_LOOP('',(#9668,#9669,#9670,#9671));
#1759=EDGE_LOOP('',(#9672,#9673,#9674,#9675));
#1760=EDGE_LOOP('',(#9676,#9677,#9678,#9679));
#1761=EDGE_LOOP('',(#9680,#9681,#9682,#9683));
#1762=EDGE_LOOP('',(#9684,#9685,#9686,#9687));
#1763=EDGE_LOOP('',(#9688,#9689,#9690,#9691));
#1764=EDGE_LOOP('',(#9692,#9693,#9694,#9695));
#1765=EDGE_LOOP('',(#9696,#9697,#9698,#9699));
#1766=EDGE_LOOP('',(#9700,#9701,#9702,#9703));
#1767=EDGE_LOOP('',(#9704,#9705,#9706,#9707));
#1768=EDGE_LOOP('',(#9708,#9709,#9710,#9711));
#1769=EDGE_LOOP('',(#9712,#9713,#9714,#9715));
#1770=EDGE_LOOP('',(#9716,#9717,#9718,#9719));
#1771=EDGE_LOOP('',(#9720,#9721,#9722,#9723,#9724,#9725,#9726,#9727,#9728,
#9729,#9730,#9731,#9732,#9733,#9734,#9735,#9736,#9737,#9738,#9739,#9740,
#9741));
#1772=EDGE_LOOP('',(#9742,#9743,#9744,#9745,#9746,#9747,#9748,#9749,#9750,
#9751,#9752,#9753,#9754,#9755));
#1773=EDGE_LOOP('',(#9756,#9757,#9758,#9759,#9760));
#1774=EDGE_LOOP('',(#9761,#9762,#9763,#9764));
#1775=EDGE_LOOP('',(#9765,#9766,#9767,#9768));
#1776=EDGE_LOOP('',(#9769,#9770,#9771,#9772));
#1777=EDGE_LOOP('',(#9773,#9774,#9775,#9776));
#1778=EDGE_LOOP('',(#9777,#9778,#9779,#9780));
#1779=EDGE_LOOP('',(#9781,#9782,#9783,#9784));
#1780=EDGE_LOOP('',(#9785,#9786,#9787,#9788));
#1781=EDGE_LOOP('',(#9789,#9790,#9791,#9792));
#1782=EDGE_LOOP('',(#9793,#9794,#9795,#9796));
#1783=EDGE_LOOP('',(#9797,#9798,#9799,#9800));
#1784=EDGE_LOOP('',(#9801,#9802,#9803,#9804));
#1785=EDGE_LOOP('',(#9805,#9806,#9807,#9808));
#1786=EDGE_LOOP('',(#9809,#9810,#9811,#9812));
#1787=EDGE_LOOP('',(#9813,#9814,#9815,#9816));
#1788=EDGE_LOOP('',(#9817,#9818,#9819,#9820));
#1789=EDGE_LOOP('',(#9821,#9822,#9823,#9824));
#1790=EDGE_LOOP('',(#9825,#9826,#9827,#9828));
#1791=EDGE_LOOP('',(#9829,#9830,#9831,#9832));
#1792=EDGE_LOOP('',(#9833,#9834,#9835,#9836));
#1793=EDGE_LOOP('',(#9837,#9838,#9839,#9840,#9841,#9842,#9843,#9844,#9845,
#9846,#9847,#9848,#9849,#9850));
#1794=EDGE_LOOP('',(#9851,#9852,#9853,#9854,#9855));
#1795=EDGE_LOOP('',(#9856,#9857,#9858,#9859,#9860,#9861,#9862,#9863,#9864,
#9865,#9866,#9867,#9868,#9869));
#1796=EDGE_LOOP('',(#9870,#9871,#9872,#9873,#9874,#9875,#9876,#9877));
#1797=EDGE_LOOP('',(#9878,#9879,#9880,#9881));
#1798=EDGE_LOOP('',(#9882,#9883,#9884,#9885));
#1799=EDGE_LOOP('',(#9886,#9887,#9888,#9889));
#1800=EDGE_LOOP('',(#9890,#9891,#9892,#9893));
#1801=EDGE_LOOP('',(#9894,#9895,#9896,#9897));
#1802=EDGE_LOOP('',(#9898,#9899,#9900,#9901));
#1803=EDGE_LOOP('',(#9902,#9903,#9904,#9905));
#1804=EDGE_LOOP('',(#9906,#9907,#9908,#9909));
#1805=EDGE_LOOP('',(#9910,#9911,#9912,#9913));
#1806=EDGE_LOOP('',(#9914,#9915,#9916,#9917));
#1807=EDGE_LOOP('',(#9918,#9919,#9920,#9921));
#1808=EDGE_LOOP('',(#9922,#9923,#9924,#9925));
#1809=EDGE_LOOP('',(#9926,#9927,#9928,#9929));
#1810=EDGE_LOOP('',(#9930,#9931,#9932,#9933));
#1811=EDGE_LOOP('',(#9934,#9935,#9936,#9937));
#1812=EDGE_LOOP('',(#9938,#9939,#9940,#9941));
#1813=EDGE_LOOP('',(#9942,#9943,#9944,#9945));
#1814=EDGE_LOOP('',(#9946,#9947,#9948,#9949));
#1815=EDGE_LOOP('',(#9950,#9951,#9952,#9953));
#1816=EDGE_LOOP('',(#9954,#9955,#9956,#9957));
#1817=EDGE_LOOP('',(#9958,#9959,#9960,#9961));
#1818=EDGE_LOOP('',(#9962,#9963,#9964,#9965));
#1819=EDGE_LOOP('',(#9966,#9967,#9968,#9969,#9970,#9971,#9972,#9973,#9974,
#9975,#9976,#9977,#9978,#9979));
#1820=EDGE_LOOP('',(#9980,#9981,#9982,#9983,#9984,#9985,#9986,#9987));
#1821=EDGE_LOOP('',(#9988,#9989,#9990,#9991,#9992,#9993,#9994,#9995,#9996,
#9997,#9998,#9999,#10000,#10001,#10002));
#1822=EDGE_LOOP('',(#10003,#10004,#10005));
#1823=EDGE_LOOP('',(#10006,#10007,#10008,#10009));
#1824=EDGE_LOOP('',(#10010,#10011,#10012,#10013));
#1825=EDGE_LOOP('',(#10014,#10015,#10016,#10017));
#1826=EDGE_LOOP('',(#10018,#10019,#10020,#10021));
#1827=EDGE_LOOP('',(#10022,#10023,#10024,#10025));
#1828=EDGE_LOOP('',(#10026,#10027,#10028,#10029));
#1829=EDGE_LOOP('',(#10030,#10031,#10032,#10033));
#1830=EDGE_LOOP('',(#10034,#10035,#10036,#10037));
#1831=EDGE_LOOP('',(#10038,#10039,#10040,#10041));
#1832=EDGE_LOOP('',(#10042,#10043,#10044,#10045));
#1833=EDGE_LOOP('',(#10046,#10047,#10048,#10049));
#1834=EDGE_LOOP('',(#10050,#10051,#10052,#10053));
#1835=EDGE_LOOP('',(#10054,#10055,#10056,#10057));
#1836=EDGE_LOOP('',(#10058,#10059,#10060,#10061));
#1837=EDGE_LOOP('',(#10062,#10063,#10064,#10065));
#1838=EDGE_LOOP('',(#10066,#10067,#10068,#10069));
#1839=EDGE_LOOP('',(#10070,#10071,#10072,#10073));
#1840=EDGE_LOOP('',(#10074,#10075,#10076,#10077));
#1841=EDGE_LOOP('',(#10078,#10079,#10080,#10081,#10082,#10083,#10084,#10085,
#10086,#10087,#10088,#10089,#10090,#10091,#10092));
#1842=EDGE_LOOP('',(#10093,#10094,#10095));
#1843=EDGE_LOOP('',(#10096,#10097,#10098,#10099,#10100,#10101,#10102,#10103,
#10104,#10105,#10106,#10107,#10108));
#1844=EDGE_LOOP('',(#10109,#10110,#10111,#10112));
#1845=EDGE_LOOP('',(#10113,#10114,#10115,#10116));
#1846=EDGE_LOOP('',(#10117,#10118,#10119,#10120));
#1847=EDGE_LOOP('',(#10121,#10122,#10123,#10124));
#1848=EDGE_LOOP('',(#10125,#10126,#10127,#10128));
#1849=EDGE_LOOP('',(#10129,#10130,#10131,#10132));
#1850=EDGE_LOOP('',(#10133,#10134,#10135,#10136));
#1851=EDGE_LOOP('',(#10137,#10138,#10139,#10140));
#1852=EDGE_LOOP('',(#10141,#10142,#10143,#10144));
#1853=EDGE_LOOP('',(#10145,#10146,#10147,#10148));
#1854=EDGE_LOOP('',(#10149,#10150,#10151,#10152));
#1855=EDGE_LOOP('',(#10153,#10154,#10155,#10156));
#1856=EDGE_LOOP('',(#10157,#10158,#10159,#10160));
#1857=EDGE_LOOP('',(#10161,#10162,#10163,#10164,#10165,#10166,#10167,#10168,
#10169,#10170,#10171,#10172,#10173));
#1858=EDGE_LOOP('',(#10174,#10175,#10176,#10177,#10178,#10179,#10180,#10181,
#10182,#10183,#10184,#10185,#10186));
#1859=EDGE_LOOP('',(#10187,#10188,#10189,#10190,#10191,#10192,#10193,#10194));
#1860=EDGE_LOOP('',(#10195,#10196,#10197,#10198));
#1861=EDGE_LOOP('',(#10199,#10200,#10201,#10202));
#1862=EDGE_LOOP('',(#10203,#10204,#10205,#10206));
#1863=EDGE_LOOP('',(#10207,#10208,#10209,#10210));
#1864=EDGE_LOOP('',(#10211,#10212,#10213,#10214));
#1865=EDGE_LOOP('',(#10215,#10216,#10217,#10218));
#1866=EDGE_LOOP('',(#10219,#10220,#10221,#10222));
#1867=EDGE_LOOP('',(#10223,#10224,#10225,#10226));
#1868=EDGE_LOOP('',(#10227,#10228,#10229,#10230));
#1869=EDGE_LOOP('',(#10231,#10232,#10233,#10234));
#1870=EDGE_LOOP('',(#10235,#10236,#10237,#10238));
#1871=EDGE_LOOP('',(#10239,#10240,#10241,#10242));
#1872=EDGE_LOOP('',(#10243,#10244,#10245,#10246));
#1873=EDGE_LOOP('',(#10247,#10248,#10249,#10250));
#1874=EDGE_LOOP('',(#10251,#10252,#10253,#10254));
#1875=EDGE_LOOP('',(#10255,#10256,#10257,#10258));
#1876=EDGE_LOOP('',(#10259,#10260,#10261,#10262));
#1877=EDGE_LOOP('',(#10263,#10264,#10265,#10266));
#1878=EDGE_LOOP('',(#10267,#10268,#10269,#10270));
#1879=EDGE_LOOP('',(#10271,#10272,#10273,#10274));
#1880=EDGE_LOOP('',(#10275,#10276,#10277,#10278));
#1881=EDGE_LOOP('',(#10279,#10280,#10281,#10282,#10283,#10284,#10285,#10286,
#10287,#10288,#10289,#10290,#10291));
#1882=EDGE_LOOP('',(#10292,#10293,#10294,#10295,#10296,#10297,#10298,#10299));
#1883=EDGE_LOOP('',(#10300,#10301,#10302,#10303,#10304,#10305,#10306));
#1884=EDGE_LOOP('',(#10307,#10308,#10309,#10310,#10311));
#1885=EDGE_LOOP('',(#10312,#10313,#10314,#10315));
#1886=EDGE_LOOP('',(#10316,#10317,#10318,#10319));
#1887=EDGE_LOOP('',(#10320,#10321,#10322,#10323));
#1888=EDGE_LOOP('',(#10324,#10325,#10326,#10327));
#1889=EDGE_LOOP('',(#10328,#10329,#10330,#10331));
#1890=EDGE_LOOP('',(#10332,#10333,#10334,#10335));
#1891=EDGE_LOOP('',(#10336,#10337,#10338,#10339));
#1892=EDGE_LOOP('',(#10340,#10341,#10342,#10343));
#1893=EDGE_LOOP('',(#10344,#10345,#10346,#10347));
#1894=EDGE_LOOP('',(#10348,#10349,#10350,#10351));
#1895=EDGE_LOOP('',(#10352,#10353,#10354,#10355));
#1896=EDGE_LOOP('',(#10356,#10357,#10358,#10359));
#1897=EDGE_LOOP('',(#10360,#10361,#10362,#10363,#10364,#10365,#10366));
#1898=EDGE_LOOP('',(#10367,#10368,#10369,#10370,#10371));
#1899=EDGE_LOOP('',(#10372,#10373,#10374,#10375));
#1900=EDGE_LOOP('',(#10376,#10377,#10378,#10379));
#1901=EDGE_LOOP('',(#10380,#10381,#10382,#10383));
#1902=EDGE_LOOP('',(#10384,#10385,#10386,#10387));
#1903=EDGE_LOOP('',(#10388,#10389,#10390,#10391));
#1904=EDGE_LOOP('',(#10392,#10393,#10394,#10395));
#1905=EDGE_LOOP('',(#10396,#10397,#10398,#10399,#10400,#10401));
#1906=EDGE_LOOP('',(#10402,#10403,#10404,#10405,#10406,#10407));
#1907=EDGE_LOOP('',(#10408,#10409,#10410,#10411));
#1908=EDGE_LOOP('',(#10412,#10413,#10414,#10415));
#1909=EDGE_LOOP('',(#10416,#10417,#10418,#10419));
#1910=EDGE_LOOP('',(#10420,#10421,#10422,#10423));
#1911=EDGE_LOOP('',(#10424,#10425,#10426,#10427));
#1912=EDGE_LOOP('',(#10428,#10429,#10430,#10431));
#1913=EDGE_LOOP('',(#10432,#10433));
#1914=EDGE_LOOP('',(#10434,#10435));
#1915=EDGE_LOOP('',(#10436,#10437,#10438,#10439));
#1916=EDGE_LOOP('',(#10440,#10441,#10442,#10443));
#1917=EDGE_LOOP('',(#10444,#10445,#10446,#10447,#10448,#10449,#10450,#10451));
#1918=EDGE_LOOP('',(#10452,#10453,#10454,#10455,#10456,#10457,#10458,#10459));
#1919=EDGE_LOOP('',(#10460,#10461,#10462,#10463));
#1920=EDGE_LOOP('',(#10464,#10465,#10466,#10467));
#1921=EDGE_LOOP('',(#10468,#10469,#10470,#10471));
#1922=EDGE_LOOP('',(#10472,#10473,#10474,#10475));
#1923=EDGE_LOOP('',(#10476,#10477,#10478,#10479));
#1924=EDGE_LOOP('',(#10480,#10481,#10482,#10483));
#1925=EDGE_LOOP('',(#10484,#10485,#10486,#10487));
#1926=EDGE_LOOP('',(#10488,#10489,#10490,#10491));
#1927=LINE('',#15267,#3362);
#1928=LINE('',#15270,#3363);
#1929=LINE('',#15276,#3364);
#1930=LINE('',#15279,#3365);
#1931=LINE('',#15287,#3366);
#1932=LINE('',#15290,#3367);
#1933=LINE('',#15299,#3368);
#1934=LINE('',#15302,#3369);
#1935=LINE('',#15476,#3370);
#1936=LINE('',#15479,#3371);
#1937=LINE('',#15508,#3372);
#1938=LINE('',#15535,#3373);
#1939=LINE('',#15721,#3374);
#1940=LINE('',#15749,#3375);
#1941=LINE('',#15764,#3376);
#1942=LINE('',#15767,#3377);
#1943=LINE('',#15775,#3378);
#1944=LINE('',#15778,#3379);
#1945=LINE('',#15784,#3380);
#1946=LINE('',#15787,#3381);
#1947=LINE('',#15791,#3382);
#1948=LINE('',#15794,#3383);
#1949=LINE('',#15806,#3384);
#1950=LINE('',#15807,#3385);
#1951=LINE('',#15828,#3386);
#1952=LINE('',#15829,#3387);
#1953=LINE('',#15851,#3388);
#1954=LINE('',#15854,#3389);
#1955=LINE('',#15868,#3390);
#1956=LINE('',#15871,#3391);
#1957=LINE('',#15884,#3392);
#1958=LINE('',#15885,#3393);
#1959=LINE('',#15901,#3394);
#1960=LINE('',#15905,#3395);
#1961=LINE('',#15909,#3396);
#1962=LINE('',#15912,#3397);
#1963=LINE('',#15932,#3398);
#1964=LINE('',#15936,#3399);
#1965=LINE('',#15940,#3400);
#1966=LINE('',#15944,#3401);
#1967=LINE('',#15963,#3402);
#1968=LINE('',#15964,#3403);
#1969=LINE('',#15966,#3404);
#1970=LINE('',#15967,#3405);
#1971=LINE('',#15969,#3406);
#1972=LINE('',#15971,#3407);
#1973=LINE('',#15973,#3408);
#1974=LINE('',#15975,#3409);
#1975=LINE('',#15977,#3410);
#1976=LINE('',#15979,#3411);
#1977=LINE('',#15981,#3412);
#1978=LINE('',#15983,#3413);
#1979=LINE('',#15985,#3414);
#1980=LINE('',#15987,#3415);
#1981=LINE('',#15989,#3416);
#1982=LINE('',#15991,#3417);
#1983=LINE('',#15995,#3418);
#1984=LINE('',#15996,#3419);
#1985=LINE('',#15998,#3420);
#1986=LINE('',#15999,#3421);
#1987=LINE('',#16003,#3422);
#1988=LINE('',#16004,#3423);
#1989=LINE('',#16006,#3424);
#1990=LINE('',#16007,#3425);
#1991=LINE('',#16011,#3426);
#1992=LINE('',#16012,#3427);
#1993=LINE('',#16014,#3428);
#1994=LINE('',#16015,#3429);
#1995=LINE('',#16019,#3430);
#1996=LINE('',#16020,#3431);
#1997=LINE('',#16022,#3432);
#1998=LINE('',#16023,#3433);
#1999=LINE('',#16030,#3434);
#2000=LINE('',#16032,#3435);
#2001=LINE('',#16034,#3436);
#2002=LINE('',#16035,#3437);
#2003=LINE('',#16039,#3438);
#2004=LINE('',#16041,#3439);
#2005=LINE('',#16043,#3440);
#2006=LINE('',#16044,#3441);
#2007=LINE('',#16046,#3442);
#2008=LINE('',#16047,#3443);
#2009=LINE('',#16049,#3444);
#2010=LINE('',#16051,#3445);
#2011=LINE('',#16056,#3446);
#2012=LINE('',#16060,#3447);
#2013=LINE('',#16064,#3448);
#2014=LINE('',#16068,#3449);
#2015=LINE('',#16075,#3450);
#2016=LINE('',#16079,#3451);
#2017=LINE('',#16083,#3452);
#2018=LINE('',#16086,#3453);
#2019=LINE('',#16088,#3454);
#2020=LINE('',#16089,#3455);
#2021=LINE('',#16091,#3456);
#2022=LINE('',#16092,#3457);
#2023=LINE('',#16094,#3458);
#2024=LINE('',#16095,#3459);
#2025=LINE('',#16097,#3460);
#2026=LINE('',#16098,#3461);
#2027=LINE('',#16106,#3462);
#2028=LINE('',#16108,#3463);
#2029=LINE('',#16110,#3464);
#2030=LINE('',#16112,#3465);
#2031=LINE('',#16114,#3466);
#2032=LINE('',#16116,#3467);
#2033=LINE('',#16118,#3468);
#2034=LINE('',#16120,#3469);
#2035=LINE('',#16122,#3470);
#2036=LINE('',#16123,#3471);
#2037=LINE('',#16126,#3472);
#2038=LINE('',#16128,#3473);
#2039=LINE('',#16130,#3474);
#2040=LINE('',#16131,#3475);
#2041=LINE('',#16134,#3476);
#2042=LINE('',#16136,#3477);
#2043=LINE('',#16137,#3478);
#2044=LINE('',#16140,#3479);
#2045=LINE('',#16141,#3480);
#2046=LINE('',#16144,#3481);
#2047=LINE('',#16145,#3482);
#2048=LINE('',#16148,#3483);
#2049=LINE('',#16149,#3484);
#2050=LINE('',#16152,#3485);
#2051=LINE('',#16153,#3486);
#2052=LINE('',#16156,#3487);
#2053=LINE('',#16157,#3488);
#2054=LINE('',#16160,#3489);
#2055=LINE('',#16161,#3490);
#2056=LINE('',#16164,#3491);
#2057=LINE('',#16165,#3492);
#2058=LINE('',#16168,#3493);
#2059=LINE('',#16169,#3494);
#2060=LINE('',#16171,#3495);
#2061=LINE('',#16174,#3496);
#2062=LINE('',#16176,#3497);
#2063=LINE('',#16177,#3498);
#2064=LINE('',#16180,#3499);
#2065=LINE('',#16181,#3500);
#2066=LINE('',#16184,#3501);
#2067=LINE('',#16185,#3502);
#2068=LINE('',#16187,#3503);
#2069=LINE('',#16192,#3504);
#2070=LINE('',#16194,#3505);
#2071=LINE('',#16196,#3506);
#2072=LINE('',#16198,#3507);
#2073=LINE('',#16200,#3508);
#2074=LINE('',#16202,#3509);
#2075=LINE('',#16204,#3510);
#2076=LINE('',#16206,#3511);
#2077=LINE('',#16207,#3512);
#2078=LINE('',#16210,#3513);
#2079=LINE('',#16212,#3514);
#2080=LINE('',#16214,#3515);
#2081=LINE('',#16216,#3516);
#2082=LINE('',#16218,#3517);
#2083=LINE('',#16220,#3518);
#2084=LINE('',#16222,#3519);
#2085=LINE('',#16223,#3520);
#2086=LINE('',#16226,#3521);
#2087=LINE('',#16228,#3522);
#2088=LINE('',#16229,#3523);
#2089=LINE('',#16232,#3524);
#2090=LINE('',#16233,#3525);
#2091=LINE('',#16236,#3526);
#2092=LINE('',#16237,#3527);
#2093=LINE('',#16240,#3528);
#2094=LINE('',#16241,#3529);
#2095=LINE('',#16244,#3530);
#2096=LINE('',#16245,#3531);
#2097=LINE('',#16248,#3532);
#2098=LINE('',#16249,#3533);
#2099=LINE('',#16252,#3534);
#2100=LINE('',#16253,#3535);
#2101=LINE('',#16256,#3536);
#2102=LINE('',#16257,#3537);
#2103=LINE('',#16259,#3538);
#2104=LINE('',#16262,#3539);
#2105=LINE('',#16264,#3540);
#2106=LINE('',#16265,#3541);
#2107=LINE('',#16268,#3542);
#2108=LINE('',#16269,#3543);
#2109=LINE('',#16272,#3544);
#2110=LINE('',#16273,#3545);
#2111=LINE('',#16276,#3546);
#2112=LINE('',#16277,#3547);
#2113=LINE('',#16280,#3548);
#2114=LINE('',#16281,#3549);
#2115=LINE('',#16284,#3550);
#2116=LINE('',#16285,#3551);
#2117=LINE('',#16288,#3552);
#2118=LINE('',#16289,#3553);
#2119=LINE('',#16291,#3554);
#2120=LINE('',#16296,#3555);
#2121=LINE('',#16298,#3556);
#2122=LINE('',#16300,#3557);
#2123=LINE('',#16302,#3558);
#2124=LINE('',#16304,#3559);
#2125=LINE('',#16306,#3560);
#2126=LINE('',#16308,#3561);
#2127=LINE('',#16309,#3562);
#2128=LINE('',#16312,#3563);
#2129=LINE('',#16314,#3564);
#2130=LINE('',#16316,#3565);
#2131=LINE('',#16317,#3566);
#2132=LINE('',#16320,#3567);
#2133=LINE('',#16322,#3568);
#2134=LINE('',#16324,#3569);
#2135=LINE('',#16325,#3570);
#2136=LINE('',#16328,#3571);
#2137=LINE('',#16330,#3572);
#2138=LINE('',#16331,#3573);
#2139=LINE('',#16334,#3574);
#2140=LINE('',#16335,#3575);
#2141=LINE('',#16338,#3576);
#2142=LINE('',#16339,#3577);
#2143=LINE('',#16342,#3578);
#2144=LINE('',#16343,#3579);
#2145=LINE('',#16346,#3580);
#2146=LINE('',#16347,#3581);
#2147=LINE('',#16350,#3582);
#2148=LINE('',#16351,#3583);
#2149=LINE('',#16354,#3584);
#2150=LINE('',#16355,#3585);
#2151=LINE('',#16357,#3586);
#2152=LINE('',#16360,#3587);
#2153=LINE('',#16362,#3588);
#2154=LINE('',#16363,#3589);
#2155=LINE('',#16366,#3590);
#2156=LINE('',#16367,#3591);
#2157=LINE('',#16370,#3592);
#2158=LINE('',#16371,#3593);
#2159=LINE('',#16373,#3594);
#2160=LINE('',#16376,#3595);
#2161=LINE('',#16378,#3596);
#2162=LINE('',#16379,#3597);
#2163=LINE('',#16382,#3598);
#2164=LINE('',#16383,#3599);
#2165=LINE('',#16386,#3600);
#2166=LINE('',#16387,#3601);
#2167=LINE('',#16389,#3602);
#2168=LINE('',#16394,#3603);
#2169=LINE('',#16396,#3604);
#2170=LINE('',#16398,#3605);
#2171=LINE('',#16400,#3606);
#2172=LINE('',#16402,#3607);
#2173=LINE('',#16404,#3608);
#2174=LINE('',#16406,#3609);
#2175=LINE('',#16408,#3610);
#2176=LINE('',#16410,#3611);
#2177=LINE('',#16411,#3612);
#2178=LINE('',#16414,#3613);
#2179=LINE('',#16416,#3614);
#2180=LINE('',#16417,#3615);
#2181=LINE('',#16420,#3616);
#2182=LINE('',#16421,#3617);
#2183=LINE('',#16424,#3618);
#2184=LINE('',#16425,#3619);
#2185=LINE('',#16428,#3620);
#2186=LINE('',#16429,#3621);
#2187=LINE('',#16432,#3622);
#2188=LINE('',#16433,#3623);
#2189=LINE('',#16436,#3624);
#2190=LINE('',#16437,#3625);
#2191=LINE('',#16440,#3626);
#2192=LINE('',#16441,#3627);
#2193=LINE('',#16444,#3628);
#2194=LINE('',#16445,#3629);
#2195=LINE('',#16448,#3630);
#2196=LINE('',#16449,#3631);
#2197=LINE('',#16451,#3632);
#2198=LINE('',#16456,#3633);
#2199=LINE('',#16458,#3634);
#2200=LINE('',#16460,#3635);
#2201=LINE('',#16462,#3636);
#2202=LINE('',#16464,#3637);
#2203=LINE('',#16466,#3638);
#2204=LINE('',#16468,#3639);
#2205=LINE('',#16470,#3640);
#2206=LINE('',#16472,#3641);
#2207=LINE('',#16474,#3642);
#2208=LINE('',#16476,#3643);
#2209=LINE('',#16478,#3644);
#2210=LINE('',#16480,#3645);
#2211=LINE('',#16482,#3646);
#2212=LINE('',#16483,#3647);
#2213=LINE('',#16486,#3648);
#2214=LINE('',#16488,#3649);
#2215=LINE('',#16490,#3650);
#2216=LINE('',#16492,#3651);
#2217=LINE('',#16494,#3652);
#2218=LINE('',#16496,#3653);
#2219=LINE('',#16498,#3654);
#2220=LINE('',#16499,#3655);
#2221=LINE('',#16502,#3656);
#2222=LINE('',#16504,#3657);
#2223=LINE('',#16505,#3658);
#2224=LINE('',#16508,#3659);
#2225=LINE('',#16509,#3660);
#2226=LINE('',#16512,#3661);
#2227=LINE('',#16513,#3662);
#2228=LINE('',#16516,#3663);
#2229=LINE('',#16517,#3664);
#2230=LINE('',#16520,#3665);
#2231=LINE('',#16521,#3666);
#2232=LINE('',#16524,#3667);
#2233=LINE('',#16525,#3668);
#2234=LINE('',#16528,#3669);
#2235=LINE('',#16529,#3670);
#2236=LINE('',#16532,#3671);
#2237=LINE('',#16533,#3672);
#2238=LINE('',#16536,#3673);
#2239=LINE('',#16537,#3674);
#2240=LINE('',#16540,#3675);
#2241=LINE('',#16541,#3676);
#2242=LINE('',#16544,#3677);
#2243=LINE('',#16545,#3678);
#2244=LINE('',#16548,#3679);
#2245=LINE('',#16549,#3680);
#2246=LINE('',#16552,#3681);
#2247=LINE('',#16553,#3682);
#2248=LINE('',#16556,#3683);
#2249=LINE('',#16557,#3684);
#2250=LINE('',#16559,#3685);
#2251=LINE('',#16562,#3686);
#2252=LINE('',#16564,#3687);
#2253=LINE('',#16565,#3688);
#2254=LINE('',#16568,#3689);
#2255=LINE('',#16569,#3690);
#2256=LINE('',#16572,#3691);
#2257=LINE('',#16573,#3692);
#2258=LINE('',#16576,#3693);
#2259=LINE('',#16577,#3694);
#2260=LINE('',#16580,#3695);
#2261=LINE('',#16581,#3696);
#2262=LINE('',#16584,#3697);
#2263=LINE('',#16585,#3698);
#2264=LINE('',#16588,#3699);
#2265=LINE('',#16589,#3700);
#2266=LINE('',#16591,#3701);
#2267=LINE('',#16596,#3702);
#2268=LINE('',#16598,#3703);
#2269=LINE('',#16600,#3704);
#2270=LINE('',#16602,#3705);
#2271=LINE('',#16604,#3706);
#2272=LINE('',#16606,#3707);
#2273=LINE('',#16608,#3708);
#2274=LINE('',#16609,#3709);
#2275=LINE('',#16612,#3710);
#2276=LINE('',#16614,#3711);
#2277=LINE('',#16615,#3712);
#2278=LINE('',#16618,#3713);
#2279=LINE('',#16619,#3714);
#2280=LINE('',#16622,#3715);
#2281=LINE('',#16623,#3716);
#2282=LINE('',#16626,#3717);
#2283=LINE('',#16627,#3718);
#2284=LINE('',#16630,#3719);
#2285=LINE('',#16631,#3720);
#2286=LINE('',#16634,#3721);
#2287=LINE('',#16635,#3722);
#2288=LINE('',#16638,#3723);
#2289=LINE('',#16639,#3724);
#2290=LINE('',#16641,#3725);
#2291=LINE('',#16646,#3726);
#2292=LINE('',#16648,#3727);
#2293=LINE('',#16650,#3728);
#2294=LINE('',#16652,#3729);
#2295=LINE('',#16654,#3730);
#2296=LINE('',#16656,#3731);
#2297=LINE('',#16658,#3732);
#2298=LINE('',#16660,#3733);
#2299=LINE('',#16662,#3734);
#2300=LINE('',#16663,#3735);
#2301=LINE('',#16666,#3736);
#2302=LINE('',#16668,#3737);
#2303=LINE('',#16669,#3738);
#2304=LINE('',#16672,#3739);
#2305=LINE('',#16673,#3740);
#2306=LINE('',#16676,#3741);
#2307=LINE('',#16677,#3742);
#2308=LINE('',#16680,#3743);
#2309=LINE('',#16681,#3744);
#2310=LINE('',#16684,#3745);
#2311=LINE('',#16685,#3746);
#2312=LINE('',#16688,#3747);
#2313=LINE('',#16689,#3748);
#2314=LINE('',#16692,#3749);
#2315=LINE('',#16693,#3750);
#2316=LINE('',#16696,#3751);
#2317=LINE('',#16697,#3752);
#2318=LINE('',#16700,#3753);
#2319=LINE('',#16701,#3754);
#2320=LINE('',#16703,#3755);
#2321=LINE('',#16708,#3756);
#2322=LINE('',#16710,#3757);
#2323=LINE('',#16712,#3758);
#2324=LINE('',#16713,#3759);
#2325=LINE('',#16716,#3760);
#2326=LINE('',#16718,#3761);
#2327=LINE('',#16719,#3762);
#2328=LINE('',#16722,#3763);
#2329=LINE('',#16723,#3764);
#2330=LINE('',#16726,#3765);
#2331=LINE('',#16727,#3766);
#2332=LINE('',#16729,#3767);
#2333=LINE('',#16734,#3768);
#2334=LINE('',#16736,#3769);
#2335=LINE('',#16738,#3770);
#2336=LINE('',#16740,#3771);
#2337=LINE('',#16742,#3772);
#2338=LINE('',#16744,#3773);
#2339=LINE('',#16746,#3774);
#2340=LINE('',#16748,#3775);
#2341=LINE('',#16750,#3776);
#2342=LINE('',#16751,#3777);
#2343=LINE('',#16754,#3778);
#2344=LINE('',#16756,#3779);
#2345=LINE('',#16757,#3780);
#2346=LINE('',#16760,#3781);
#2347=LINE('',#16761,#3782);
#2348=LINE('',#16764,#3783);
#2349=LINE('',#16765,#3784);
#2350=LINE('',#16768,#3785);
#2351=LINE('',#16769,#3786);
#2352=LINE('',#16772,#3787);
#2353=LINE('',#16773,#3788);
#2354=LINE('',#16776,#3789);
#2355=LINE('',#16777,#3790);
#2356=LINE('',#16780,#3791);
#2357=LINE('',#16781,#3792);
#2358=LINE('',#16784,#3793);
#2359=LINE('',#16785,#3794);
#2360=LINE('',#16788,#3795);
#2361=LINE('',#16789,#3796);
#2362=LINE('',#16791,#3797);
#2363=LINE('',#16796,#3798);
#2364=LINE('',#16798,#3799);
#2365=LINE('',#16800,#3800);
#2366=LINE('',#16802,#3801);
#2367=LINE('',#16804,#3802);
#2368=LINE('',#16806,#3803);
#2369=LINE('',#16808,#3804);
#2370=LINE('',#16810,#3805);
#2371=LINE('',#16812,#3806);
#2372=LINE('',#16814,#3807);
#2373=LINE('',#16816,#3808);
#2374=LINE('',#16818,#3809);
#2375=LINE('',#16819,#3810);
#2376=LINE('',#16822,#3811);
#2377=LINE('',#16824,#3812);
#2378=LINE('',#16825,#3813);
#2379=LINE('',#16828,#3814);
#2380=LINE('',#16829,#3815);
#2381=LINE('',#16832,#3816);
#2382=LINE('',#16833,#3817);
#2383=LINE('',#16836,#3818);
#2384=LINE('',#16837,#3819);
#2385=LINE('',#16840,#3820);
#2386=LINE('',#16841,#3821);
#2387=LINE('',#16844,#3822);
#2388=LINE('',#16845,#3823);
#2389=LINE('',#16848,#3824);
#2390=LINE('',#16849,#3825);
#2391=LINE('',#16852,#3826);
#2392=LINE('',#16853,#3827);
#2393=LINE('',#16856,#3828);
#2394=LINE('',#16857,#3829);
#2395=LINE('',#16860,#3830);
#2396=LINE('',#16861,#3831);
#2397=LINE('',#16864,#3832);
#2398=LINE('',#16865,#3833);
#2399=LINE('',#16868,#3834);
#2400=LINE('',#16869,#3835);
#2401=LINE('',#16871,#3836);
#2402=LINE('',#16876,#3837);
#2403=LINE('',#16878,#3838);
#2404=LINE('',#16880,#3839);
#2405=LINE('',#16882,#3840);
#2406=LINE('',#16884,#3841);
#2407=LINE('',#16886,#3842);
#2408=LINE('',#16888,#3843);
#2409=LINE('',#16890,#3844);
#2410=LINE('',#16892,#3845);
#2411=LINE('',#16894,#3846);
#2412=LINE('',#16896,#3847);
#2413=LINE('',#16898,#3848);
#2414=LINE('',#16900,#3849);
#2415=LINE('',#16902,#3850);
#2416=LINE('',#16904,#3851);
#2417=LINE('',#16906,#3852);
#2418=LINE('',#16907,#3853);
#2419=LINE('',#16910,#3854);
#2420=LINE('',#16912,#3855);
#2421=LINE('',#16913,#3856);
#2422=LINE('',#16916,#3857);
#2423=LINE('',#16917,#3858);
#2424=LINE('',#16920,#3859);
#2425=LINE('',#16921,#3860);
#2426=LINE('',#16924,#3861);
#2427=LINE('',#16925,#3862);
#2428=LINE('',#16928,#3863);
#2429=LINE('',#16929,#3864);
#2430=LINE('',#16932,#3865);
#2431=LINE('',#16933,#3866);
#2432=LINE('',#16936,#3867);
#2433=LINE('',#16937,#3868);
#2434=LINE('',#16940,#3869);
#2435=LINE('',#16941,#3870);
#2436=LINE('',#16944,#3871);
#2437=LINE('',#16945,#3872);
#2438=LINE('',#16948,#3873);
#2439=LINE('',#16949,#3874);
#2440=LINE('',#16952,#3875);
#2441=LINE('',#16953,#3876);
#2442=LINE('',#16956,#3877);
#2443=LINE('',#16957,#3878);
#2444=LINE('',#16960,#3879);
#2445=LINE('',#16961,#3880);
#2446=LINE('',#16964,#3881);
#2447=LINE('',#16965,#3882);
#2448=LINE('',#16968,#3883);
#2449=LINE('',#16969,#3884);
#2450=LINE('',#16972,#3885);
#2451=LINE('',#16973,#3886);
#2452=LINE('',#16975,#3887);
#2453=LINE('',#16980,#3888);
#2454=LINE('',#16982,#3889);
#2455=LINE('',#16984,#3890);
#2456=LINE('',#16986,#3891);
#2457=LINE('',#16988,#3892);
#2458=LINE('',#16990,#3893);
#2459=LINE('',#16992,#3894);
#2460=LINE('',#16994,#3895);
#2461=LINE('',#16996,#3896);
#2462=LINE('',#16998,#3897);
#2463=LINE('',#17000,#3898);
#2464=LINE('',#17002,#3899);
#2465=LINE('',#17004,#3900);
#2466=LINE('',#17005,#3901);
#2467=LINE('',#17008,#3902);
#2468=LINE('',#17010,#3903);
#2469=LINE('',#17012,#3904);
#2470=LINE('',#17014,#3905);
#2471=LINE('',#17015,#3906);
#2472=LINE('',#17018,#3907);
#2473=LINE('',#17020,#3908);
#2474=LINE('',#17021,#3909);
#2475=LINE('',#17024,#3910);
#2476=LINE('',#17025,#3911);
#2477=LINE('',#17028,#3912);
#2478=LINE('',#17029,#3913);
#2479=LINE('',#17032,#3914);
#2480=LINE('',#17033,#3915);
#2481=LINE('',#17036,#3916);
#2482=LINE('',#17037,#3917);
#2483=LINE('',#17040,#3918);
#2484=LINE('',#17041,#3919);
#2485=LINE('',#17044,#3920);
#2486=LINE('',#17045,#3921);
#2487=LINE('',#17048,#3922);
#2488=LINE('',#17049,#3923);
#2489=LINE('',#17052,#3924);
#2490=LINE('',#17053,#3925);
#2491=LINE('',#17056,#3926);
#2492=LINE('',#17057,#3927);
#2493=LINE('',#17060,#3928);
#2494=LINE('',#17061,#3929);
#2495=LINE('',#17064,#3930);
#2496=LINE('',#17065,#3931);
#2497=LINE('',#17068,#3932);
#2498=LINE('',#17069,#3933);
#2499=LINE('',#17071,#3934);
#2500=LINE('',#17074,#3935);
#2501=LINE('',#17076,#3936);
#2502=LINE('',#17077,#3937);
#2503=LINE('',#17080,#3938);
#2504=LINE('',#17081,#3939);
#2505=LINE('',#17084,#3940);
#2506=LINE('',#17085,#3941);
#2507=LINE('',#17088,#3942);
#2508=LINE('',#17089,#3943);
#2509=LINE('',#17091,#3944);
#2510=LINE('',#17096,#3945);
#2511=LINE('',#17098,#3946);
#2512=LINE('',#17100,#3947);
#2513=LINE('',#17102,#3948);
#2514=LINE('',#17104,#3949);
#2515=LINE('',#17106,#3950);
#2516=LINE('',#17108,#3951);
#2517=LINE('',#17110,#3952);
#2518=LINE('',#17112,#3953);
#2519=LINE('',#17114,#3954);
#2520=LINE('',#17116,#3955);
#2521=LINE('',#17118,#3956);
#2522=LINE('',#17120,#3957);
#2523=LINE('',#17121,#3958);
#2524=LINE('',#17124,#3959);
#2525=LINE('',#17126,#3960);
#2526=LINE('',#17127,#3961);
#2527=LINE('',#17130,#3962);
#2528=LINE('',#17131,#3963);
#2529=LINE('',#17134,#3964);
#2530=LINE('',#17135,#3965);
#2531=LINE('',#17138,#3966);
#2532=LINE('',#17139,#3967);
#2533=LINE('',#17142,#3968);
#2534=LINE('',#17143,#3969);
#2535=LINE('',#17146,#3970);
#2536=LINE('',#17147,#3971);
#2537=LINE('',#17150,#3972);
#2538=LINE('',#17151,#3973);
#2539=LINE('',#17154,#3974);
#2540=LINE('',#17155,#3975);
#2541=LINE('',#17158,#3976);
#2542=LINE('',#17159,#3977);
#2543=LINE('',#17162,#3978);
#2544=LINE('',#17163,#3979);
#2545=LINE('',#17166,#3980);
#2546=LINE('',#17167,#3981);
#2547=LINE('',#17170,#3982);
#2548=LINE('',#17171,#3983);
#2549=LINE('',#17174,#3984);
#2550=LINE('',#17175,#3985);
#2551=LINE('',#17177,#3986);
#2552=LINE('',#17182,#3987);
#2553=LINE('',#17184,#3988);
#2554=LINE('',#17186,#3989);
#2555=LINE('',#17188,#3990);
#2556=LINE('',#17190,#3991);
#2557=LINE('',#17192,#3992);
#2558=LINE('',#17194,#3993);
#2559=LINE('',#17196,#3994);
#2560=LINE('',#17198,#3995);
#2561=LINE('',#17199,#3996);
#2562=LINE('',#17202,#3997);
#2563=LINE('',#17204,#3998);
#2564=LINE('',#17205,#3999);
#2565=LINE('',#17208,#4000);
#2566=LINE('',#17209,#4001);
#2567=LINE('',#17212,#4002);
#2568=LINE('',#17213,#4003);
#2569=LINE('',#17216,#4004);
#2570=LINE('',#17217,#4005);
#2571=LINE('',#17220,#4006);
#2572=LINE('',#17221,#4007);
#2573=LINE('',#17224,#4008);
#2574=LINE('',#17225,#4009);
#2575=LINE('',#17228,#4010);
#2576=LINE('',#17229,#4011);
#2577=LINE('',#17232,#4012);
#2578=LINE('',#17233,#4013);
#2579=LINE('',#17236,#4014);
#2580=LINE('',#17237,#4015);
#2581=LINE('',#17239,#4016);
#2582=LINE('',#17244,#4017);
#2583=LINE('',#17246,#4018);
#2584=LINE('',#17248,#4019);
#2585=LINE('',#17250,#4020);
#2586=LINE('',#17252,#4021);
#2587=LINE('',#17254,#4022);
#2588=LINE('',#17256,#4023);
#2589=LINE('',#17258,#4024);
#2590=LINE('',#17260,#4025);
#2591=LINE('',#17262,#4026);
#2592=LINE('',#17264,#4027);
#2593=LINE('',#17266,#4028);
#2594=LINE('',#17268,#4029);
#2595=LINE('',#17270,#4030);
#2596=LINE('',#17271,#4031);
#2597=LINE('',#17274,#4032);
#2598=LINE('',#17276,#4033);
#2599=LINE('',#17278,#4034);
#2600=LINE('',#17280,#4035);
#2601=LINE('',#17282,#4036);
#2602=LINE('',#17284,#4037);
#2603=LINE('',#17286,#4038);
#2604=LINE('',#17287,#4039);
#2605=LINE('',#17290,#4040);
#2606=LINE('',#17292,#4041);
#2607=LINE('',#17293,#4042);
#2608=LINE('',#17296,#4043);
#2609=LINE('',#17297,#4044);
#2610=LINE('',#17300,#4045);
#2611=LINE('',#17301,#4046);
#2612=LINE('',#17304,#4047);
#2613=LINE('',#17305,#4048);
#2614=LINE('',#17308,#4049);
#2615=LINE('',#17309,#4050);
#2616=LINE('',#17312,#4051);
#2617=LINE('',#17313,#4052);
#2618=LINE('',#17316,#4053);
#2619=LINE('',#17317,#4054);
#2620=LINE('',#17320,#4055);
#2621=LINE('',#17321,#4056);
#2622=LINE('',#17324,#4057);
#2623=LINE('',#17325,#4058);
#2624=LINE('',#17328,#4059);
#2625=LINE('',#17329,#4060);
#2626=LINE('',#17332,#4061);
#2627=LINE('',#17333,#4062);
#2628=LINE('',#17336,#4063);
#2629=LINE('',#17337,#4064);
#2630=LINE('',#17340,#4065);
#2631=LINE('',#17341,#4066);
#2632=LINE('',#17344,#4067);
#2633=LINE('',#17345,#4068);
#2634=LINE('',#17347,#4069);
#2635=LINE('',#17350,#4070);
#2636=LINE('',#17352,#4071);
#2637=LINE('',#17353,#4072);
#2638=LINE('',#17356,#4073);
#2639=LINE('',#17357,#4074);
#2640=LINE('',#17360,#4075);
#2641=LINE('',#17361,#4076);
#2642=LINE('',#17364,#4077);
#2643=LINE('',#17365,#4078);
#2644=LINE('',#17368,#4079);
#2645=LINE('',#17369,#4080);
#2646=LINE('',#17372,#4081);
#2647=LINE('',#17373,#4082);
#2648=LINE('',#17376,#4083);
#2649=LINE('',#17377,#4084);
#2650=LINE('',#17379,#4085);
#2651=LINE('',#17384,#4086);
#2652=LINE('',#17386,#4087);
#2653=LINE('',#17388,#4088);
#2654=LINE('',#17390,#4089);
#2655=LINE('',#17392,#4090);
#2656=LINE('',#17394,#4091);
#2657=LINE('',#17396,#4092);
#2658=LINE('',#17397,#4093);
#2659=LINE('',#17400,#4094);
#2660=LINE('',#17402,#4095);
#2661=LINE('',#17403,#4096);
#2662=LINE('',#17406,#4097);
#2663=LINE('',#17407,#4098);
#2664=LINE('',#17410,#4099);
#2665=LINE('',#17411,#4100);
#2666=LINE('',#17414,#4101);
#2667=LINE('',#17415,#4102);
#2668=LINE('',#17418,#4103);
#2669=LINE('',#17419,#4104);
#2670=LINE('',#17422,#4105);
#2671=LINE('',#17423,#4106);
#2672=LINE('',#17426,#4107);
#2673=LINE('',#17427,#4108);
#2674=LINE('',#17429,#4109);
#2675=LINE('',#17434,#4110);
#2676=LINE('',#17436,#4111);
#2677=LINE('',#17438,#4112);
#2678=LINE('',#17440,#4113);
#2679=LINE('',#17442,#4114);
#2680=LINE('',#17444,#4115);
#2681=LINE('',#17446,#4116);
#2682=LINE('',#17448,#4117);
#2683=LINE('',#17450,#4118);
#2684=LINE('',#17452,#4119);
#2685=LINE('',#17454,#4120);
#2686=LINE('',#17456,#4121);
#2687=LINE('',#17457,#4122);
#2688=LINE('',#17460,#4123);
#2689=LINE('',#17462,#4124);
#2690=LINE('',#17463,#4125);
#2691=LINE('',#17466,#4126);
#2692=LINE('',#17467,#4127);
#2693=LINE('',#17470,#4128);
#2694=LINE('',#17471,#4129);
#2695=LINE('',#17474,#4130);
#2696=LINE('',#17475,#4131);
#2697=LINE('',#17478,#4132);
#2698=LINE('',#17479,#4133);
#2699=LINE('',#17482,#4134);
#2700=LINE('',#17483,#4135);
#2701=LINE('',#17486,#4136);
#2702=LINE('',#17487,#4137);
#2703=LINE('',#17490,#4138);
#2704=LINE('',#17491,#4139);
#2705=LINE('',#17494,#4140);
#2706=LINE('',#17495,#4141);
#2707=LINE('',#17498,#4142);
#2708=LINE('',#17499,#4143);
#2709=LINE('',#17502,#4144);
#2710=LINE('',#17503,#4145);
#2711=LINE('',#17506,#4146);
#2712=LINE('',#17507,#4147);
#2713=LINE('',#17509,#4148);
#2714=LINE('',#17514,#4149);
#2715=LINE('',#17516,#4150);
#2716=LINE('',#17518,#4151);
#2717=LINE('',#17520,#4152);
#2718=LINE('',#17522,#4153);
#2719=LINE('',#17524,#4154);
#2720=LINE('',#17526,#4155);
#2721=LINE('',#17528,#4156);
#2722=LINE('',#17530,#4157);
#2723=LINE('',#17532,#4158);
#2724=LINE('',#17534,#4159);
#2725=LINE('',#17536,#4160);
#2726=LINE('',#17538,#4161);
#2727=LINE('',#17539,#4162);
#2728=LINE('',#17542,#4163);
#2729=LINE('',#17544,#4164);
#2730=LINE('',#17546,#4165);
#2731=LINE('',#17548,#4166);
#2732=LINE('',#17549,#4167);
#2733=LINE('',#17552,#4168);
#2734=LINE('',#17554,#4169);
#2735=LINE('',#17555,#4170);
#2736=LINE('',#17558,#4171);
#2737=LINE('',#17559,#4172);
#2738=LINE('',#17562,#4173);
#2739=LINE('',#17563,#4174);
#2740=LINE('',#17566,#4175);
#2741=LINE('',#17567,#4176);
#2742=LINE('',#17570,#4177);
#2743=LINE('',#17571,#4178);
#2744=LINE('',#17574,#4179);
#2745=LINE('',#17575,#4180);
#2746=LINE('',#17578,#4181);
#2747=LINE('',#17579,#4182);
#2748=LINE('',#17582,#4183);
#2749=LINE('',#17583,#4184);
#2750=LINE('',#17586,#4185);
#2751=LINE('',#17587,#4186);
#2752=LINE('',#17590,#4187);
#2753=LINE('',#17591,#4188);
#2754=LINE('',#17594,#4189);
#2755=LINE('',#17595,#4190);
#2756=LINE('',#17598,#4191);
#2757=LINE('',#17599,#4192);
#2758=LINE('',#17602,#4193);
#2759=LINE('',#17603,#4194);
#2760=LINE('',#17605,#4195);
#2761=LINE('',#17608,#4196);
#2762=LINE('',#17610,#4197);
#2763=LINE('',#17611,#4198);
#2764=LINE('',#17614,#4199);
#2765=LINE('',#17615,#4200);
#2766=LINE('',#17618,#4201);
#2767=LINE('',#17619,#4202);
#2768=LINE('',#17622,#4203);
#2769=LINE('',#17623,#4204);
#2770=LINE('',#17625,#4205);
#2771=LINE('',#17630,#4206);
#2772=LINE('',#17632,#4207);
#2773=LINE('',#17634,#4208);
#2774=LINE('',#17636,#4209);
#2775=LINE('',#17638,#4210);
#2776=LINE('',#17640,#4211);
#2777=LINE('',#17642,#4212);
#2778=LINE('',#17644,#4213);
#2779=LINE('',#17646,#4214);
#2780=LINE('',#17647,#4215);
#2781=LINE('',#17650,#4216);
#2782=LINE('',#17652,#4217);
#2783=LINE('',#17653,#4218);
#2784=LINE('',#17656,#4219);
#2785=LINE('',#17657,#4220);
#2786=LINE('',#17660,#4221);
#2787=LINE('',#17661,#4222);
#2788=LINE('',#17664,#4223);
#2789=LINE('',#17665,#4224);
#2790=LINE('',#17668,#4225);
#2791=LINE('',#17669,#4226);
#2792=LINE('',#17672,#4227);
#2793=LINE('',#17673,#4228);
#2794=LINE('',#17676,#4229);
#2795=LINE('',#17677,#4230);
#2796=LINE('',#17680,#4231);
#2797=LINE('',#17681,#4232);
#2798=LINE('',#17684,#4233);
#2799=LINE('',#17685,#4234);
#2800=LINE('',#17687,#4235);
#2801=LINE('',#17692,#4236);
#2802=LINE('',#17694,#4237);
#2803=LINE('',#17696,#4238);
#2804=LINE('',#17698,#4239);
#2805=LINE('',#17700,#4240);
#2806=LINE('',#17702,#4241);
#2807=LINE('',#17704,#4242);
#2808=LINE('',#17706,#4243);
#2809=LINE('',#17708,#4244);
#2810=LINE('',#17710,#4245);
#2811=LINE('',#17712,#4246);
#2812=LINE('',#17714,#4247);
#2813=LINE('',#17716,#4248);
#2814=LINE('',#17718,#4249);
#2815=LINE('',#17720,#4250);
#2816=LINE('',#17722,#4251);
#2817=LINE('',#17724,#4252);
#2818=LINE('',#17726,#4253);
#2819=LINE('',#17727,#4254);
#2820=LINE('',#17730,#4255);
#2821=LINE('',#17732,#4256);
#2822=LINE('',#17733,#4257);
#2823=LINE('',#17736,#4258);
#2824=LINE('',#17737,#4259);
#2825=LINE('',#17740,#4260);
#2826=LINE('',#17741,#4261);
#2827=LINE('',#17744,#4262);
#2828=LINE('',#17745,#4263);
#2829=LINE('',#17748,#4264);
#2830=LINE('',#17749,#4265);
#2831=LINE('',#17752,#4266);
#2832=LINE('',#17753,#4267);
#2833=LINE('',#17756,#4268);
#2834=LINE('',#17757,#4269);
#2835=LINE('',#17760,#4270);
#2836=LINE('',#17761,#4271);
#2837=LINE('',#17764,#4272);
#2838=LINE('',#17765,#4273);
#2839=LINE('',#17768,#4274);
#2840=LINE('',#17769,#4275);
#2841=LINE('',#17772,#4276);
#2842=LINE('',#17773,#4277);
#2843=LINE('',#17776,#4278);
#2844=LINE('',#17777,#4279);
#2845=LINE('',#17780,#4280);
#2846=LINE('',#17781,#4281);
#2847=LINE('',#17784,#4282);
#2848=LINE('',#17785,#4283);
#2849=LINE('',#17788,#4284);
#2850=LINE('',#17789,#4285);
#2851=LINE('',#17792,#4286);
#2852=LINE('',#17793,#4287);
#2853=LINE('',#17796,#4288);
#2854=LINE('',#17797,#4289);
#2855=LINE('',#17800,#4290);
#2856=LINE('',#17801,#4291);
#2857=LINE('',#17803,#4292);
#2858=LINE('',#17808,#4293);
#2859=LINE('',#17810,#4294);
#2860=LINE('',#17812,#4295);
#2861=LINE('',#17814,#4296);
#2862=LINE('',#17816,#4297);
#2863=LINE('',#17818,#4298);
#2864=LINE('',#17820,#4299);
#2865=LINE('',#17822,#4300);
#2866=LINE('',#17824,#4301);
#2867=LINE('',#17826,#4302);
#2868=LINE('',#17828,#4303);
#2869=LINE('',#17830,#4304);
#2870=LINE('',#17832,#4305);
#2871=LINE('',#17834,#4306);
#2872=LINE('',#17836,#4307);
#2873=LINE('',#17838,#4308);
#2874=LINE('',#17839,#4309);
#2875=LINE('',#17842,#4310);
#2876=LINE('',#17844,#4311);
#2877=LINE('',#17845,#4312);
#2878=LINE('',#17848,#4313);
#2879=LINE('',#17849,#4314);
#2880=LINE('',#17852,#4315);
#2881=LINE('',#17853,#4316);
#2882=LINE('',#17856,#4317);
#2883=LINE('',#17857,#4318);
#2884=LINE('',#17860,#4319);
#2885=LINE('',#17861,#4320);
#2886=LINE('',#17864,#4321);
#2887=LINE('',#17865,#4322);
#2888=LINE('',#17868,#4323);
#2889=LINE('',#17869,#4324);
#2890=LINE('',#17872,#4325);
#2891=LINE('',#17873,#4326);
#2892=LINE('',#17876,#4327);
#2893=LINE('',#17877,#4328);
#2894=LINE('',#17880,#4329);
#2895=LINE('',#17881,#4330);
#2896=LINE('',#17884,#4331);
#2897=LINE('',#17885,#4332);
#2898=LINE('',#17888,#4333);
#2899=LINE('',#17889,#4334);
#2900=LINE('',#17892,#4335);
#2901=LINE('',#17893,#4336);
#2902=LINE('',#17896,#4337);
#2903=LINE('',#17897,#4338);
#2904=LINE('',#17900,#4339);
#2905=LINE('',#17901,#4340);
#2906=LINE('',#17904,#4341);
#2907=LINE('',#17905,#4342);
#2908=LINE('',#17907,#4343);
#2909=LINE('',#17912,#4344);
#2910=LINE('',#17914,#4345);
#2911=LINE('',#17916,#4346);
#2912=LINE('',#17917,#4347);
#2913=LINE('',#17920,#4348);
#2914=LINE('',#17922,#4349);
#2915=LINE('',#17923,#4350);
#2916=LINE('',#17926,#4351);
#2917=LINE('',#17927,#4352);
#2918=LINE('',#17930,#4353);
#2919=LINE('',#17931,#4354);
#2920=LINE('',#17933,#4355);
#2921=LINE('',#17938,#4356);
#2922=LINE('',#17940,#4357);
#2923=LINE('',#17942,#4358);
#2924=LINE('',#17943,#4359);
#2925=LINE('',#17946,#4360);
#2926=LINE('',#17948,#4361);
#2927=LINE('',#17949,#4362);
#2928=LINE('',#17952,#4363);
#2929=LINE('',#17953,#4364);
#2930=LINE('',#17956,#4365);
#2931=LINE('',#17957,#4366);
#2932=LINE('',#17959,#4367);
#2933=LINE('',#17964,#4368);
#2934=LINE('',#17966,#4369);
#2935=LINE('',#17968,#4370);
#2936=LINE('',#17970,#4371);
#2937=LINE('',#17972,#4372);
#2938=LINE('',#17974,#4373);
#2939=LINE('',#17976,#4374);
#2940=LINE('',#17978,#4375);
#2941=LINE('',#17980,#4376);
#2942=LINE('',#17982,#4377);
#2943=LINE('',#17984,#4378);
#2944=LINE('',#17986,#4379);
#2945=LINE('',#17988,#4380);
#2946=LINE('',#17990,#4381);
#2947=LINE('',#17992,#4382);
#2948=LINE('',#17994,#4383);
#2949=LINE('',#17996,#4384);
#2950=LINE('',#17998,#4385);
#2951=LINE('',#18000,#4386);
#2952=LINE('',#18002,#4387);
#2953=LINE('',#18004,#4388);
#2954=LINE('',#18005,#4389);
#2955=LINE('',#18008,#4390);
#2956=LINE('',#18010,#4391);
#2957=LINE('',#18011,#4392);
#2958=LINE('',#18014,#4393);
#2959=LINE('',#18015,#4394);
#2960=LINE('',#18018,#4395);
#2961=LINE('',#18019,#4396);
#2962=LINE('',#18022,#4397);
#2963=LINE('',#18023,#4398);
#2964=LINE('',#18026,#4399);
#2965=LINE('',#18027,#4400);
#2966=LINE('',#18030,#4401);
#2967=LINE('',#18031,#4402);
#2968=LINE('',#18034,#4403);
#2969=LINE('',#18035,#4404);
#2970=LINE('',#18038,#4405);
#2971=LINE('',#18039,#4406);
#2972=LINE('',#18042,#4407);
#2973=LINE('',#18043,#4408);
#2974=LINE('',#18046,#4409);
#2975=LINE('',#18047,#4410);
#2976=LINE('',#18050,#4411);
#2977=LINE('',#18051,#4412);
#2978=LINE('',#18054,#4413);
#2979=LINE('',#18055,#4414);
#2980=LINE('',#18058,#4415);
#2981=LINE('',#18059,#4416);
#2982=LINE('',#18062,#4417);
#2983=LINE('',#18063,#4418);
#2984=LINE('',#18066,#4419);
#2985=LINE('',#18067,#4420);
#2986=LINE('',#18070,#4421);
#2987=LINE('',#18071,#4422);
#2988=LINE('',#18074,#4423);
#2989=LINE('',#18075,#4424);
#2990=LINE('',#18078,#4425);
#2991=LINE('',#18079,#4426);
#2992=LINE('',#18082,#4427);
#2993=LINE('',#18083,#4428);
#2994=LINE('',#18086,#4429);
#2995=LINE('',#18087,#4430);
#2996=LINE('',#18090,#4431);
#2997=LINE('',#18091,#4432);
#2998=LINE('',#18093,#4433);
#2999=LINE('',#18098,#4434);
#3000=LINE('',#18100,#4435);
#3001=LINE('',#18102,#4436);
#3002=LINE('',#18104,#4437);
#3003=LINE('',#18106,#4438);
#3004=LINE('',#18108,#4439);
#3005=LINE('',#18110,#4440);
#3006=LINE('',#18112,#4441);
#3007=LINE('',#18114,#4442);
#3008=LINE('',#18116,#4443);
#3009=LINE('',#18118,#4444);
#3010=LINE('',#18120,#4445);
#3011=LINE('',#18122,#4446);
#3012=LINE('',#18123,#4447);
#3013=LINE('',#18126,#4448);
#3014=LINE('',#18128,#4449);
#3015=LINE('',#18130,#4450);
#3016=LINE('',#18132,#4451);
#3017=LINE('',#18133,#4452);
#3018=LINE('',#18136,#4453);
#3019=LINE('',#18138,#4454);
#3020=LINE('',#18139,#4455);
#3021=LINE('',#18142,#4456);
#3022=LINE('',#18143,#4457);
#3023=LINE('',#18146,#4458);
#3024=LINE('',#18147,#4459);
#3025=LINE('',#18150,#4460);
#3026=LINE('',#18151,#4461);
#3027=LINE('',#18154,#4462);
#3028=LINE('',#18155,#4463);
#3029=LINE('',#18158,#4464);
#3030=LINE('',#18159,#4465);
#3031=LINE('',#18162,#4466);
#3032=LINE('',#18163,#4467);
#3033=LINE('',#18166,#4468);
#3034=LINE('',#18167,#4469);
#3035=LINE('',#18170,#4470);
#3036=LINE('',#18171,#4471);
#3037=LINE('',#18174,#4472);
#3038=LINE('',#18175,#4473);
#3039=LINE('',#18178,#4474);
#3040=LINE('',#18179,#4475);
#3041=LINE('',#18182,#4476);
#3042=LINE('',#18183,#4477);
#3043=LINE('',#18186,#4478);
#3044=LINE('',#18187,#4479);
#3045=LINE('',#18189,#4480);
#3046=LINE('',#18192,#4481);
#3047=LINE('',#18194,#4482);
#3048=LINE('',#18195,#4483);
#3049=LINE('',#18198,#4484);
#3050=LINE('',#18199,#4485);
#3051=LINE('',#18202,#4486);
#3052=LINE('',#18203,#4487);
#3053=LINE('',#18206,#4488);
#3054=LINE('',#18207,#4489);
#3055=LINE('',#18209,#4490);
#3056=LINE('',#18214,#4491);
#3057=LINE('',#18216,#4492);
#3058=LINE('',#18218,#4493);
#3059=LINE('',#18220,#4494);
#3060=LINE('',#18222,#4495);
#3061=LINE('',#18224,#4496);
#3062=LINE('',#18226,#4497);
#3063=LINE('',#18228,#4498);
#3064=LINE('',#18230,#4499);
#3065=LINE('',#18232,#4500);
#3066=LINE('',#18234,#4501);
#3067=LINE('',#18236,#4502);
#3068=LINE('',#18238,#4503);
#3069=LINE('',#18239,#4504);
#3070=LINE('',#18242,#4505);
#3071=LINE('',#18244,#4506);
#3072=LINE('',#18246,#4507);
#3073=LINE('',#18248,#4508);
#3074=LINE('',#18250,#4509);
#3075=LINE('',#18252,#4510);
#3076=LINE('',#18254,#4511);
#3077=LINE('',#18255,#4512);
#3078=LINE('',#18258,#4513);
#3079=LINE('',#18260,#4514);
#3080=LINE('',#18261,#4515);
#3081=LINE('',#18264,#4516);
#3082=LINE('',#18265,#4517);
#3083=LINE('',#18268,#4518);
#3084=LINE('',#18269,#4519);
#3085=LINE('',#18272,#4520);
#3086=LINE('',#18273,#4521);
#3087=LINE('',#18276,#4522);
#3088=LINE('',#18277,#4523);
#3089=LINE('',#18280,#4524);
#3090=LINE('',#18281,#4525);
#3091=LINE('',#18284,#4526);
#3092=LINE('',#18285,#4527);
#3093=LINE('',#18288,#4528);
#3094=LINE('',#18289,#4529);
#3095=LINE('',#18292,#4530);
#3096=LINE('',#18293,#4531);
#3097=LINE('',#18296,#4532);
#3098=LINE('',#18297,#4533);
#3099=LINE('',#18300,#4534);
#3100=LINE('',#18301,#4535);
#3101=LINE('',#18304,#4536);
#3102=LINE('',#18305,#4537);
#3103=LINE('',#18308,#4538);
#3104=LINE('',#18309,#4539);
#3105=LINE('',#18311,#4540);
#3106=LINE('',#18314,#4541);
#3107=LINE('',#18316,#4542);
#3108=LINE('',#18317,#4543);
#3109=LINE('',#18320,#4544);
#3110=LINE('',#18321,#4545);
#3111=LINE('',#18324,#4546);
#3112=LINE('',#18325,#4547);
#3113=LINE('',#18328,#4548);
#3114=LINE('',#18329,#4549);
#3115=LINE('',#18332,#4550);
#3116=LINE('',#18333,#4551);
#3117=LINE('',#18336,#4552);
#3118=LINE('',#18337,#4553);
#3119=LINE('',#18340,#4554);
#3120=LINE('',#18341,#4555);
#3121=LINE('',#18343,#4556);
#3122=LINE('',#18348,#4557);
#3123=LINE('',#18350,#4558);
#3124=LINE('',#18352,#4559);
#3125=LINE('',#18354,#4560);
#3126=LINE('',#18356,#4561);
#3127=LINE('',#18358,#4562);
#3128=LINE('',#18360,#4563);
#3129=LINE('',#18362,#4564);
#3130=LINE('',#18364,#4565);
#3131=LINE('',#18366,#4566);
#3132=LINE('',#18368,#4567);
#3133=LINE('',#18370,#4568);
#3134=LINE('',#18372,#4569);
#3135=LINE('',#18374,#4570);
#3136=LINE('',#18375,#4571);
#3137=LINE('',#18378,#4572);
#3138=LINE('',#18380,#4573);
#3139=LINE('',#18381,#4574);
#3140=LINE('',#18384,#4575);
#3141=LINE('',#18386,#4576);
#3142=LINE('',#18387,#4577);
#3143=LINE('',#18390,#4578);
#3144=LINE('',#18391,#4579);
#3145=LINE('',#18394,#4580);
#3146=LINE('',#18395,#4581);
#3147=LINE('',#18398,#4582);
#3148=LINE('',#18399,#4583);
#3149=LINE('',#18402,#4584);
#3150=LINE('',#18403,#4585);
#3151=LINE('',#18406,#4586);
#3152=LINE('',#18407,#4587);
#3153=LINE('',#18410,#4588);
#3154=LINE('',#18411,#4589);
#3155=LINE('',#18414,#4590);
#3156=LINE('',#18415,#4591);
#3157=LINE('',#18418,#4592);
#3158=LINE('',#18419,#4593);
#3159=LINE('',#18422,#4594);
#3160=LINE('',#18423,#4595);
#3161=LINE('',#18426,#4596);
#3162=LINE('',#18427,#4597);
#3163=LINE('',#18430,#4598);
#3164=LINE('',#18431,#4599);
#3165=LINE('',#18434,#4600);
#3166=LINE('',#18435,#4601);
#3167=LINE('',#18438,#4602);
#3168=LINE('',#18439,#4603);
#3169=LINE('',#18441,#4604);
#3170=LINE('',#18444,#4605);
#3171=LINE('',#18446,#4606);
#3172=LINE('',#18447,#4607);
#3173=LINE('',#18450,#4608);
#3174=LINE('',#18451,#4609);
#3175=LINE('',#18453,#4610);
#3176=LINE('',#18458,#4611);
#3177=LINE('',#18460,#4612);
#3178=LINE('',#18462,#4613);
#3179=LINE('',#18464,#4614);
#3180=LINE('',#18466,#4615);
#3181=LINE('',#18468,#4616);
#3182=LINE('',#18470,#4617);
#3183=LINE('',#18472,#4618);
#3184=LINE('',#18474,#4619);
#3185=LINE('',#18476,#4620);
#3186=LINE('',#18478,#4621);
#3187=LINE('',#18480,#4622);
#3188=LINE('',#18481,#4623);
#3189=LINE('',#18484,#4624);
#3190=LINE('',#18486,#4625);
#3191=LINE('',#18487,#4626);
#3192=LINE('',#18490,#4627);
#3193=LINE('',#18491,#4628);
#3194=LINE('',#18494,#4629);
#3195=LINE('',#18495,#4630);
#3196=LINE('',#18498,#4631);
#3197=LINE('',#18499,#4632);
#3198=LINE('',#18502,#4633);
#3199=LINE('',#18503,#4634);
#3200=LINE('',#18506,#4635);
#3201=LINE('',#18507,#4636);
#3202=LINE('',#18510,#4637);
#3203=LINE('',#18511,#4638);
#3204=LINE('',#18514,#4639);
#3205=LINE('',#18515,#4640);
#3206=LINE('',#18518,#4641);
#3207=LINE('',#18519,#4642);
#3208=LINE('',#18522,#4643);
#3209=LINE('',#18523,#4644);
#3210=LINE('',#18526,#4645);
#3211=LINE('',#18527,#4646);
#3212=LINE('',#18530,#4647);
#3213=LINE('',#18531,#4648);
#3214=LINE('',#18533,#4649);
#3215=LINE('',#18538,#4650);
#3216=LINE('',#18540,#4651);
#3217=LINE('',#18542,#4652);
#3218=LINE('',#18544,#4653);
#3219=LINE('',#18546,#4654);
#3220=LINE('',#18548,#4655);
#3221=LINE('',#18550,#4656);
#3222=LINE('',#18552,#4657);
#3223=LINE('',#18554,#4658);
#3224=LINE('',#18556,#4659);
#3225=LINE('',#18558,#4660);
#3226=LINE('',#18560,#4661);
#3227=LINE('',#18561,#4662);
#3228=LINE('',#18564,#4663);
#3229=LINE('',#18566,#4664);
#3230=LINE('',#18568,#4665);
#3231=LINE('',#18570,#4666);
#3232=LINE('',#18572,#4667);
#3233=LINE('',#18574,#4668);
#3234=LINE('',#18576,#4669);
#3235=LINE('',#18577,#4670);
#3236=LINE('',#18580,#4671);
#3237=LINE('',#18582,#4672);
#3238=LINE('',#18583,#4673);
#3239=LINE('',#18586,#4674);
#3240=LINE('',#18587,#4675);
#3241=LINE('',#18590,#4676);
#3242=LINE('',#18591,#4677);
#3243=LINE('',#18594,#4678);
#3244=LINE('',#18595,#4679);
#3245=LINE('',#18598,#4680);
#3246=LINE('',#18599,#4681);
#3247=LINE('',#18602,#4682);
#3248=LINE('',#18603,#4683);
#3249=LINE('',#18606,#4684);
#3250=LINE('',#18607,#4685);
#3251=LINE('',#18610,#4686);
#3252=LINE('',#18611,#4687);
#3253=LINE('',#18614,#4688);
#3254=LINE('',#18615,#4689);
#3255=LINE('',#18618,#4690);
#3256=LINE('',#18619,#4691);
#3257=LINE('',#18622,#4692);
#3258=LINE('',#18623,#4693);
#3259=LINE('',#18626,#4694);
#3260=LINE('',#18627,#4695);
#3261=LINE('',#18629,#4696);
#3262=LINE('',#18632,#4697);
#3263=LINE('',#18634,#4698);
#3264=LINE('',#18635,#4699);
#3265=LINE('',#18638,#4700);
#3266=LINE('',#18639,#4701);
#3267=LINE('',#18642,#4702);
#3268=LINE('',#18643,#4703);
#3269=LINE('',#18646,#4704);
#3270=LINE('',#18647,#4705);
#3271=LINE('',#18650,#4706);
#3272=LINE('',#18651,#4707);
#3273=LINE('',#18654,#4708);
#3274=LINE('',#18655,#4709);
#3275=LINE('',#18658,#4710);
#3276=LINE('',#18659,#4711);
#3277=LINE('',#18661,#4712);
#3278=LINE('',#18666,#4713);
#3279=LINE('',#18668,#4714);
#3280=LINE('',#18670,#4715);
#3281=LINE('',#18672,#4716);
#3282=LINE('',#18674,#4717);
#3283=LINE('',#18676,#4718);
#3284=LINE('',#18677,#4719);
#3285=LINE('',#18680,#4720);
#3286=LINE('',#18682,#4721);
#3287=LINE('',#18684,#4722);
#3288=LINE('',#18686,#4723);
#3289=LINE('',#18687,#4724);
#3290=LINE('',#18690,#4725);
#3291=LINE('',#18692,#4726);
#3292=LINE('',#18693,#4727);
#3293=LINE('',#18696,#4728);
#3294=LINE('',#18697,#4729);
#3295=LINE('',#18700,#4730);
#3296=LINE('',#18701,#4731);
#3297=LINE('',#18704,#4732);
#3298=LINE('',#18705,#4733);
#3299=LINE('',#18708,#4734);
#3300=LINE('',#18709,#4735);
#3301=LINE('',#18712,#4736);
#3302=LINE('',#18713,#4737);
#3303=LINE('',#18715,#4738);
#3304=LINE('',#18718,#4739);
#3305=LINE('',#18720,#4740);
#3306=LINE('',#18721,#4741);
#3307=LINE('',#18724,#4742);
#3308=LINE('',#18725,#4743);
#3309=LINE('',#18728,#4744);
#3310=LINE('',#18729,#4745);
#3311=LINE('',#18732,#4746);
#3312=LINE('',#18733,#4747);
#3313=LINE('',#18735,#4748);
#3314=LINE('',#18740,#4749);
#3315=LINE('',#18742,#4750);
#3316=LINE('',#18744,#4751);
#3317=LINE('',#18745,#4752);
#3318=LINE('',#18749,#4753);
#3319=LINE('',#18751,#4754);
#3320=LINE('',#18753,#4755);
#3321=LINE('',#18754,#4756);
#3322=LINE('',#18756,#4757);
#3323=LINE('',#18757,#4758);
#3324=LINE('',#18759,#4759);
#3325=LINE('',#18761,#4760);
#3326=LINE('',#18766,#4761);
#3327=LINE('',#18768,#4762);
#3328=LINE('',#18770,#4763);
#3329=LINE('',#18772,#4764);
#3330=LINE('',#18774,#4765);
#3331=LINE('',#18775,#4766);
#3332=LINE('',#18779,#4767);
#3333=LINE('',#18781,#4768);
#3334=LINE('',#18783,#4769);
#3335=LINE('',#18785,#4770);
#3336=LINE('',#18787,#4771);
#3337=LINE('',#18788,#4772);
#3338=LINE('',#18790,#4773);
#3339=LINE('',#18791,#4774);
#3340=LINE('',#18793,#4775);
#3341=LINE('',#18795,#4776);
#3342=LINE('',#18797,#4777);
#3343=LINE('',#18799,#4778);
#3344=LINE('',#18812,#4779);
#3345=LINE('',#18813,#4780);
#3346=LINE('',#18818,#4781);
#3347=LINE('',#18822,#4782);
#3348=LINE('',#18826,#4783);
#3349=LINE('',#18830,#4784);
#3350=LINE('',#18837,#4785);
#3351=LINE('',#18841,#4786);
#3352=LINE('',#18845,#4787);
#3353=LINE('',#18848,#4788);
#3354=LINE('',#18850,#4789);
#3355=LINE('',#18851,#4790);
#3356=LINE('',#18853,#4791);
#3357=LINE('',#18854,#4792);
#3358=LINE('',#18856,#4793);
#3359=LINE('',#18857,#4794);
#3360=LINE('',#18859,#4795);
#3361=LINE('',#18860,#4796);
#3362=VECTOR('',#12477,304.8);
#3363=VECTOR('',#12480,304.8);
#3364=VECTOR('',#12489,304.8);
#3365=VECTOR('',#12492,304.8);
#3366=VECTOR('',#12501,304.8);
#3367=VECTOR('',#12504,304.8);
#3368=VECTOR('',#12515,304.8);
#3369=VECTOR('',#12518,304.8);
#3370=VECTOR('',#12535,304.8);
#3371=VECTOR('',#12538,304.8);
#3372=VECTOR('',#12541,304.8);
#3373=VECTOR('',#12544,304.8);
#3374=VECTOR('',#12557,304.8);
#3375=VECTOR('',#12560,304.8);
#3376=VECTOR('',#12565,304.8);
#3377=VECTOR('',#12568,304.8);
#3378=VECTOR('',#12577,304.8);
#3379=VECTOR('',#12580,304.8);
#3380=VECTOR('',#12589,304.8);
#3381=VECTOR('',#12592,304.8);
#3382=VECTOR('',#12599,304.8);
#3383=VECTOR('',#12604,304.8);
#3384=VECTOR('',#12607,304.8);
#3385=VECTOR('',#12608,304.8);
#3386=VECTOR('',#12609,304.8);
#3387=VECTOR('',#12610,304.8);
#3388=VECTOR('',#12611,304.8);
#3389=VECTOR('',#12614,304.8);
#3390=VECTOR('',#12619,304.8);
#3391=VECTOR('',#12622,304.8);
#3392=VECTOR('',#12627,304.8);
#3393=VECTOR('',#12628,304.8);
#3394=VECTOR('',#12633,304.8);
#3395=VECTOR('',#12636,304.8);
#3396=VECTOR('',#12639,304.8);
#3397=VECTOR('',#12642,304.8);
#3398=VECTOR('',#12661,304.8);
#3399=VECTOR('',#12664,304.8);
#3400=VECTOR('',#12667,304.8);
#3401=VECTOR('',#12670,304.8);
#3402=VECTOR('',#12691,304.8);
#3403=VECTOR('',#12692,304.8);
#3404=VECTOR('',#12695,304.8);
#3405=VECTOR('',#12696,304.8);
#3406=VECTOR('',#12699,304.8);
#3407=VECTOR('',#12702,304.8);
#3408=VECTOR('',#12705,304.8);
#3409=VECTOR('',#12708,304.8);
#3410=VECTOR('',#12711,304.8);
#3411=VECTOR('',#12714,304.8);
#3412=VECTOR('',#12717,304.8);
#3413=VECTOR('',#12720,304.8);
#3414=VECTOR('',#12723,304.8);
#3415=VECTOR('',#12726,304.8);
#3416=VECTOR('',#12729,304.8);
#3417=VECTOR('',#12732,304.8);
#3418=VECTOR('',#12739,304.8);
#3419=VECTOR('',#12740,304.8);
#3420=VECTOR('',#12743,304.8);
#3421=VECTOR('',#12744,304.8);
#3422=VECTOR('',#12751,304.8);
#3423=VECTOR('',#12752,304.8);
#3424=VECTOR('',#12755,304.8);
#3425=VECTOR('',#12756,304.8);
#3426=VECTOR('',#12763,304.8);
#3427=VECTOR('',#12764,304.8);
#3428=VECTOR('',#12767,304.8);
#3429=VECTOR('',#12768,304.8);
#3430=VECTOR('',#12775,304.8);
#3431=VECTOR('',#12776,304.8);
#3432=VECTOR('',#12779,304.8);
#3433=VECTOR('',#12780,304.8);
#3434=VECTOR('',#12789,304.8);
#3435=VECTOR('',#12790,304.8);
#3436=VECTOR('',#12791,304.8);
#3437=VECTOR('',#12792,304.8);
#3438=VECTOR('',#12795,304.8);
#3439=VECTOR('',#12796,304.8);
#3440=VECTOR('',#12797,304.8);
#3441=VECTOR('',#12798,304.8);
#3442=VECTOR('',#12801,304.8);
#3443=VECTOR('',#12802,304.8);
#3444=VECTOR('',#12805,304.8);
#3445=VECTOR('',#12808,304.8);
#3446=VECTOR('',#12813,304.8);
#3447=VECTOR('',#12816,304.8);
#3448=VECTOR('',#12819,304.8);
#3449=VECTOR('',#12822,304.8);
#3450=VECTOR('',#12829,304.8);
#3451=VECTOR('',#12832,304.8);
#3452=VECTOR('',#12835,304.8);
#3453=VECTOR('',#12838,304.8);
#3454=VECTOR('',#12841,304.8);
#3455=VECTOR('',#12842,304.8);
#3456=VECTOR('',#12845,304.8);
#3457=VECTOR('',#12846,304.8);
#3458=VECTOR('',#12849,304.8);
#3459=VECTOR('',#12850,304.8);
#3460=VECTOR('',#12853,304.8);
#3461=VECTOR('',#12854,304.8);
#3462=VECTOR('',#12865,304.8);
#3463=VECTOR('',#12866,304.8);
#3464=VECTOR('',#12867,304.8);
#3465=VECTOR('',#12868,304.8);
#3466=VECTOR('',#12869,304.8);
#3467=VECTOR('',#12870,304.8);
#3468=VECTOR('',#12871,304.8);
#3469=VECTOR('',#12872,304.8);
#3470=VECTOR('',#12873,304.8);
#3471=VECTOR('',#12874,304.8);
#3472=VECTOR('',#12875,304.8);
#3473=VECTOR('',#12876,304.8);
#3474=VECTOR('',#12877,304.8);
#3475=VECTOR('',#12878,304.8);
#3476=VECTOR('',#12881,304.8);
#3477=VECTOR('',#12882,304.8);
#3478=VECTOR('',#12883,304.8);
#3479=VECTOR('',#12886,304.8);
#3480=VECTOR('',#12887,304.8);
#3481=VECTOR('',#12890,304.8);
#3482=VECTOR('',#12891,304.8);
#3483=VECTOR('',#12894,304.8);
#3484=VECTOR('',#12895,304.8);
#3485=VECTOR('',#12898,304.8);
#3486=VECTOR('',#12899,304.8);
#3487=VECTOR('',#12902,304.8);
#3488=VECTOR('',#12903,304.8);
#3489=VECTOR('',#12906,304.8);
#3490=VECTOR('',#12907,304.8);
#3491=VECTOR('',#12910,304.8);
#3492=VECTOR('',#12911,304.8);
#3493=VECTOR('',#12914,304.8);
#3494=VECTOR('',#12915,304.8);
#3495=VECTOR('',#12918,304.8);
#3496=VECTOR('',#12921,304.8);
#3497=VECTOR('',#12922,304.8);
#3498=VECTOR('',#12923,304.8);
#3499=VECTOR('',#12926,304.8);
#3500=VECTOR('',#12927,304.8);
#3501=VECTOR('',#12930,304.8);
#3502=VECTOR('',#12931,304.8);
#3503=VECTOR('',#12934,304.8);
#3504=VECTOR('',#12939,304.8);
#3505=VECTOR('',#12940,304.8);
#3506=VECTOR('',#12941,304.8);
#3507=VECTOR('',#12942,304.8);
#3508=VECTOR('',#12943,304.8);
#3509=VECTOR('',#12944,304.8);
#3510=VECTOR('',#12945,304.8);
#3511=VECTOR('',#12946,304.8);
#3512=VECTOR('',#12947,304.8);
#3513=VECTOR('',#12948,304.8);
#3514=VECTOR('',#12949,304.8);
#3515=VECTOR('',#12950,304.8);
#3516=VECTOR('',#12951,304.8);
#3517=VECTOR('',#12952,304.8);
#3518=VECTOR('',#12953,304.8);
#3519=VECTOR('',#12954,304.8);
#3520=VECTOR('',#12955,304.8);
#3521=VECTOR('',#12958,304.8);
#3522=VECTOR('',#12959,304.8);
#3523=VECTOR('',#12960,304.8);
#3524=VECTOR('',#12963,304.8);
#3525=VECTOR('',#12964,304.8);
#3526=VECTOR('',#12967,304.8);
#3527=VECTOR('',#12968,304.8);
#3528=VECTOR('',#12971,304.8);
#3529=VECTOR('',#12972,304.8);
#3530=VECTOR('',#12975,304.8);
#3531=VECTOR('',#12976,304.8);
#3532=VECTOR('',#12979,304.8);
#3533=VECTOR('',#12980,304.8);
#3534=VECTOR('',#12983,304.8);
#3535=VECTOR('',#12984,304.8);
#3536=VECTOR('',#12987,304.8);
#3537=VECTOR('',#12988,304.8);
#3538=VECTOR('',#12991,304.8);
#3539=VECTOR('',#12994,304.8);
#3540=VECTOR('',#12995,304.8);
#3541=VECTOR('',#12996,304.8);
#3542=VECTOR('',#12999,304.8);
#3543=VECTOR('',#13000,304.8);
#3544=VECTOR('',#13003,304.8);
#3545=VECTOR('',#13004,304.8);
#3546=VECTOR('',#13007,304.8);
#3547=VECTOR('',#13008,304.8);
#3548=VECTOR('',#13011,304.8);
#3549=VECTOR('',#13012,304.8);
#3550=VECTOR('',#13015,304.8);
#3551=VECTOR('',#13016,304.8);
#3552=VECTOR('',#13019,304.8);
#3553=VECTOR('',#13020,304.8);
#3554=VECTOR('',#13023,304.8);
#3555=VECTOR('',#13028,304.8);
#3556=VECTOR('',#13029,304.8);
#3557=VECTOR('',#13030,304.8);
#3558=VECTOR('',#13031,304.8);
#3559=VECTOR('',#13032,304.8);
#3560=VECTOR('',#13033,304.8);
#3561=VECTOR('',#13034,304.8);
#3562=VECTOR('',#13035,304.8);
#3563=VECTOR('',#13036,304.8);
#3564=VECTOR('',#13037,304.8);
#3565=VECTOR('',#13038,304.8);
#3566=VECTOR('',#13039,304.8);
#3567=VECTOR('',#13040,304.8);
#3568=VECTOR('',#13041,304.8);
#3569=VECTOR('',#13042,304.8);
#3570=VECTOR('',#13043,304.8);
#3571=VECTOR('',#13046,304.8);
#3572=VECTOR('',#13047,304.8);
#3573=VECTOR('',#13048,304.8);
#3574=VECTOR('',#13051,304.8);
#3575=VECTOR('',#13052,304.8);
#3576=VECTOR('',#13055,304.8);
#3577=VECTOR('',#13056,304.8);
#3578=VECTOR('',#13059,304.8);
#3579=VECTOR('',#13060,304.8);
#3580=VECTOR('',#13063,304.8);
#3581=VECTOR('',#13064,304.8);
#3582=VECTOR('',#13067,304.8);
#3583=VECTOR('',#13068,304.8);
#3584=VECTOR('',#13071,304.8);
#3585=VECTOR('',#13072,304.8);
#3586=VECTOR('',#13075,304.8);
#3587=VECTOR('',#13078,304.8);
#3588=VECTOR('',#13079,304.8);
#3589=VECTOR('',#13080,304.8);
#3590=VECTOR('',#13083,304.8);
#3591=VECTOR('',#13084,304.8);
#3592=VECTOR('',#13087,304.8);
#3593=VECTOR('',#13088,304.8);
#3594=VECTOR('',#13091,304.8);
#3595=VECTOR('',#13094,304.8);
#3596=VECTOR('',#13095,304.8);
#3597=VECTOR('',#13096,304.8);
#3598=VECTOR('',#13099,304.8);
#3599=VECTOR('',#13100,304.8);
#3600=VECTOR('',#13103,304.8);
#3601=VECTOR('',#13104,304.8);
#3602=VECTOR('',#13107,304.8);
#3603=VECTOR('',#13112,304.8);
#3604=VECTOR('',#13113,304.8);
#3605=VECTOR('',#13114,304.8);
#3606=VECTOR('',#13115,304.8);
#3607=VECTOR('',#13116,304.8);
#3608=VECTOR('',#13117,304.8);
#3609=VECTOR('',#13118,304.8);
#3610=VECTOR('',#13119,304.8);
#3611=VECTOR('',#13120,304.8);
#3612=VECTOR('',#13121,304.8);
#3613=VECTOR('',#13124,304.8);
#3614=VECTOR('',#13125,304.8);
#3615=VECTOR('',#13126,304.8);
#3616=VECTOR('',#13129,304.8);
#3617=VECTOR('',#13130,304.8);
#3618=VECTOR('',#13133,304.8);
#3619=VECTOR('',#13134,304.8);
#3620=VECTOR('',#13137,304.8);
#3621=VECTOR('',#13138,304.8);
#3622=VECTOR('',#13141,304.8);
#3623=VECTOR('',#13142,304.8);
#3624=VECTOR('',#13145,304.8);
#3625=VECTOR('',#13146,304.8);
#3626=VECTOR('',#13149,304.8);
#3627=VECTOR('',#13150,304.8);
#3628=VECTOR('',#13153,304.8);
#3629=VECTOR('',#13154,304.8);
#3630=VECTOR('',#13157,304.8);
#3631=VECTOR('',#13158,304.8);
#3632=VECTOR('',#13161,304.8);
#3633=VECTOR('',#13166,304.8);
#3634=VECTOR('',#13167,304.8);
#3635=VECTOR('',#13168,304.8);
#3636=VECTOR('',#13169,304.8);
#3637=VECTOR('',#13170,304.8);
#3638=VECTOR('',#13171,304.8);
#3639=VECTOR('',#13172,304.8);
#3640=VECTOR('',#13173,304.8);
#3641=VECTOR('',#13174,304.8);
#3642=VECTOR('',#13175,304.8);
#3643=VECTOR('',#13176,304.8);
#3644=VECTOR('',#13177,304.8);
#3645=VECTOR('',#13178,304.8);
#3646=VECTOR('',#13179,304.8);
#3647=VECTOR('',#13180,304.8);
#3648=VECTOR('',#13181,304.8);
#3649=VECTOR('',#13182,304.8);
#3650=VECTOR('',#13183,304.8);
#3651=VECTOR('',#13184,304.8);
#3652=VECTOR('',#13185,304.8);
#3653=VECTOR('',#13186,304.8);
#3654=VECTOR('',#13187,304.8);
#3655=VECTOR('',#13188,304.8);
#3656=VECTOR('',#13191,304.8);
#3657=VECTOR('',#13192,304.8);
#3658=VECTOR('',#13193,304.8);
#3659=VECTOR('',#13196,304.8);
#3660=VECTOR('',#13197,304.8);
#3661=VECTOR('',#13200,304.8);
#3662=VECTOR('',#13201,304.8);
#3663=VECTOR('',#13204,304.8);
#3664=VECTOR('',#13205,304.8);
#3665=VECTOR('',#13208,304.8);
#3666=VECTOR('',#13209,304.8);
#3667=VECTOR('',#13212,304.8);
#3668=VECTOR('',#13213,304.8);
#3669=VECTOR('',#13216,304.8);
#3670=VECTOR('',#13217,304.8);
#3671=VECTOR('',#13220,304.8);
#3672=VECTOR('',#13221,304.8);
#3673=VECTOR('',#13224,304.8);
#3674=VECTOR('',#13225,304.8);
#3675=VECTOR('',#13228,304.8);
#3676=VECTOR('',#13229,304.8);
#3677=VECTOR('',#13232,304.8);
#3678=VECTOR('',#13233,304.8);
#3679=VECTOR('',#13236,304.8);
#3680=VECTOR('',#13237,304.8);
#3681=VECTOR('',#13240,304.8);
#3682=VECTOR('',#13241,304.8);
#3683=VECTOR('',#13244,304.8);
#3684=VECTOR('',#13245,304.8);
#3685=VECTOR('',#13248,304.8);
#3686=VECTOR('',#13251,304.8);
#3687=VECTOR('',#13252,304.8);
#3688=VECTOR('',#13253,304.8);
#3689=VECTOR('',#13256,304.8);
#3690=VECTOR('',#13257,304.8);
#3691=VECTOR('',#13260,304.8);
#3692=VECTOR('',#13261,304.8);
#3693=VECTOR('',#13264,304.8);
#3694=VECTOR('',#13265,304.8);
#3695=VECTOR('',#13268,304.8);
#3696=VECTOR('',#13269,304.8);
#3697=VECTOR('',#13272,304.8);
#3698=VECTOR('',#13273,304.8);
#3699=VECTOR('',#13276,304.8);
#3700=VECTOR('',#13277,304.8);
#3701=VECTOR('',#13280,304.8);
#3702=VECTOR('',#13285,304.8);
#3703=VECTOR('',#13286,304.8);
#3704=VECTOR('',#13287,304.8);
#3705=VECTOR('',#13288,304.8);
#3706=VECTOR('',#13289,304.8);
#3707=VECTOR('',#13290,304.8);
#3708=VECTOR('',#13291,304.8);
#3709=VECTOR('',#13292,304.8);
#3710=VECTOR('',#13295,304.8);
#3711=VECTOR('',#13296,304.8);
#3712=VECTOR('',#13297,304.8);
#3713=VECTOR('',#13300,304.8);
#3714=VECTOR('',#13301,304.8);
#3715=VECTOR('',#13304,304.8);
#3716=VECTOR('',#13305,304.8);
#3717=VECTOR('',#13308,304.8);
#3718=VECTOR('',#13309,304.8);
#3719=VECTOR('',#13312,304.8);
#3720=VECTOR('',#13313,304.8);
#3721=VECTOR('',#13316,304.8);
#3722=VECTOR('',#13317,304.8);
#3723=VECTOR('',#13320,304.8);
#3724=VECTOR('',#13321,304.8);
#3725=VECTOR('',#13324,304.8);
#3726=VECTOR('',#13329,304.8);
#3727=VECTOR('',#13330,304.8);
#3728=VECTOR('',#13331,304.8);
#3729=VECTOR('',#13332,304.8);
#3730=VECTOR('',#13333,304.8);
#3731=VECTOR('',#13334,304.8);
#3732=VECTOR('',#13335,304.8);
#3733=VECTOR('',#13336,304.8);
#3734=VECTOR('',#13337,304.8);
#3735=VECTOR('',#13338,304.8);
#3736=VECTOR('',#13341,304.8);
#3737=VECTOR('',#13342,304.8);
#3738=VECTOR('',#13343,304.8);
#3739=VECTOR('',#13346,304.8);
#3740=VECTOR('',#13347,304.8);
#3741=VECTOR('',#13350,304.8);
#3742=VECTOR('',#13351,304.8);
#3743=VECTOR('',#13354,304.8);
#3744=VECTOR('',#13355,304.8);
#3745=VECTOR('',#13358,304.8);
#3746=VECTOR('',#13359,304.8);
#3747=VECTOR('',#13362,304.8);
#3748=VECTOR('',#13363,304.8);
#3749=VECTOR('',#13366,304.8);
#3750=VECTOR('',#13367,304.8);
#3751=VECTOR('',#13370,304.8);
#3752=VECTOR('',#13371,304.8);
#3753=VECTOR('',#13374,304.8);
#3754=VECTOR('',#13375,304.8);
#3755=VECTOR('',#13378,304.8);
#3756=VECTOR('',#13383,304.8);
#3757=VECTOR('',#13384,304.8);
#3758=VECTOR('',#13385,304.8);
#3759=VECTOR('',#13386,304.8);
#3760=VECTOR('',#13389,304.8);
#3761=VECTOR('',#13390,304.8);
#3762=VECTOR('',#13391,304.8);
#3763=VECTOR('',#13394,304.8);
#3764=VECTOR('',#13395,304.8);
#3765=VECTOR('',#13398,304.8);
#3766=VECTOR('',#13399,304.8);
#3767=VECTOR('',#13402,304.8);
#3768=VECTOR('',#13407,304.8);
#3769=VECTOR('',#13408,304.8);
#3770=VECTOR('',#13409,304.8);
#3771=VECTOR('',#13410,304.8);
#3772=VECTOR('',#13411,304.8);
#3773=VECTOR('',#13412,304.8);
#3774=VECTOR('',#13413,304.8);
#3775=VECTOR('',#13414,304.8);
#3776=VECTOR('',#13415,304.8);
#3777=VECTOR('',#13416,304.8);
#3778=VECTOR('',#13419,304.8);
#3779=VECTOR('',#13420,304.8);
#3780=VECTOR('',#13421,304.8);
#3781=VECTOR('',#13424,304.8);
#3782=VECTOR('',#13425,304.8);
#3783=VECTOR('',#13428,304.8);
#3784=VECTOR('',#13429,304.8);
#3785=VECTOR('',#13432,304.8);
#3786=VECTOR('',#13433,304.8);
#3787=VECTOR('',#13436,304.8);
#3788=VECTOR('',#13437,304.8);
#3789=VECTOR('',#13440,304.8);
#3790=VECTOR('',#13441,304.8);
#3791=VECTOR('',#13444,304.8);
#3792=VECTOR('',#13445,304.8);
#3793=VECTOR('',#13448,304.8);
#3794=VECTOR('',#13449,304.8);
#3795=VECTOR('',#13452,304.8);
#3796=VECTOR('',#13453,304.8);
#3797=VECTOR('',#13456,304.8);
#3798=VECTOR('',#13461,304.8);
#3799=VECTOR('',#13462,304.8);
#3800=VECTOR('',#13463,304.8);
#3801=VECTOR('',#13464,304.8);
#3802=VECTOR('',#13465,304.8);
#3803=VECTOR('',#13466,304.8);
#3804=VECTOR('',#13467,304.8);
#3805=VECTOR('',#13468,304.8);
#3806=VECTOR('',#13469,304.8);
#3807=VECTOR('',#13470,304.8);
#3808=VECTOR('',#13471,304.8);
#3809=VECTOR('',#13472,304.8);
#3810=VECTOR('',#13473,304.8);
#3811=VECTOR('',#13476,304.8);
#3812=VECTOR('',#13477,304.8);
#3813=VECTOR('',#13478,304.8);
#3814=VECTOR('',#13481,304.8);
#3815=VECTOR('',#13482,304.8);
#3816=VECTOR('',#13485,304.8);
#3817=VECTOR('',#13486,304.8);
#3818=VECTOR('',#13489,304.8);
#3819=VECTOR('',#13490,304.8);
#3820=VECTOR('',#13493,304.8);
#3821=VECTOR('',#13494,304.8);
#3822=VECTOR('',#13497,304.8);
#3823=VECTOR('',#13498,304.8);
#3824=VECTOR('',#13501,304.8);
#3825=VECTOR('',#13502,304.8);
#3826=VECTOR('',#13505,304.8);
#3827=VECTOR('',#13506,304.8);
#3828=VECTOR('',#13509,304.8);
#3829=VECTOR('',#13510,304.8);
#3830=VECTOR('',#13513,304.8);
#3831=VECTOR('',#13514,304.8);
#3832=VECTOR('',#13517,304.8);
#3833=VECTOR('',#13518,304.8);
#3834=VECTOR('',#13521,304.8);
#3835=VECTOR('',#13522,304.8);
#3836=VECTOR('',#13525,304.8);
#3837=VECTOR('',#13530,304.8);
#3838=VECTOR('',#13531,304.8);
#3839=VECTOR('',#13532,304.8);
#3840=VECTOR('',#13533,304.8);
#3841=VECTOR('',#13534,304.8);
#3842=VECTOR('',#13535,304.8);
#3843=VECTOR('',#13536,304.8);
#3844=VECTOR('',#13537,304.8);
#3845=VECTOR('',#13538,304.8);
#3846=VECTOR('',#13539,304.8);
#3847=VECTOR('',#13540,304.8);
#3848=VECTOR('',#13541,304.8);
#3849=VECTOR('',#13542,304.8);
#3850=VECTOR('',#13543,304.8);
#3851=VECTOR('',#13544,304.8);
#3852=VECTOR('',#13545,304.8);
#3853=VECTOR('',#13546,304.8);
#3854=VECTOR('',#13549,304.8);
#3855=VECTOR('',#13550,304.8);
#3856=VECTOR('',#13551,304.8);
#3857=VECTOR('',#13554,304.8);
#3858=VECTOR('',#13555,304.8);
#3859=VECTOR('',#13558,304.8);
#3860=VECTOR('',#13559,304.8);
#3861=VECTOR('',#13562,304.8);
#3862=VECTOR('',#13563,304.8);
#3863=VECTOR('',#13566,304.8);
#3864=VECTOR('',#13567,304.8);
#3865=VECTOR('',#13570,304.8);
#3866=VECTOR('',#13571,304.8);
#3867=VECTOR('',#13574,304.8);
#3868=VECTOR('',#13575,304.8);
#3869=VECTOR('',#13578,304.8);
#3870=VECTOR('',#13579,304.8);
#3871=VECTOR('',#13582,304.8);
#3872=VECTOR('',#13583,304.8);
#3873=VECTOR('',#13586,304.8);
#3874=VECTOR('',#13587,304.8);
#3875=VECTOR('',#13590,304.8);
#3876=VECTOR('',#13591,304.8);
#3877=VECTOR('',#13594,304.8);
#3878=VECTOR('',#13595,304.8);
#3879=VECTOR('',#13598,304.8);
#3880=VECTOR('',#13599,304.8);
#3881=VECTOR('',#13602,304.8);
#3882=VECTOR('',#13603,304.8);
#3883=VECTOR('',#13606,304.8);
#3884=VECTOR('',#13607,304.8);
#3885=VECTOR('',#13610,304.8);
#3886=VECTOR('',#13611,304.8);
#3887=VECTOR('',#13614,304.8);
#3888=VECTOR('',#13619,304.8);
#3889=VECTOR('',#13620,304.8);
#3890=VECTOR('',#13621,304.8);
#3891=VECTOR('',#13622,304.8);
#3892=VECTOR('',#13623,304.8);
#3893=VECTOR('',#13624,304.8);
#3894=VECTOR('',#13625,304.8);
#3895=VECTOR('',#13626,304.8);
#3896=VECTOR('',#13627,304.8);
#3897=VECTOR('',#13628,304.8);
#3898=VECTOR('',#13629,304.8);
#3899=VECTOR('',#13630,304.8);
#3900=VECTOR('',#13631,304.8);
#3901=VECTOR('',#13632,304.8);
#3902=VECTOR('',#13633,304.8);
#3903=VECTOR('',#13634,304.8);
#3904=VECTOR('',#13635,304.8);
#3905=VECTOR('',#13636,304.8);
#3906=VECTOR('',#13637,304.8);
#3907=VECTOR('',#13640,304.8);
#3908=VECTOR('',#13641,304.8);
#3909=VECTOR('',#13642,304.8);
#3910=VECTOR('',#13645,304.8);
#3911=VECTOR('',#13646,304.8);
#3912=VECTOR('',#13649,304.8);
#3913=VECTOR('',#13650,304.8);
#3914=VECTOR('',#13653,304.8);
#3915=VECTOR('',#13654,304.8);
#3916=VECTOR('',#13657,304.8);
#3917=VECTOR('',#13658,304.8);
#3918=VECTOR('',#13661,304.8);
#3919=VECTOR('',#13662,304.8);
#3920=VECTOR('',#13665,304.8);
#3921=VECTOR('',#13666,304.8);
#3922=VECTOR('',#13669,304.8);
#3923=VECTOR('',#13670,304.8);
#3924=VECTOR('',#13673,304.8);
#3925=VECTOR('',#13674,304.8);
#3926=VECTOR('',#13677,304.8);
#3927=VECTOR('',#13678,304.8);
#3928=VECTOR('',#13681,304.8);
#3929=VECTOR('',#13682,304.8);
#3930=VECTOR('',#13685,304.8);
#3931=VECTOR('',#13686,304.8);
#3932=VECTOR('',#13689,304.8);
#3933=VECTOR('',#13690,304.8);
#3934=VECTOR('',#13693,304.8);
#3935=VECTOR('',#13696,304.8);
#3936=VECTOR('',#13697,304.8);
#3937=VECTOR('',#13698,304.8);
#3938=VECTOR('',#13701,304.8);
#3939=VECTOR('',#13702,304.8);
#3940=VECTOR('',#13705,304.8);
#3941=VECTOR('',#13706,304.8);
#3942=VECTOR('',#13709,304.8);
#3943=VECTOR('',#13710,304.8);
#3944=VECTOR('',#13713,304.8);
#3945=VECTOR('',#13718,304.8);
#3946=VECTOR('',#13719,304.8);
#3947=VECTOR('',#13720,304.8);
#3948=VECTOR('',#13721,304.8);
#3949=VECTOR('',#13722,304.8);
#3950=VECTOR('',#13723,304.8);
#3951=VECTOR('',#13724,304.8);
#3952=VECTOR('',#13725,304.8);
#3953=VECTOR('',#13726,304.8);
#3954=VECTOR('',#13727,304.8);
#3955=VECTOR('',#13728,304.8);
#3956=VECTOR('',#13729,304.8);
#3957=VECTOR('',#13730,304.8);
#3958=VECTOR('',#13731,304.8);
#3959=VECTOR('',#13734,304.8);
#3960=VECTOR('',#13735,304.8);
#3961=VECTOR('',#13736,304.8);
#3962=VECTOR('',#13739,304.8);
#3963=VECTOR('',#13740,304.8);
#3964=VECTOR('',#13743,304.8);
#3965=VECTOR('',#13744,304.8);
#3966=VECTOR('',#13747,304.8);
#3967=VECTOR('',#13748,304.8);
#3968=VECTOR('',#13751,304.8);
#3969=VECTOR('',#13752,304.8);
#3970=VECTOR('',#13755,304.8);
#3971=VECTOR('',#13756,304.8);
#3972=VECTOR('',#13759,304.8);
#3973=VECTOR('',#13760,304.8);
#3974=VECTOR('',#13763,304.8);
#3975=VECTOR('',#13764,304.8);
#3976=VECTOR('',#13767,304.8);
#3977=VECTOR('',#13768,304.8);
#3978=VECTOR('',#13771,304.8);
#3979=VECTOR('',#13772,304.8);
#3980=VECTOR('',#13775,304.8);
#3981=VECTOR('',#13776,304.8);
#3982=VECTOR('',#13779,304.8);
#3983=VECTOR('',#13780,304.8);
#3984=VECTOR('',#13783,304.8);
#3985=VECTOR('',#13784,304.8);
#3986=VECTOR('',#13787,304.8);
#3987=VECTOR('',#13792,304.8);
#3988=VECTOR('',#13793,304.8);
#3989=VECTOR('',#13794,304.8);
#3990=VECTOR('',#13795,304.8);
#3991=VECTOR('',#13796,304.8);
#3992=VECTOR('',#13797,304.8);
#3993=VECTOR('',#13798,304.8);
#3994=VECTOR('',#13799,304.8);
#3995=VECTOR('',#13800,304.8);
#3996=VECTOR('',#13801,304.8);
#3997=VECTOR('',#13804,304.8);
#3998=VECTOR('',#13805,304.8);
#3999=VECTOR('',#13806,304.8);
#4000=VECTOR('',#13809,304.8);
#4001=VECTOR('',#13810,304.8);
#4002=VECTOR('',#13813,304.8);
#4003=VECTOR('',#13814,304.8);
#4004=VECTOR('',#13817,304.8);
#4005=VECTOR('',#13818,304.8);
#4006=VECTOR('',#13821,304.8);
#4007=VECTOR('',#13822,304.8);
#4008=VECTOR('',#13825,304.8);
#4009=VECTOR('',#13826,304.8);
#4010=VECTOR('',#13829,304.8);
#4011=VECTOR('',#13830,304.8);
#4012=VECTOR('',#13833,304.8);
#4013=VECTOR('',#13834,304.8);
#4014=VECTOR('',#13837,304.8);
#4015=VECTOR('',#13838,304.8);
#4016=VECTOR('',#13841,304.8);
#4017=VECTOR('',#13846,304.8);
#4018=VECTOR('',#13847,304.8);
#4019=VECTOR('',#13848,304.8);
#4020=VECTOR('',#13849,304.8);
#4021=VECTOR('',#13850,304.8);
#4022=VECTOR('',#13851,304.8);
#4023=VECTOR('',#13852,304.8);
#4024=VECTOR('',#13853,304.8);
#4025=VECTOR('',#13854,304.8);
#4026=VECTOR('',#13855,304.8);
#4027=VECTOR('',#13856,304.8);
#4028=VECTOR('',#13857,304.8);
#4029=VECTOR('',#13858,304.8);
#4030=VECTOR('',#13859,304.8);
#4031=VECTOR('',#13860,304.8);
#4032=VECTOR('',#13861,304.8);
#4033=VECTOR('',#13862,304.8);
#4034=VECTOR('',#13863,304.8);
#4035=VECTOR('',#13864,304.8);
#4036=VECTOR('',#13865,304.8);
#4037=VECTOR('',#13866,304.8);
#4038=VECTOR('',#13867,304.8);
#4039=VECTOR('',#13868,304.8);
#4040=VECTOR('',#13871,304.8);
#4041=VECTOR('',#13872,304.8);
#4042=VECTOR('',#13873,304.8);
#4043=VECTOR('',#13876,304.8);
#4044=VECTOR('',#13877,304.8);
#4045=VECTOR('',#13880,304.8);
#4046=VECTOR('',#13881,304.8);
#4047=VECTOR('',#13884,304.8);
#4048=VECTOR('',#13885,304.8);
#4049=VECTOR('',#13888,304.8);
#4050=VECTOR('',#13889,304.8);
#4051=VECTOR('',#13892,304.8);
#4052=VECTOR('',#13893,304.8);
#4053=VECTOR('',#13896,304.8);
#4054=VECTOR('',#13897,304.8);
#4055=VECTOR('',#13900,304.8);
#4056=VECTOR('',#13901,304.8);
#4057=VECTOR('',#13904,304.8);
#4058=VECTOR('',#13905,304.8);
#4059=VECTOR('',#13908,304.8);
#4060=VECTOR('',#13909,304.8);
#4061=VECTOR('',#13912,304.8);
#4062=VECTOR('',#13913,304.8);
#4063=VECTOR('',#13916,304.8);
#4064=VECTOR('',#13917,304.8);
#4065=VECTOR('',#13920,304.8);
#4066=VECTOR('',#13921,304.8);
#4067=VECTOR('',#13924,304.8);
#4068=VECTOR('',#13925,304.8);
#4069=VECTOR('',#13928,304.8);
#4070=VECTOR('',#13931,304.8);
#4071=VECTOR('',#13932,304.8);
#4072=VECTOR('',#13933,304.8);
#4073=VECTOR('',#13936,304.8);
#4074=VECTOR('',#13937,304.8);
#4075=VECTOR('',#13940,304.8);
#4076=VECTOR('',#13941,304.8);
#4077=VECTOR('',#13944,304.8);
#4078=VECTOR('',#13945,304.8);
#4079=VECTOR('',#13948,304.8);
#4080=VECTOR('',#13949,304.8);
#4081=VECTOR('',#13952,304.8);
#4082=VECTOR('',#13953,304.8);
#4083=VECTOR('',#13956,304.8);
#4084=VECTOR('',#13957,304.8);
#4085=VECTOR('',#13960,304.8);
#4086=VECTOR('',#13965,304.8);
#4087=VECTOR('',#13966,304.8);
#4088=VECTOR('',#13967,304.8);
#4089=VECTOR('',#13968,304.8);
#4090=VECTOR('',#13969,304.8);
#4091=VECTOR('',#13970,304.8);
#4092=VECTOR('',#13971,304.8);
#4093=VECTOR('',#13972,304.8);
#4094=VECTOR('',#13975,304.8);
#4095=VECTOR('',#13976,304.8);
#4096=VECTOR('',#13977,304.8);
#4097=VECTOR('',#13980,304.8);
#4098=VECTOR('',#13981,304.8);
#4099=VECTOR('',#13984,304.8);
#4100=VECTOR('',#13985,304.8);
#4101=VECTOR('',#13988,304.8);
#4102=VECTOR('',#13989,304.8);
#4103=VECTOR('',#13992,304.8);
#4104=VECTOR('',#13993,304.8);
#4105=VECTOR('',#13996,304.8);
#4106=VECTOR('',#13997,304.8);
#4107=VECTOR('',#14000,304.8);
#4108=VECTOR('',#14001,304.8);
#4109=VECTOR('',#14004,304.8);
#4110=VECTOR('',#14009,304.8);
#4111=VECTOR('',#14010,304.8);
#4112=VECTOR('',#14011,304.8);
#4113=VECTOR('',#14012,304.8);
#4114=VECTOR('',#14013,304.8);
#4115=VECTOR('',#14014,304.8);
#4116=VECTOR('',#14015,304.8);
#4117=VECTOR('',#14016,304.8);
#4118=VECTOR('',#14017,304.8);
#4119=VECTOR('',#14018,304.8);
#4120=VECTOR('',#14019,304.8);
#4121=VECTOR('',#14020,304.8);
#4122=VECTOR('',#14021,304.8);
#4123=VECTOR('',#14024,304.8);
#4124=VECTOR('',#14025,304.8);
#4125=VECTOR('',#14026,304.8);
#4126=VECTOR('',#14029,304.8);
#4127=VECTOR('',#14030,304.8);
#4128=VECTOR('',#14033,304.8);
#4129=VECTOR('',#14034,304.8);
#4130=VECTOR('',#14037,304.8);
#4131=VECTOR('',#14038,304.8);
#4132=VECTOR('',#14041,304.8);
#4133=VECTOR('',#14042,304.8);
#4134=VECTOR('',#14045,304.8);
#4135=VECTOR('',#14046,304.8);
#4136=VECTOR('',#14049,304.8);
#4137=VECTOR('',#14050,304.8);
#4138=VECTOR('',#14053,304.8);
#4139=VECTOR('',#14054,304.8);
#4140=VECTOR('',#14057,304.8);
#4141=VECTOR('',#14058,304.8);
#4142=VECTOR('',#14061,304.8);
#4143=VECTOR('',#14062,304.8);
#4144=VECTOR('',#14065,304.8);
#4145=VECTOR('',#14066,304.8);
#4146=VECTOR('',#14069,304.8);
#4147=VECTOR('',#14070,304.8);
#4148=VECTOR('',#14073,304.8);
#4149=VECTOR('',#14078,304.8);
#4150=VECTOR('',#14079,304.8);
#4151=VECTOR('',#14080,304.8);
#4152=VECTOR('',#14081,304.8);
#4153=VECTOR('',#14082,304.8);
#4154=VECTOR('',#14083,304.8);
#4155=VECTOR('',#14084,304.8);
#4156=VECTOR('',#14085,304.8);
#4157=VECTOR('',#14086,304.8);
#4158=VECTOR('',#14087,304.8);
#4159=VECTOR('',#14088,304.8);
#4160=VECTOR('',#14089,304.8);
#4161=VECTOR('',#14090,304.8);
#4162=VECTOR('',#14091,304.8);
#4163=VECTOR('',#14092,304.8);
#4164=VECTOR('',#14093,304.8);
#4165=VECTOR('',#14094,304.8);
#4166=VECTOR('',#14095,304.8);
#4167=VECTOR('',#14096,304.8);
#4168=VECTOR('',#14099,304.8);
#4169=VECTOR('',#14100,304.8);
#4170=VECTOR('',#14101,304.8);
#4171=VECTOR('',#14104,304.8);
#4172=VECTOR('',#14105,304.8);
#4173=VECTOR('',#14108,304.8);
#4174=VECTOR('',#14109,304.8);
#4175=VECTOR('',#14112,304.8);
#4176=VECTOR('',#14113,304.8);
#4177=VECTOR('',#14116,304.8);
#4178=VECTOR('',#14117,304.8);
#4179=VECTOR('',#14120,304.8);
#4180=VECTOR('',#14121,304.8);
#4181=VECTOR('',#14124,304.8);
#4182=VECTOR('',#14125,304.8);
#4183=VECTOR('',#14128,304.8);
#4184=VECTOR('',#14129,304.8);
#4185=VECTOR('',#14132,304.8);
#4186=VECTOR('',#14133,304.8);
#4187=VECTOR('',#14136,304.8);
#4188=VECTOR('',#14137,304.8);
#4189=VECTOR('',#14140,304.8);
#4190=VECTOR('',#14141,304.8);
#4191=VECTOR('',#14144,304.8);
#4192=VECTOR('',#14145,304.8);
#4193=VECTOR('',#14148,304.8);
#4194=VECTOR('',#14149,304.8);
#4195=VECTOR('',#14152,304.8);
#4196=VECTOR('',#14155,304.8);
#4197=VECTOR('',#14156,304.8);
#4198=VECTOR('',#14157,304.8);
#4199=VECTOR('',#14160,304.8);
#4200=VECTOR('',#14161,304.8);
#4201=VECTOR('',#14164,304.8);
#4202=VECTOR('',#14165,304.8);
#4203=VECTOR('',#14168,304.8);
#4204=VECTOR('',#14169,304.8);
#4205=VECTOR('',#14172,304.8);
#4206=VECTOR('',#14177,304.8);
#4207=VECTOR('',#14178,304.8);
#4208=VECTOR('',#14179,304.8);
#4209=VECTOR('',#14180,304.8);
#4210=VECTOR('',#14181,304.8);
#4211=VECTOR('',#14182,304.8);
#4212=VECTOR('',#14183,304.8);
#4213=VECTOR('',#14184,304.8);
#4214=VECTOR('',#14185,304.8);
#4215=VECTOR('',#14186,304.8);
#4216=VECTOR('',#14189,304.8);
#4217=VECTOR('',#14190,304.8);
#4218=VECTOR('',#14191,304.8);
#4219=VECTOR('',#14194,304.8);
#4220=VECTOR('',#14195,304.8);
#4221=VECTOR('',#14198,304.8);
#4222=VECTOR('',#14199,304.8);
#4223=VECTOR('',#14202,304.8);
#4224=VECTOR('',#14203,304.8);
#4225=VECTOR('',#14206,304.8);
#4226=VECTOR('',#14207,304.8);
#4227=VECTOR('',#14210,304.8);
#4228=VECTOR('',#14211,304.8);
#4229=VECTOR('',#14214,304.8);
#4230=VECTOR('',#14215,304.8);
#4231=VECTOR('',#14218,304.8);
#4232=VECTOR('',#14219,304.8);
#4233=VECTOR('',#14222,304.8);
#4234=VECTOR('',#14223,304.8);
#4235=VECTOR('',#14226,304.8);
#4236=VECTOR('',#14231,304.8);
#4237=VECTOR('',#14232,304.8);
#4238=VECTOR('',#14233,304.8);
#4239=VECTOR('',#14234,304.8);
#4240=VECTOR('',#14235,304.8);
#4241=VECTOR('',#14236,304.8);
#4242=VECTOR('',#14237,304.8);
#4243=VECTOR('',#14238,304.8);
#4244=VECTOR('',#14239,304.8);
#4245=VECTOR('',#14240,304.8);
#4246=VECTOR('',#14241,304.8);
#4247=VECTOR('',#14242,304.8);
#4248=VECTOR('',#14243,304.8);
#4249=VECTOR('',#14244,304.8);
#4250=VECTOR('',#14245,304.8);
#4251=VECTOR('',#14246,304.8);
#4252=VECTOR('',#14247,304.8);
#4253=VECTOR('',#14248,304.8);
#4254=VECTOR('',#14249,304.8);
#4255=VECTOR('',#14252,304.8);
#4256=VECTOR('',#14253,304.8);
#4257=VECTOR('',#14254,304.8);
#4258=VECTOR('',#14257,304.8);
#4259=VECTOR('',#14258,304.8);
#4260=VECTOR('',#14261,304.8);
#4261=VECTOR('',#14262,304.8);
#4262=VECTOR('',#14265,304.8);
#4263=VECTOR('',#14266,304.8);
#4264=VECTOR('',#14269,304.8);
#4265=VECTOR('',#14270,304.8);
#4266=VECTOR('',#14273,304.8);
#4267=VECTOR('',#14274,304.8);
#4268=VECTOR('',#14277,304.8);
#4269=VECTOR('',#14278,304.8);
#4270=VECTOR('',#14281,304.8);
#4271=VECTOR('',#14282,304.8);
#4272=VECTOR('',#14285,304.8);
#4273=VECTOR('',#14286,304.8);
#4274=VECTOR('',#14289,304.8);
#4275=VECTOR('',#14290,304.8);
#4276=VECTOR('',#14293,304.8);
#4277=VECTOR('',#14294,304.8);
#4278=VECTOR('',#14297,304.8);
#4279=VECTOR('',#14298,304.8);
#4280=VECTOR('',#14301,304.8);
#4281=VECTOR('',#14302,304.8);
#4282=VECTOR('',#14305,304.8);
#4283=VECTOR('',#14306,304.8);
#4284=VECTOR('',#14309,304.8);
#4285=VECTOR('',#14310,304.8);
#4286=VECTOR('',#14313,304.8);
#4287=VECTOR('',#14314,304.8);
#4288=VECTOR('',#14317,304.8);
#4289=VECTOR('',#14318,304.8);
#4290=VECTOR('',#14321,304.8);
#4291=VECTOR('',#14322,304.8);
#4292=VECTOR('',#14325,304.8);
#4293=VECTOR('',#14330,304.8);
#4294=VECTOR('',#14331,304.8);
#4295=VECTOR('',#14332,304.8);
#4296=VECTOR('',#14333,304.8);
#4297=VECTOR('',#14334,304.8);
#4298=VECTOR('',#14335,304.8);
#4299=VECTOR('',#14336,304.8);
#4300=VECTOR('',#14337,304.8);
#4301=VECTOR('',#14338,304.8);
#4302=VECTOR('',#14339,304.8);
#4303=VECTOR('',#14340,304.8);
#4304=VECTOR('',#14341,304.8);
#4305=VECTOR('',#14342,304.8);
#4306=VECTOR('',#14343,304.8);
#4307=VECTOR('',#14344,304.8);
#4308=VECTOR('',#14345,304.8);
#4309=VECTOR('',#14346,304.8);
#4310=VECTOR('',#14349,304.8);
#4311=VECTOR('',#14350,304.8);
#4312=VECTOR('',#14351,304.8);
#4313=VECTOR('',#14354,304.8);
#4314=VECTOR('',#14355,304.8);
#4315=VECTOR('',#14358,304.8);
#4316=VECTOR('',#14359,304.8);
#4317=VECTOR('',#14362,304.8);
#4318=VECTOR('',#14363,304.8);
#4319=VECTOR('',#14366,304.8);
#4320=VECTOR('',#14367,304.8);
#4321=VECTOR('',#14370,304.8);
#4322=VECTOR('',#14371,304.8);
#4323=VECTOR('',#14374,304.8);
#4324=VECTOR('',#14375,304.8);
#4325=VECTOR('',#14378,304.8);
#4326=VECTOR('',#14379,304.8);
#4327=VECTOR('',#14382,304.8);
#4328=VECTOR('',#14383,304.8);
#4329=VECTOR('',#14386,304.8);
#4330=VECTOR('',#14387,304.8);
#4331=VECTOR('',#14390,304.8);
#4332=VECTOR('',#14391,304.8);
#4333=VECTOR('',#14394,304.8);
#4334=VECTOR('',#14395,304.8);
#4335=VECTOR('',#14398,304.8);
#4336=VECTOR('',#14399,304.8);
#4337=VECTOR('',#14402,304.8);
#4338=VECTOR('',#14403,304.8);
#4339=VECTOR('',#14406,304.8);
#4340=VECTOR('',#14407,304.8);
#4341=VECTOR('',#14410,304.8);
#4342=VECTOR('',#14411,304.8);
#4343=VECTOR('',#14414,304.8);
#4344=VECTOR('',#14419,304.8);
#4345=VECTOR('',#14420,304.8);
#4346=VECTOR('',#14421,304.8);
#4347=VECTOR('',#14422,304.8);
#4348=VECTOR('',#14425,304.8);
#4349=VECTOR('',#14426,304.8);
#4350=VECTOR('',#14427,304.8);
#4351=VECTOR('',#14430,304.8);
#4352=VECTOR('',#14431,304.8);
#4353=VECTOR('',#14434,304.8);
#4354=VECTOR('',#14435,304.8);
#4355=VECTOR('',#14438,304.8);
#4356=VECTOR('',#14443,304.8);
#4357=VECTOR('',#14444,304.8);
#4358=VECTOR('',#14445,304.8);
#4359=VECTOR('',#14446,304.8);
#4360=VECTOR('',#14449,304.8);
#4361=VECTOR('',#14450,304.8);
#4362=VECTOR('',#14451,304.8);
#4363=VECTOR('',#14454,304.8);
#4364=VECTOR('',#14455,304.8);
#4365=VECTOR('',#14458,304.8);
#4366=VECTOR('',#14459,304.8);
#4367=VECTOR('',#14462,304.8);
#4368=VECTOR('',#14467,304.8);
#4369=VECTOR('',#14468,304.8);
#4370=VECTOR('',#14469,304.8);
#4371=VECTOR('',#14470,304.8);
#4372=VECTOR('',#14471,304.8);
#4373=VECTOR('',#14472,304.8);
#4374=VECTOR('',#14473,304.8);
#4375=VECTOR('',#14474,304.8);
#4376=VECTOR('',#14475,304.8);
#4377=VECTOR('',#14476,304.8);
#4378=VECTOR('',#14477,304.8);
#4379=VECTOR('',#14478,304.8);
#4380=VECTOR('',#14479,304.8);
#4381=VECTOR('',#14480,304.8);
#4382=VECTOR('',#14481,304.8);
#4383=VECTOR('',#14482,304.8);
#4384=VECTOR('',#14483,304.8);
#4385=VECTOR('',#14484,304.8);
#4386=VECTOR('',#14485,304.8);
#4387=VECTOR('',#14486,304.8);
#4388=VECTOR('',#14487,304.8);
#4389=VECTOR('',#14488,304.8);
#4390=VECTOR('',#14491,304.8);
#4391=VECTOR('',#14492,304.8);
#4392=VECTOR('',#14493,304.8);
#4393=VECTOR('',#14496,304.8);
#4394=VECTOR('',#14497,304.8);
#4395=VECTOR('',#14500,304.8);
#4396=VECTOR('',#14501,304.8);
#4397=VECTOR('',#14504,304.8);
#4398=VECTOR('',#14505,304.8);
#4399=VECTOR('',#14508,304.8);
#4400=VECTOR('',#14509,304.8);
#4401=VECTOR('',#14512,304.8);
#4402=VECTOR('',#14513,304.8);
#4403=VECTOR('',#14516,304.8);
#4404=VECTOR('',#14517,304.8);
#4405=VECTOR('',#14520,304.8);
#4406=VECTOR('',#14521,304.8);
#4407=VECTOR('',#14524,304.8);
#4408=VECTOR('',#14525,304.8);
#4409=VECTOR('',#14528,304.8);
#4410=VECTOR('',#14529,304.8);
#4411=VECTOR('',#14532,304.8);
#4412=VECTOR('',#14533,304.8);
#4413=VECTOR('',#14536,304.8);
#4414=VECTOR('',#14537,304.8);
#4415=VECTOR('',#14540,304.8);
#4416=VECTOR('',#14541,304.8);
#4417=VECTOR('',#14544,304.8);
#4418=VECTOR('',#14545,304.8);
#4419=VECTOR('',#14548,304.8);
#4420=VECTOR('',#14549,304.8);
#4421=VECTOR('',#14552,304.8);
#4422=VECTOR('',#14553,304.8);
#4423=VECTOR('',#14556,304.8);
#4424=VECTOR('',#14557,304.8);
#4425=VECTOR('',#14560,304.8);
#4426=VECTOR('',#14561,304.8);
#4427=VECTOR('',#14564,304.8);
#4428=VECTOR('',#14565,304.8);
#4429=VECTOR('',#14568,304.8);
#4430=VECTOR('',#14569,304.8);
#4431=VECTOR('',#14572,304.8);
#4432=VECTOR('',#14573,304.8);
#4433=VECTOR('',#14576,304.8);
#4434=VECTOR('',#14581,304.8);
#4435=VECTOR('',#14582,304.8);
#4436=VECTOR('',#14583,304.8);
#4437=VECTOR('',#14584,304.8);
#4438=VECTOR('',#14585,304.8);
#4439=VECTOR('',#14586,304.8);
#4440=VECTOR('',#14587,304.8);
#4441=VECTOR('',#14588,304.8);
#4442=VECTOR('',#14589,304.8);
#4443=VECTOR('',#14590,304.8);
#4444=VECTOR('',#14591,304.8);
#4445=VECTOR('',#14592,304.8);
#4446=VECTOR('',#14593,304.8);
#4447=VECTOR('',#14594,304.8);
#4448=VECTOR('',#14595,304.8);
#4449=VECTOR('',#14596,304.8);
#4450=VECTOR('',#14597,304.8);
#4451=VECTOR('',#14598,304.8);
#4452=VECTOR('',#14599,304.8);
#4453=VECTOR('',#14602,304.8);
#4454=VECTOR('',#14603,304.8);
#4455=VECTOR('',#14604,304.8);
#4456=VECTOR('',#14607,304.8);
#4457=VECTOR('',#14608,304.8);
#4458=VECTOR('',#14611,304.8);
#4459=VECTOR('',#14612,304.8);
#4460=VECTOR('',#14615,304.8);
#4461=VECTOR('',#14616,304.8);
#4462=VECTOR('',#14619,304.8);
#4463=VECTOR('',#14620,304.8);
#4464=VECTOR('',#14623,304.8);
#4465=VECTOR('',#14624,304.8);
#4466=VECTOR('',#14627,304.8);
#4467=VECTOR('',#14628,304.8);
#4468=VECTOR('',#14631,304.8);
#4469=VECTOR('',#14632,304.8);
#4470=VECTOR('',#14635,304.8);
#4471=VECTOR('',#14636,304.8);
#4472=VECTOR('',#14639,304.8);
#4473=VECTOR('',#14640,304.8);
#4474=VECTOR('',#14643,304.8);
#4475=VECTOR('',#14644,304.8);
#4476=VECTOR('',#14647,304.8);
#4477=VECTOR('',#14648,304.8);
#4478=VECTOR('',#14651,304.8);
#4479=VECTOR('',#14652,304.8);
#4480=VECTOR('',#14655,304.8);
#4481=VECTOR('',#14658,304.8);
#4482=VECTOR('',#14659,304.8);
#4483=VECTOR('',#14660,304.8);
#4484=VECTOR('',#14663,304.8);
#4485=VECTOR('',#14664,304.8);
#4486=VECTOR('',#14667,304.8);
#4487=VECTOR('',#14668,304.8);
#4488=VECTOR('',#14671,304.8);
#4489=VECTOR('',#14672,304.8);
#4490=VECTOR('',#14675,304.8);
#4491=VECTOR('',#14680,304.8);
#4492=VECTOR('',#14681,304.8);
#4493=VECTOR('',#14682,304.8);
#4494=VECTOR('',#14683,304.8);
#4495=VECTOR('',#14684,304.8);
#4496=VECTOR('',#14685,304.8);
#4497=VECTOR('',#14686,304.8);
#4498=VECTOR('',#14687,304.8);
#4499=VECTOR('',#14688,304.8);
#4500=VECTOR('',#14689,304.8);
#4501=VECTOR('',#14690,304.8);
#4502=VECTOR('',#14691,304.8);
#4503=VECTOR('',#14692,304.8);
#4504=VECTOR('',#14693,304.8);
#4505=VECTOR('',#14694,304.8);
#4506=VECTOR('',#14695,304.8);
#4507=VECTOR('',#14696,304.8);
#4508=VECTOR('',#14697,304.8);
#4509=VECTOR('',#14698,304.8);
#4510=VECTOR('',#14699,304.8);
#4511=VECTOR('',#14700,304.8);
#4512=VECTOR('',#14701,304.8);
#4513=VECTOR('',#14704,304.8);
#4514=VECTOR('',#14705,304.8);
#4515=VECTOR('',#14706,304.8);
#4516=VECTOR('',#14709,304.8);
#4517=VECTOR('',#14710,304.8);
#4518=VECTOR('',#14713,304.8);
#4519=VECTOR('',#14714,304.8);
#4520=VECTOR('',#14717,304.8);
#4521=VECTOR('',#14718,304.8);
#4522=VECTOR('',#14721,304.8);
#4523=VECTOR('',#14722,304.8);
#4524=VECTOR('',#14725,304.8);
#4525=VECTOR('',#14726,304.8);
#4526=VECTOR('',#14729,304.8);
#4527=VECTOR('',#14730,304.8);
#4528=VECTOR('',#14733,304.8);
#4529=VECTOR('',#14734,304.8);
#4530=VECTOR('',#14737,304.8);
#4531=VECTOR('',#14738,304.8);
#4532=VECTOR('',#14741,304.8);
#4533=VECTOR('',#14742,304.8);
#4534=VECTOR('',#14745,304.8);
#4535=VECTOR('',#14746,304.8);
#4536=VECTOR('',#14749,304.8);
#4537=VECTOR('',#14750,304.8);
#4538=VECTOR('',#14753,304.8);
#4539=VECTOR('',#14754,304.8);
#4540=VECTOR('',#14757,304.8);
#4541=VECTOR('',#14760,304.8);
#4542=VECTOR('',#14761,304.8);
#4543=VECTOR('',#14762,304.8);
#4544=VECTOR('',#14765,304.8);
#4545=VECTOR('',#14766,304.8);
#4546=VECTOR('',#14769,304.8);
#4547=VECTOR('',#14770,304.8);
#4548=VECTOR('',#14773,304.8);
#4549=VECTOR('',#14774,304.8);
#4550=VECTOR('',#14777,304.8);
#4551=VECTOR('',#14778,304.8);
#4552=VECTOR('',#14781,304.8);
#4553=VECTOR('',#14782,304.8);
#4554=VECTOR('',#14785,304.8);
#4555=VECTOR('',#14786,304.8);
#4556=VECTOR('',#14789,304.8);
#4557=VECTOR('',#14794,304.8);
#4558=VECTOR('',#14795,304.8);
#4559=VECTOR('',#14796,304.8);
#4560=VECTOR('',#14797,304.8);
#4561=VECTOR('',#14798,304.8);
#4562=VECTOR('',#14799,304.8);
#4563=VECTOR('',#14800,304.8);
#4564=VECTOR('',#14801,304.8);
#4565=VECTOR('',#14802,304.8);
#4566=VECTOR('',#14803,304.8);
#4567=VECTOR('',#14804,304.8);
#4568=VECTOR('',#14805,304.8);
#4569=VECTOR('',#14806,304.8);
#4570=VECTOR('',#14807,304.8);
#4571=VECTOR('',#14808,304.8);
#4572=VECTOR('',#14809,304.8);
#4573=VECTOR('',#14810,304.8);
#4574=VECTOR('',#14811,304.8);
#4575=VECTOR('',#14814,304.8);
#4576=VECTOR('',#14815,304.8);
#4577=VECTOR('',#14816,304.8);
#4578=VECTOR('',#14819,304.8);
#4579=VECTOR('',#14820,304.8);
#4580=VECTOR('',#14823,304.8);
#4581=VECTOR('',#14824,304.8);
#4582=VECTOR('',#14827,304.8);
#4583=VECTOR('',#14828,304.8);
#4584=VECTOR('',#14831,304.8);
#4585=VECTOR('',#14832,304.8);
#4586=VECTOR('',#14835,304.8);
#4587=VECTOR('',#14836,304.8);
#4588=VECTOR('',#14839,304.8);
#4589=VECTOR('',#14840,304.8);
#4590=VECTOR('',#14843,304.8);
#4591=VECTOR('',#14844,304.8);
#4592=VECTOR('',#14847,304.8);
#4593=VECTOR('',#14848,304.8);
#4594=VECTOR('',#14851,304.8);
#4595=VECTOR('',#14852,304.8);
#4596=VECTOR('',#14855,304.8);
#4597=VECTOR('',#14856,304.8);
#4598=VECTOR('',#14859,304.8);
#4599=VECTOR('',#14860,304.8);
#4600=VECTOR('',#14863,304.8);
#4601=VECTOR('',#14864,304.8);
#4602=VECTOR('',#14867,304.8);
#4603=VECTOR('',#14868,304.8);
#4604=VECTOR('',#14871,304.8);
#4605=VECTOR('',#14874,304.8);
#4606=VECTOR('',#14875,304.8);
#4607=VECTOR('',#14876,304.8);
#4608=VECTOR('',#14879,304.8);
#4609=VECTOR('',#14880,304.8);
#4610=VECTOR('',#14883,304.8);
#4611=VECTOR('',#14888,304.8);
#4612=VECTOR('',#14889,304.8);
#4613=VECTOR('',#14890,304.8);
#4614=VECTOR('',#14891,304.8);
#4615=VECTOR('',#14892,304.8);
#4616=VECTOR('',#14893,304.8);
#4617=VECTOR('',#14894,304.8);
#4618=VECTOR('',#14895,304.8);
#4619=VECTOR('',#14896,304.8);
#4620=VECTOR('',#14897,304.8);
#4621=VECTOR('',#14898,304.8);
#4622=VECTOR('',#14899,304.8);
#4623=VECTOR('',#14900,304.8);
#4624=VECTOR('',#14903,304.8);
#4625=VECTOR('',#14904,304.8);
#4626=VECTOR('',#14905,304.8);
#4627=VECTOR('',#14908,304.8);
#4628=VECTOR('',#14909,304.8);
#4629=VECTOR('',#14912,304.8);
#4630=VECTOR('',#14913,304.8);
#4631=VECTOR('',#14916,304.8);
#4632=VECTOR('',#14917,304.8);
#4633=VECTOR('',#14920,304.8);
#4634=VECTOR('',#14921,304.8);
#4635=VECTOR('',#14924,304.8);
#4636=VECTOR('',#14925,304.8);
#4637=VECTOR('',#14928,304.8);
#4638=VECTOR('',#14929,304.8);
#4639=VECTOR('',#14932,304.8);
#4640=VECTOR('',#14933,304.8);
#4641=VECTOR('',#14936,304.8);
#4642=VECTOR('',#14937,304.8);
#4643=VECTOR('',#14940,304.8);
#4644=VECTOR('',#14941,304.8);
#4645=VECTOR('',#14944,304.8);
#4646=VECTOR('',#14945,304.8);
#4647=VECTOR('',#14948,304.8);
#4648=VECTOR('',#14949,304.8);
#4649=VECTOR('',#14952,304.8);
#4650=VECTOR('',#14957,304.8);
#4651=VECTOR('',#14958,304.8);
#4652=VECTOR('',#14959,304.8);
#4653=VECTOR('',#14960,304.8);
#4654=VECTOR('',#14961,304.8);
#4655=VECTOR('',#14962,304.8);
#4656=VECTOR('',#14963,304.8);
#4657=VECTOR('',#14964,304.8);
#4658=VECTOR('',#14965,304.8);
#4659=VECTOR('',#14966,304.8);
#4660=VECTOR('',#14967,304.8);
#4661=VECTOR('',#14968,304.8);
#4662=VECTOR('',#14969,304.8);
#4663=VECTOR('',#14970,304.8);
#4664=VECTOR('',#14971,304.8);
#4665=VECTOR('',#14972,304.8);
#4666=VECTOR('',#14973,304.8);
#4667=VECTOR('',#14974,304.8);
#4668=VECTOR('',#14975,304.8);
#4669=VECTOR('',#14976,304.8);
#4670=VECTOR('',#14977,304.8);
#4671=VECTOR('',#14980,304.8);
#4672=VECTOR('',#14981,304.8);
#4673=VECTOR('',#14982,304.8);
#4674=VECTOR('',#14985,304.8);
#4675=VECTOR('',#14986,304.8);
#4676=VECTOR('',#14989,304.8);
#4677=VECTOR('',#14990,304.8);
#4678=VECTOR('',#14993,304.8);
#4679=VECTOR('',#14994,304.8);
#4680=VECTOR('',#14997,304.8);
#4681=VECTOR('',#14998,304.8);
#4682=VECTOR('',#15001,304.8);
#4683=VECTOR('',#15002,304.8);
#4684=VECTOR('',#15005,304.8);
#4685=VECTOR('',#15006,304.8);
#4686=VECTOR('',#15009,304.8);
#4687=VECTOR('',#15010,304.8);
#4688=VECTOR('',#15013,304.8);
#4689=VECTOR('',#15014,304.8);
#4690=VECTOR('',#15017,304.8);
#4691=VECTOR('',#15018,304.8);
#4692=VECTOR('',#15021,304.8);
#4693=VECTOR('',#15022,304.8);
#4694=VECTOR('',#15025,304.8);
#4695=VECTOR('',#15026,304.8);
#4696=VECTOR('',#15029,304.8);
#4697=VECTOR('',#15032,304.8);
#4698=VECTOR('',#15033,304.8);
#4699=VECTOR('',#15034,304.8);
#4700=VECTOR('',#15037,304.8);
#4701=VECTOR('',#15038,304.8);
#4702=VECTOR('',#15041,304.8);
#4703=VECTOR('',#15042,304.8);
#4704=VECTOR('',#15045,304.8);
#4705=VECTOR('',#15046,304.8);
#4706=VECTOR('',#15049,304.8);
#4707=VECTOR('',#15050,304.8);
#4708=VECTOR('',#15053,304.8);
#4709=VECTOR('',#15054,304.8);
#4710=VECTOR('',#15057,304.8);
#4711=VECTOR('',#15058,304.8);
#4712=VECTOR('',#15061,304.8);
#4713=VECTOR('',#15066,304.8);
#4714=VECTOR('',#15067,304.8);
#4715=VECTOR('',#15068,304.8);
#4716=VECTOR('',#15069,304.8);
#4717=VECTOR('',#15070,304.8);
#4718=VECTOR('',#15071,304.8);
#4719=VECTOR('',#15072,304.8);
#4720=VECTOR('',#15073,304.8);
#4721=VECTOR('',#15074,304.8);
#4722=VECTOR('',#15075,304.8);
#4723=VECTOR('',#15076,304.8);
#4724=VECTOR('',#15077,304.8);
#4725=VECTOR('',#15080,304.8);
#4726=VECTOR('',#15081,304.8);
#4727=VECTOR('',#15082,304.8);
#4728=VECTOR('',#15085,304.8);
#4729=VECTOR('',#15086,304.8);
#4730=VECTOR('',#15089,304.8);
#4731=VECTOR('',#15090,304.8);
#4732=VECTOR('',#15093,304.8);
#4733=VECTOR('',#15094,304.8);
#4734=VECTOR('',#15097,304.8);
#4735=VECTOR('',#15098,304.8);
#4736=VECTOR('',#15101,304.8);
#4737=VECTOR('',#15102,304.8);
#4738=VECTOR('',#15105,304.8);
#4739=VECTOR('',#15108,304.8);
#4740=VECTOR('',#15109,304.8);
#4741=VECTOR('',#15110,304.8);
#4742=VECTOR('',#15113,304.8);
#4743=VECTOR('',#15114,304.8);
#4744=VECTOR('',#15117,304.8);
#4745=VECTOR('',#15118,304.8);
#4746=VECTOR('',#15121,304.8);
#4747=VECTOR('',#15122,304.8);
#4748=VECTOR('',#15125,304.8);
#4749=VECTOR('',#15130,304.8);
#4750=VECTOR('',#15131,304.8);
#4751=VECTOR('',#15132,304.8);
#4752=VECTOR('',#15133,304.8);
#4753=VECTOR('',#15136,304.8);
#4754=VECTOR('',#15137,304.8);
#4755=VECTOR('',#15138,304.8);
#4756=VECTOR('',#15139,304.8);
#4757=VECTOR('',#15142,304.8);
#4758=VECTOR('',#15143,304.8);
#4759=VECTOR('',#15146,304.8);
#4760=VECTOR('',#15149,304.8);
#4761=VECTOR('',#15154,304.8);
#4762=VECTOR('',#15155,304.8);
#4763=VECTOR('',#15156,304.8);
#4764=VECTOR('',#15157,304.8);
#4765=VECTOR('',#15158,304.8);
#4766=VECTOR('',#15159,304.8);
#4767=VECTOR('',#15162,304.8);
#4768=VECTOR('',#15163,304.8);
#4769=VECTOR('',#15164,304.8);
#4770=VECTOR('',#15165,304.8);
#4771=VECTOR('',#15166,304.8);
#4772=VECTOR('',#15167,304.8);
#4773=VECTOR('',#15170,304.8);
#4774=VECTOR('',#15171,304.8);
#4775=VECTOR('',#15174,304.8);
#4776=VECTOR('',#15177,304.8);
#4777=VECTOR('',#15180,304.8);
#4778=VECTOR('',#15183,304.8);
#4779=VECTOR('',#15200,304.8);
#4780=VECTOR('',#15201,304.8);
#4781=VECTOR('',#15206,304.8);
#4782=VECTOR('',#15209,304.8);
#4783=VECTOR('',#15212,304.8);
#4784=VECTOR('',#15215,304.8);
#4785=VECTOR('',#15222,304.8);
#4786=VECTOR('',#15225,304.8);
#4787=VECTOR('',#15228,304.8);
#4788=VECTOR('',#15231,304.8);
#4789=VECTOR('',#15234,304.8);
#4790=VECTOR('',#15235,304.8);
#4791=VECTOR('',#15238,304.8);
#4792=VECTOR('',#15239,304.8);
#4793=VECTOR('',#15242,304.8);
#4794=VECTOR('',#15243,304.8);
#4795=VECTOR('',#15246,304.8);
#4796=VECTOR('',#15247,304.8);
#4797=CIRCLE('',#11794,15.9999999999996);
#4798=CIRCLE('',#11795,15.9999999999996);
#4799=CIRCLE('',#11797,15.9999999999996);
#4800=CIRCLE('',#11798,15.9999999999996);
#4801=CIRCLE('',#11800,27.401923788638);
#4802=CIRCLE('',#11802,27.401923788638);
#4803=CIRCLE('',#11804,29.9999999999995);
#4804=CIRCLE('',#11805,29.9999999999995);
#4805=CIRCLE('',#11807,29.9999999999995);
#4806=CIRCLE('',#11808,29.9999999999995);
#4807=CIRCLE('',#11810,24.9999999999994);
#4808=CIRCLE('',#11811,27.0270457002987);
#4809=CIRCLE('',#11813,24.9999999999994);
#4810=CIRCLE('',#11814,27.0270457002987);
#4811=CIRCLE('',#11820,24.9999999999994);
#4812=CIRCLE('',#11821,24.9999999999994);
#4813=CIRCLE('',#11822,24.9999999999994);
#4814=CIRCLE('',#11828,24.9999999999994);
#4815=CIRCLE('',#11829,24.9999999999994);
#4816=CIRCLE('',#11830,24.9999999999994);
#4817=CIRCLE('',#11832,27.0270457002987);
#4818=CIRCLE('',#11834,27.0270457002987);
#4819=CIRCLE('',#11836,16.0000000000002);
#4820=CIRCLE('',#11837,27.4019237886373);
#4821=CIRCLE('',#11839,16.0000000000002);
#4822=CIRCLE('',#11840,27.4019237886373);
#4823=CIRCLE('',#11842,16.0000000000002);
#4824=CIRCLE('',#11844,16.0000000000002);
#4825=CIRCLE('',#11849,29.9999999999995);
#4826=CIRCLE('',#11850,29.9999999999995);
#4827=CIRCLE('',#11852,29.9999999999995);
#4828=CIRCLE('',#11854,29.9999999999995);
#4829=CIRCLE('',#11856,3.25);
#4830=CIRCLE('',#11857,3.25);
#4831=CIRCLE('',#11858,3.25);
#4832=CIRCLE('',#11859,3.25);
#4833=CIRCLE('',#11860,1.25);
#4834=CIRCLE('',#11861,1.25);
#4835=CIRCLE('',#11862,1.25);
#4836=CIRCLE('',#11863,1.25);
#4837=CIRCLE('',#11864,1.25);
#4838=CIRCLE('',#11865,1.25);
#4839=CIRCLE('',#11866,1.25);
#4840=CIRCLE('',#11867,1.25);
#4841=CIRCLE('',#11869,3.25);
#4842=CIRCLE('',#11870,3.25);
#4843=CIRCLE('',#11871,3.25);
#4844=CIRCLE('',#11872,3.25);
#4845=CIRCLE('',#11873,1.25);
#4846=CIRCLE('',#11874,1.25);
#4847=CIRCLE('',#11875,1.25);
#4848=CIRCLE('',#11876,1.25);
#4849=CIRCLE('',#11877,1.25);
#4850=CIRCLE('',#11878,1.25);
#4851=CIRCLE('',#11879,1.25);
#4852=CIRCLE('',#11880,1.25);
#4853=CIRCLE('',#11921,17.3099349120586);
#4854=CIRCLE('',#11922,18.8377672806378);
#4855=CIRCLE('',#11923,12.4137844779044);
#4856=CIRCLE('',#11924,17.4015242978518);
#4857=CIRCLE('',#11926,17.4015242978518);
#4858=CIRCLE('',#11927,12.4137844779044);
#4859=CIRCLE('',#11928,18.8377672806378);
#4860=CIRCLE('',#11929,17.3099349120586);
#4861=CIRCLE('',#12442,6.47899747454174);
#4862=CIRCLE('',#12443,6.47899747454174);
#4863=CIRCLE('',#12445,6.47899747454174);
#4864=CIRCLE('',#12446,6.47899747454174);
#4865=CIRCLE('',#12450,8.12991227765871);
#4866=CIRCLE('',#12451,11.0723464686293);
#4867=CIRCLE('',#12452,10.8251994782213);
#4868=CIRCLE('',#12453,10.4248777007822);
#4869=CIRCLE('',#12455,10.4248777007822);
#4870=CIRCLE('',#12456,10.8251994782213);
#4871=CIRCLE('',#12457,11.0723464686293);
#4872=CIRCLE('',#12458,8.12991227765871);
#4873=VERTEX_POINT('',#15263);
#4874=VERTEX_POINT('',#15264);
#4875=VERTEX_POINT('',#15266);
#4876=VERTEX_POINT('',#15268);
#4877=VERTEX_POINT('',#15275);
#4878=VERTEX_POINT('',#15277);
#4879=VERTEX_POINT('',#15283);
#4880=VERTEX_POINT('',#15284);
#4881=VERTEX_POINT('',#15286);
#4882=VERTEX_POINT('',#15288);
#4883=VERTEX_POINT('',#15295);
#4884=VERTEX_POINT('',#15296);
#4885=VERTEX_POINT('',#15298);
#4886=VERTEX_POINT('',#15300);
#4887=VERTEX_POINT('',#15307);
#4888=VERTEX_POINT('',#15308);
#4889=VERTEX_POINT('',#15351);
#4890=VERTEX_POINT('',#15352);
#4891=VERTEX_POINT('',#15395);
#4892=VERTEX_POINT('',#15396);
#4893=VERTEX_POINT('',#15435);
#4894=VERTEX_POINT('',#15436);
#4895=VERTEX_POINT('',#15475);
#4896=VERTEX_POINT('',#15477);
#4897=VERTEX_POINT('',#15480);
#4898=VERTEX_POINT('',#15481);
#4899=VERTEX_POINT('',#15494);
#4900=VERTEX_POINT('',#15496);
#4901=VERTEX_POINT('',#15507);
#4902=VERTEX_POINT('',#15509);
#4903=VERTEX_POINT('',#15520);
#4904=VERTEX_POINT('',#15522);
#4905=VERTEX_POINT('',#15537);
#4906=VERTEX_POINT('',#15538);
#4907=VERTEX_POINT('',#15581);
#4908=VERTEX_POINT('',#15582);
#4909=VERTEX_POINT('',#15625);
#4910=VERTEX_POINT('',#15626);
#4911=VERTEX_POINT('',#15665);
#4912=VERTEX_POINT('',#15666);
#4913=VERTEX_POINT('',#15706);
#4914=VERTEX_POINT('',#15707);
#4915=VERTEX_POINT('',#15720);
#4916=VERTEX_POINT('',#15722);
#4917=VERTEX_POINT('',#15735);
#4918=VERTEX_POINT('',#15737);
#4919=VERTEX_POINT('',#15748);
#4920=VERTEX_POINT('',#15750);
#4921=VERTEX_POINT('',#15763);
#4922=VERTEX_POINT('',#15765);
#4923=VERTEX_POINT('',#15771);
#4924=VERTEX_POINT('',#15772);
#4925=VERTEX_POINT('',#15774);
#4926=VERTEX_POINT('',#15776);
#4927=VERTEX_POINT('',#15783);
#4928=VERTEX_POINT('',#15785);
#4929=VERTEX_POINT('',#15850);
#4930=VERTEX_POINT('',#15852);
#4931=VERTEX_POINT('',#15867);
#4932=VERTEX_POINT('',#15869);
#4933=VERTEX_POINT('',#15897);
#4934=VERTEX_POINT('',#15898);
#4935=VERTEX_POINT('',#15900);
#4936=VERTEX_POINT('',#15902);
#4937=VERTEX_POINT('',#15904);
#4938=VERTEX_POINT('',#15906);
#4939=VERTEX_POINT('',#15908);
#4940=VERTEX_POINT('',#15910);
#4941=VERTEX_POINT('',#15913);
#4942=VERTEX_POINT('',#15914);
#4943=VERTEX_POINT('',#15917);
#4944=VERTEX_POINT('',#15918);
#4945=VERTEX_POINT('',#15921);
#4946=VERTEX_POINT('',#15922);
#4947=VERTEX_POINT('',#15925);
#4948=VERTEX_POINT('',#15926);
#4949=VERTEX_POINT('',#15930);
#4950=VERTEX_POINT('',#15931);
#4951=VERTEX_POINT('',#15933);
#4952=VERTEX_POINT('',#15935);
#4953=VERTEX_POINT('',#15937);
#4954=VERTEX_POINT('',#15939);
#4955=VERTEX_POINT('',#15941);
#4956=VERTEX_POINT('',#15943);
#4957=VERTEX_POINT('',#15946);
#4958=VERTEX_POINT('',#15947);
#4959=VERTEX_POINT('',#15950);
#4960=VERTEX_POINT('',#15951);
#4961=VERTEX_POINT('',#15954);
#4962=VERTEX_POINT('',#15955);
#4963=VERTEX_POINT('',#15958);
#4964=VERTEX_POINT('',#15959);
#4965=VERTEX_POINT('',#16028);
#4966=VERTEX_POINT('',#16029);
#4967=VERTEX_POINT('',#16031);
#4968=VERTEX_POINT('',#16033);
#4969=VERTEX_POINT('',#16037);
#4970=VERTEX_POINT('',#16038);
#4971=VERTEX_POINT('',#16040);
#4972=VERTEX_POINT('',#16042);
#4973=VERTEX_POINT('',#16054);
#4974=VERTEX_POINT('',#16055);
#4975=VERTEX_POINT('',#16057);
#4976=VERTEX_POINT('',#16059);
#4977=VERTEX_POINT('',#16061);
#4978=VERTEX_POINT('',#16063);
#4979=VERTEX_POINT('',#16065);
#4980=VERTEX_POINT('',#16067);
#4981=VERTEX_POINT('',#16071);
#4982=VERTEX_POINT('',#16072);
#4983=VERTEX_POINT('',#16074);
#4984=VERTEX_POINT('',#16076);
#4985=VERTEX_POINT('',#16078);
#4986=VERTEX_POINT('',#16080);
#4987=VERTEX_POINT('',#16082);
#4988=VERTEX_POINT('',#16084);
#4989=VERTEX_POINT('',#16104);
#4990=VERTEX_POINT('',#16105);
#4991=VERTEX_POINT('',#16107);
#4992=VERTEX_POINT('',#16109);
#4993=VERTEX_POINT('',#16111);
#4994=VERTEX_POINT('',#16113);
#4995=VERTEX_POINT('',#16115);
#4996=VERTEX_POINT('',#16117);
#4997=VERTEX_POINT('',#16119);
#4998=VERTEX_POINT('',#16121);
#4999=VERTEX_POINT('',#16124);
#5000=VERTEX_POINT('',#16125);
#5001=VERTEX_POINT('',#16127);
#5002=VERTEX_POINT('',#16129);
#5003=VERTEX_POINT('',#16133);
#5004=VERTEX_POINT('',#16135);
#5005=VERTEX_POINT('',#16139);
#5006=VERTEX_POINT('',#16143);
#5007=VERTEX_POINT('',#16147);
#5008=VERTEX_POINT('',#16151);
#5009=VERTEX_POINT('',#16155);
#5010=VERTEX_POINT('',#16159);
#5011=VERTEX_POINT('',#16163);
#5012=VERTEX_POINT('',#16167);
#5013=VERTEX_POINT('',#16173);
#5014=VERTEX_POINT('',#16175);
#5015=VERTEX_POINT('',#16179);
#5016=VERTEX_POINT('',#16183);
#5017=VERTEX_POINT('',#16190);
#5018=VERTEX_POINT('',#16191);
#5019=VERTEX_POINT('',#16193);
#5020=VERTEX_POINT('',#16195);
#5021=VERTEX_POINT('',#16197);
#5022=VERTEX_POINT('',#16199);
#5023=VERTEX_POINT('',#16201);
#5024=VERTEX_POINT('',#16203);
#5025=VERTEX_POINT('',#16205);
#5026=VERTEX_POINT('',#16208);
#5027=VERTEX_POINT('',#16209);
#5028=VERTEX_POINT('',#16211);
#5029=VERTEX_POINT('',#16213);
#5030=VERTEX_POINT('',#16215);
#5031=VERTEX_POINT('',#16217);
#5032=VERTEX_POINT('',#16219);
#5033=VERTEX_POINT('',#16221);
#5034=VERTEX_POINT('',#16225);
#5035=VERTEX_POINT('',#16227);
#5036=VERTEX_POINT('',#16231);
#5037=VERTEX_POINT('',#16235);
#5038=VERTEX_POINT('',#16239);
#5039=VERTEX_POINT('',#16243);
#5040=VERTEX_POINT('',#16247);
#5041=VERTEX_POINT('',#16251);
#5042=VERTEX_POINT('',#16255);
#5043=VERTEX_POINT('',#16261);
#5044=VERTEX_POINT('',#16263);
#5045=VERTEX_POINT('',#16267);
#5046=VERTEX_POINT('',#16271);
#5047=VERTEX_POINT('',#16275);
#5048=VERTEX_POINT('',#16279);
#5049=VERTEX_POINT('',#16283);
#5050=VERTEX_POINT('',#16287);
#5051=VERTEX_POINT('',#16294);
#5052=VERTEX_POINT('',#16295);
#5053=VERTEX_POINT('',#16297);
#5054=VERTEX_POINT('',#16299);
#5055=VERTEX_POINT('',#16301);
#5056=VERTEX_POINT('',#16303);
#5057=VERTEX_POINT('',#16305);
#5058=VERTEX_POINT('',#16307);
#5059=VERTEX_POINT('',#16310);
#5060=VERTEX_POINT('',#16311);
#5061=VERTEX_POINT('',#16313);
#5062=VERTEX_POINT('',#16315);
#5063=VERTEX_POINT('',#16318);
#5064=VERTEX_POINT('',#16319);
#5065=VERTEX_POINT('',#16321);
#5066=VERTEX_POINT('',#16323);
#5067=VERTEX_POINT('',#16327);
#5068=VERTEX_POINT('',#16329);
#5069=VERTEX_POINT('',#16333);
#5070=VERTEX_POINT('',#16337);
#5071=VERTEX_POINT('',#16341);
#5072=VERTEX_POINT('',#16345);
#5073=VERTEX_POINT('',#16349);
#5074=VERTEX_POINT('',#16353);
#5075=VERTEX_POINT('',#16359);
#5076=VERTEX_POINT('',#16361);
#5077=VERTEX_POINT('',#16365);
#5078=VERTEX_POINT('',#16369);
#5079=VERTEX_POINT('',#16375);
#5080=VERTEX_POINT('',#16377);
#5081=VERTEX_POINT('',#16381);
#5082=VERTEX_POINT('',#16385);
#5083=VERTEX_POINT('',#16392);
#5084=VERTEX_POINT('',#16393);
#5085=VERTEX_POINT('',#16395);
#5086=VERTEX_POINT('',#16397);
#5087=VERTEX_POINT('',#16399);
#5088=VERTEX_POINT('',#16401);
#5089=VERTEX_POINT('',#16403);
#5090=VERTEX_POINT('',#16405);
#5091=VERTEX_POINT('',#16407);
#5092=VERTEX_POINT('',#16409);
#5093=VERTEX_POINT('',#16413);
#5094=VERTEX_POINT('',#16415);
#5095=VERTEX_POINT('',#16419);
#5096=VERTEX_POINT('',#16423);
#5097=VERTEX_POINT('',#16427);
#5098=VERTEX_POINT('',#16431);
#5099=VERTEX_POINT('',#16435);
#5100=VERTEX_POINT('',#16439);
#5101=VERTEX_POINT('',#16443);
#5102=VERTEX_POINT('',#16447);
#5103=VERTEX_POINT('',#16454);
#5104=VERTEX_POINT('',#16455);
#5105=VERTEX_POINT('',#16457);
#5106=VERTEX_POINT('',#16459);
#5107=VERTEX_POINT('',#16461);
#5108=VERTEX_POINT('',#16463);
#5109=VERTEX_POINT('',#16465);
#5110=VERTEX_POINT('',#16467);
#5111=VERTEX_POINT('',#16469);
#5112=VERTEX_POINT('',#16471);
#5113=VERTEX_POINT('',#16473);
#5114=VERTEX_POINT('',#16475);
#5115=VERTEX_POINT('',#16477);
#5116=VERTEX_POINT('',#16479);
#5117=VERTEX_POINT('',#16481);
#5118=VERTEX_POINT('',#16484);
#5119=VERTEX_POINT('',#16485);
#5120=VERTEX_POINT('',#16487);
#5121=VERTEX_POINT('',#16489);
#5122=VERTEX_POINT('',#16491);
#5123=VERTEX_POINT('',#16493);
#5124=VERTEX_POINT('',#16495);
#5125=VERTEX_POINT('',#16497);
#5126=VERTEX_POINT('',#16501);
#5127=VERTEX_POINT('',#16503);
#5128=VERTEX_POINT('',#16507);
#5129=VERTEX_POINT('',#16511);
#5130=VERTEX_POINT('',#16515);
#5131=VERTEX_POINT('',#16519);
#5132=VERTEX_POINT('',#16523);
#5133=VERTEX_POINT('',#16527);
#5134=VERTEX_POINT('',#16531);
#5135=VERTEX_POINT('',#16535);
#5136=VERTEX_POINT('',#16539);
#5137=VERTEX_POINT('',#16543);
#5138=VERTEX_POINT('',#16547);
#5139=VERTEX_POINT('',#16551);
#5140=VERTEX_POINT('',#16555);
#5141=VERTEX_POINT('',#16561);
#5142=VERTEX_POINT('',#16563);
#5143=VERTEX_POINT('',#16567);
#5144=VERTEX_POINT('',#16571);
#5145=VERTEX_POINT('',#16575);
#5146=VERTEX_POINT('',#16579);
#5147=VERTEX_POINT('',#16583);
#5148=VERTEX_POINT('',#16587);
#5149=VERTEX_POINT('',#16594);
#5150=VERTEX_POINT('',#16595);
#5151=VERTEX_POINT('',#16597);
#5152=VERTEX_POINT('',#16599);
#5153=VERTEX_POINT('',#16601);
#5154=VERTEX_POINT('',#16603);
#5155=VERTEX_POINT('',#16605);
#5156=VERTEX_POINT('',#16607);
#5157=VERTEX_POINT('',#16611);
#5158=VERTEX_POINT('',#16613);
#5159=VERTEX_POINT('',#16617);
#5160=VERTEX_POINT('',#16621);
#5161=VERTEX_POINT('',#16625);
#5162=VERTEX_POINT('',#16629);
#5163=VERTEX_POINT('',#16633);
#5164=VERTEX_POINT('',#16637);
#5165=VERTEX_POINT('',#16644);
#5166=VERTEX_POINT('',#16645);
#5167=VERTEX_POINT('',#16647);
#5168=VERTEX_POINT('',#16649);
#5169=VERTEX_POINT('',#16651);
#5170=VERTEX_POINT('',#16653);
#5171=VERTEX_POINT('',#16655);
#5172=VERTEX_POINT('',#16657);
#5173=VERTEX_POINT('',#16659);
#5174=VERTEX_POINT('',#16661);
#5175=VERTEX_POINT('',#16665);
#5176=VERTEX_POINT('',#16667);
#5177=VERTEX_POINT('',#16671);
#5178=VERTEX_POINT('',#16675);
#5179=VERTEX_POINT('',#16679);
#5180=VERTEX_POINT('',#16683);
#5181=VERTEX_POINT('',#16687);
#5182=VERTEX_POINT('',#16691);
#5183=VERTEX_POINT('',#16695);
#5184=VERTEX_POINT('',#16699);
#5185=VERTEX_POINT('',#16706);
#5186=VERTEX_POINT('',#16707);
#5187=VERTEX_POINT('',#16709);
#5188=VERTEX_POINT('',#16711);
#5189=VERTEX_POINT('',#16715);
#5190=VERTEX_POINT('',#16717);
#5191=VERTEX_POINT('',#16721);
#5192=VERTEX_POINT('',#16725);
#5193=VERTEX_POINT('',#16732);
#5194=VERTEX_POINT('',#16733);
#5195=VERTEX_POINT('',#16735);
#5196=VERTEX_POINT('',#16737);
#5197=VERTEX_POINT('',#16739);
#5198=VERTEX_POINT('',#16741);
#5199=VERTEX_POINT('',#16743);
#5200=VERTEX_POINT('',#16745);
#5201=VERTEX_POINT('',#16747);
#5202=VERTEX_POINT('',#16749);
#5203=VERTEX_POINT('',#16753);
#5204=VERTEX_POINT('',#16755);
#5205=VERTEX_POINT('',#16759);
#5206=VERTEX_POINT('',#16763);
#5207=VERTEX_POINT('',#16767);
#5208=VERTEX_POINT('',#16771);
#5209=VERTEX_POINT('',#16775);
#5210=VERTEX_POINT('',#16779);
#5211=VERTEX_POINT('',#16783);
#5212=VERTEX_POINT('',#16787);
#5213=VERTEX_POINT('',#16794);
#5214=VERTEX_POINT('',#16795);
#5215=VERTEX_POINT('',#16797);
#5216=VERTEX_POINT('',#16799);
#5217=VERTEX_POINT('',#16801);
#5218=VERTEX_POINT('',#16803);
#5219=VERTEX_POINT('',#16805);
#5220=VERTEX_POINT('',#16807);
#5221=VERTEX_POINT('',#16809);
#5222=VERTEX_POINT('',#16811);
#5223=VERTEX_POINT('',#16813);
#5224=VERTEX_POINT('',#16815);
#5225=VERTEX_POINT('',#16817);
#5226=VERTEX_POINT('',#16821);
#5227=VERTEX_POINT('',#16823);
#5228=VERTEX_POINT('',#16827);
#5229=VERTEX_POINT('',#16831);
#5230=VERTEX_POINT('',#16835);
#5231=VERTEX_POINT('',#16839);
#5232=VERTEX_POINT('',#16843);
#5233=VERTEX_POINT('',#16847);
#5234=VERTEX_POINT('',#16851);
#5235=VERTEX_POINT('',#16855);
#5236=VERTEX_POINT('',#16859);
#5237=VERTEX_POINT('',#16863);
#5238=VERTEX_POINT('',#16867);
#5239=VERTEX_POINT('',#16874);
#5240=VERTEX_POINT('',#16875);
#5241=VERTEX_POINT('',#16877);
#5242=VERTEX_POINT('',#16879);
#5243=VERTEX_POINT('',#16881);
#5244=VERTEX_POINT('',#16883);
#5245=VERTEX_POINT('',#16885);
#5246=VERTEX_POINT('',#16887);
#5247=VERTEX_POINT('',#16889);
#5248=VERTEX_POINT('',#16891);
#5249=VERTEX_POINT('',#16893);
#5250=VERTEX_POINT('',#16895);
#5251=VERTEX_POINT('',#16897);
#5252=VERTEX_POINT('',#16899);
#5253=VERTEX_POINT('',#16901);
#5254=VERTEX_POINT('',#16903);
#5255=VERTEX_POINT('',#16905);
#5256=VERTEX_POINT('',#16909);
#5257=VERTEX_POINT('',#16911);
#5258=VERTEX_POINT('',#16915);
#5259=VERTEX_POINT('',#16919);
#5260=VERTEX_POINT('',#16923);
#5261=VERTEX_POINT('',#16927);
#5262=VERTEX_POINT('',#16931);
#5263=VERTEX_POINT('',#16935);
#5264=VERTEX_POINT('',#16939);
#5265=VERTEX_POINT('',#16943);
#5266=VERTEX_POINT('',#16947);
#5267=VERTEX_POINT('',#16951);
#5268=VERTEX_POINT('',#16955);
#5269=VERTEX_POINT('',#16959);
#5270=VERTEX_POINT('',#16963);
#5271=VERTEX_POINT('',#16967);
#5272=VERTEX_POINT('',#16971);
#5273=VERTEX_POINT('',#16978);
#5274=VERTEX_POINT('',#16979);
#5275=VERTEX_POINT('',#16981);
#5276=VERTEX_POINT('',#16983);
#5277=VERTEX_POINT('',#16985);
#5278=VERTEX_POINT('',#16987);
#5279=VERTEX_POINT('',#16989);
#5280=VERTEX_POINT('',#16991);
#5281=VERTEX_POINT('',#16993);
#5282=VERTEX_POINT('',#16995);
#5283=VERTEX_POINT('',#16997);
#5284=VERTEX_POINT('',#16999);
#5285=VERTEX_POINT('',#17001);
#5286=VERTEX_POINT('',#17003);
#5287=VERTEX_POINT('',#17006);
#5288=VERTEX_POINT('',#17007);
#5289=VERTEX_POINT('',#17009);
#5290=VERTEX_POINT('',#17011);
#5291=VERTEX_POINT('',#17013);
#5292=VERTEX_POINT('',#17017);
#5293=VERTEX_POINT('',#17019);
#5294=VERTEX_POINT('',#17023);
#5295=VERTEX_POINT('',#17027);
#5296=VERTEX_POINT('',#17031);
#5297=VERTEX_POINT('',#17035);
#5298=VERTEX_POINT('',#17039);
#5299=VERTEX_POINT('',#17043);
#5300=VERTEX_POINT('',#17047);
#5301=VERTEX_POINT('',#17051);
#5302=VERTEX_POINT('',#17055);
#5303=VERTEX_POINT('',#17059);
#5304=VERTEX_POINT('',#17063);
#5305=VERTEX_POINT('',#17067);
#5306=VERTEX_POINT('',#17073);
#5307=VERTEX_POINT('',#17075);
#5308=VERTEX_POINT('',#17079);
#5309=VERTEX_POINT('',#17083);
#5310=VERTEX_POINT('',#17087);
#5311=VERTEX_POINT('',#17094);
#5312=VERTEX_POINT('',#17095);
#5313=VERTEX_POINT('',#17097);
#5314=VERTEX_POINT('',#17099);
#5315=VERTEX_POINT('',#17101);
#5316=VERTEX_POINT('',#17103);
#5317=VERTEX_POINT('',#17105);
#5318=VERTEX_POINT('',#17107);
#5319=VERTEX_POINT('',#17109);
#5320=VERTEX_POINT('',#17111);
#5321=VERTEX_POINT('',#17113);
#5322=VERTEX_POINT('',#17115);
#5323=VERTEX_POINT('',#17117);
#5324=VERTEX_POINT('',#17119);
#5325=VERTEX_POINT('',#17123);
#5326=VERTEX_POINT('',#17125);
#5327=VERTEX_POINT('',#17129);
#5328=VERTEX_POINT('',#17133);
#5329=VERTEX_POINT('',#17137);
#5330=VERTEX_POINT('',#17141);
#5331=VERTEX_POINT('',#17145);
#5332=VERTEX_POINT('',#17149);
#5333=VERTEX_POINT('',#17153);
#5334=VERTEX_POINT('',#17157);
#5335=VERTEX_POINT('',#17161);
#5336=VERTEX_POINT('',#17165);
#5337=VERTEX_POINT('',#17169);
#5338=VERTEX_POINT('',#17173);
#5339=VERTEX_POINT('',#17180);
#5340=VERTEX_POINT('',#17181);
#5341=VERTEX_POINT('',#17183);
#5342=VERTEX_POINT('',#17185);
#5343=VERTEX_POINT('',#17187);
#5344=VERTEX_POINT('',#17189);
#5345=VERTEX_POINT('',#17191);
#5346=VERTEX_POINT('',#17193);
#5347=VERTEX_POINT('',#17195);
#5348=VERTEX_POINT('',#17197);
#5349=VERTEX_POINT('',#17201);
#5350=VERTEX_POINT('',#17203);
#5351=VERTEX_POINT('',#17207);
#5352=VERTEX_POINT('',#17211);
#5353=VERTEX_POINT('',#17215);
#5354=VERTEX_POINT('',#17219);
#5355=VERTEX_POINT('',#17223);
#5356=VERTEX_POINT('',#17227);
#5357=VERTEX_POINT('',#17231);
#5358=VERTEX_POINT('',#17235);
#5359=VERTEX_POINT('',#17242);
#5360=VERTEX_POINT('',#17243);
#5361=VERTEX_POINT('',#17245);
#5362=VERTEX_POINT('',#17247);
#5363=VERTEX_POINT('',#17249);
#5364=VERTEX_POINT('',#17251);
#5365=VERTEX_POINT('',#17253);
#5366=VERTEX_POINT('',#17255);
#5367=VERTEX_POINT('',#17257);
#5368=VERTEX_POINT('',#17259);
#5369=VERTEX_POINT('',#17261);
#5370=VERTEX_POINT('',#17263);
#5371=VERTEX_POINT('',#17265);
#5372=VERTEX_POINT('',#17267);
#5373=VERTEX_POINT('',#17269);
#5374=VERTEX_POINT('',#17272);
#5375=VERTEX_POINT('',#17273);
#5376=VERTEX_POINT('',#17275);
#5377=VERTEX_POINT('',#17277);
#5378=VERTEX_POINT('',#17279);
#5379=VERTEX_POINT('',#17281);
#5380=VERTEX_POINT('',#17283);
#5381=VERTEX_POINT('',#17285);
#5382=VERTEX_POINT('',#17289);
#5383=VERTEX_POINT('',#17291);
#5384=VERTEX_POINT('',#17295);
#5385=VERTEX_POINT('',#17299);
#5386=VERTEX_POINT('',#17303);
#5387=VERTEX_POINT('',#17307);
#5388=VERTEX_POINT('',#17311);
#5389=VERTEX_POINT('',#17315);
#5390=VERTEX_POINT('',#17319);
#5391=VERTEX_POINT('',#17323);
#5392=VERTEX_POINT('',#17327);
#5393=VERTEX_POINT('',#17331);
#5394=VERTEX_POINT('',#17335);
#5395=VERTEX_POINT('',#17339);
#5396=VERTEX_POINT('',#17343);
#5397=VERTEX_POINT('',#17349);
#5398=VERTEX_POINT('',#17351);
#5399=VERTEX_POINT('',#17355);
#5400=VERTEX_POINT('',#17359);
#5401=VERTEX_POINT('',#17363);
#5402=VERTEX_POINT('',#17367);
#5403=VERTEX_POINT('',#17371);
#5404=VERTEX_POINT('',#17375);
#5405=VERTEX_POINT('',#17382);
#5406=VERTEX_POINT('',#17383);
#5407=VERTEX_POINT('',#17385);
#5408=VERTEX_POINT('',#17387);
#5409=VERTEX_POINT('',#17389);
#5410=VERTEX_POINT('',#17391);
#5411=VERTEX_POINT('',#17393);
#5412=VERTEX_POINT('',#17395);
#5413=VERTEX_POINT('',#17399);
#5414=VERTEX_POINT('',#17401);
#5415=VERTEX_POINT('',#17405);
#5416=VERTEX_POINT('',#17409);
#5417=VERTEX_POINT('',#17413);
#5418=VERTEX_POINT('',#17417);
#5419=VERTEX_POINT('',#17421);
#5420=VERTEX_POINT('',#17425);
#5421=VERTEX_POINT('',#17432);
#5422=VERTEX_POINT('',#17433);
#5423=VERTEX_POINT('',#17435);
#5424=VERTEX_POINT('',#17437);
#5425=VERTEX_POINT('',#17439);
#5426=VERTEX_POINT('',#17441);
#5427=VERTEX_POINT('',#17443);
#5428=VERTEX_POINT('',#17445);
#5429=VERTEX_POINT('',#17447);
#5430=VERTEX_POINT('',#17449);
#5431=VERTEX_POINT('',#17451);
#5432=VERTEX_POINT('',#17453);
#5433=VERTEX_POINT('',#17455);
#5434=VERTEX_POINT('',#17459);
#5435=VERTEX_POINT('',#17461);
#5436=VERTEX_POINT('',#17465);
#5437=VERTEX_POINT('',#17469);
#5438=VERTEX_POINT('',#17473);
#5439=VERTEX_POINT('',#17477);
#5440=VERTEX_POINT('',#17481);
#5441=VERTEX_POINT('',#17485);
#5442=VERTEX_POINT('',#17489);
#5443=VERTEX_POINT('',#17493);
#5444=VERTEX_POINT('',#17497);
#5445=VERTEX_POINT('',#17501);
#5446=VERTEX_POINT('',#17505);
#5447=VERTEX_POINT('',#17512);
#5448=VERTEX_POINT('',#17513);
#5449=VERTEX_POINT('',#17515);
#5450=VERTEX_POINT('',#17517);
#5451=VERTEX_POINT('',#17519);
#5452=VERTEX_POINT('',#17521);
#5453=VERTEX_POINT('',#17523);
#5454=VERTEX_POINT('',#17525);
#5455=VERTEX_POINT('',#17527);
#5456=VERTEX_POINT('',#17529);
#5457=VERTEX_POINT('',#17531);
#5458=VERTEX_POINT('',#17533);
#5459=VERTEX_POINT('',#17535);
#5460=VERTEX_POINT('',#17537);
#5461=VERTEX_POINT('',#17540);
#5462=VERTEX_POINT('',#17541);
#5463=VERTEX_POINT('',#17543);
#5464=VERTEX_POINT('',#17545);
#5465=VERTEX_POINT('',#17547);
#5466=VERTEX_POINT('',#17551);
#5467=VERTEX_POINT('',#17553);
#5468=VERTEX_POINT('',#17557);
#5469=VERTEX_POINT('',#17561);
#5470=VERTEX_POINT('',#17565);
#5471=VERTEX_POINT('',#17569);
#5472=VERTEX_POINT('',#17573);
#5473=VERTEX_POINT('',#17577);
#5474=VERTEX_POINT('',#17581);
#5475=VERTEX_POINT('',#17585);
#5476=VERTEX_POINT('',#17589);
#5477=VERTEX_POINT('',#17593);
#5478=VERTEX_POINT('',#17597);
#5479=VERTEX_POINT('',#17601);
#5480=VERTEX_POINT('',#17607);
#5481=VERTEX_POINT('',#17609);
#5482=VERTEX_POINT('',#17613);
#5483=VERTEX_POINT('',#17617);
#5484=VERTEX_POINT('',#17621);
#5485=VERTEX_POINT('',#17628);
#5486=VERTEX_POINT('',#17629);
#5487=VERTEX_POINT('',#17631);
#5488=VERTEX_POINT('',#17633);
#5489=VERTEX_POINT('',#17635);
#5490=VERTEX_POINT('',#17637);
#5491=VERTEX_POINT('',#17639);
#5492=VERTEX_POINT('',#17641);
#5493=VERTEX_POINT('',#17643);
#5494=VERTEX_POINT('',#17645);
#5495=VERTEX_POINT('',#17649);
#5496=VERTEX_POINT('',#17651);
#5497=VERTEX_POINT('',#17655);
#5498=VERTEX_POINT('',#17659);
#5499=VERTEX_POINT('',#17663);
#5500=VERTEX_POINT('',#17667);
#5501=VERTEX_POINT('',#17671);
#5502=VERTEX_POINT('',#17675);
#5503=VERTEX_POINT('',#17679);
#5504=VERTEX_POINT('',#17683);
#5505=VERTEX_POINT('',#17690);
#5506=VERTEX_POINT('',#17691);
#5507=VERTEX_POINT('',#17693);
#5508=VERTEX_POINT('',#17695);
#5509=VERTEX_POINT('',#17697);
#5510=VERTEX_POINT('',#17699);
#5511=VERTEX_POINT('',#17701);
#5512=VERTEX_POINT('',#17703);
#5513=VERTEX_POINT('',#17705);
#5514=VERTEX_POINT('',#17707);
#5515=VERTEX_POINT('',#17709);
#5516=VERTEX_POINT('',#17711);
#5517=VERTEX_POINT('',#17713);
#5518=VERTEX_POINT('',#17715);
#5519=VERTEX_POINT('',#17717);
#5520=VERTEX_POINT('',#17719);
#5521=VERTEX_POINT('',#17721);
#5522=VERTEX_POINT('',#17723);
#5523=VERTEX_POINT('',#17725);
#5524=VERTEX_POINT('',#17729);
#5525=VERTEX_POINT('',#17731);
#5526=VERTEX_POINT('',#17735);
#5527=VERTEX_POINT('',#17739);
#5528=VERTEX_POINT('',#17743);
#5529=VERTEX_POINT('',#17747);
#5530=VERTEX_POINT('',#17751);
#5531=VERTEX_POINT('',#17755);
#5532=VERTEX_POINT('',#17759);
#5533=VERTEX_POINT('',#17763);
#5534=VERTEX_POINT('',#17767);
#5535=VERTEX_POINT('',#17771);
#5536=VERTEX_POINT('',#17775);
#5537=VERTEX_POINT('',#17779);
#5538=VERTEX_POINT('',#17783);
#5539=VERTEX_POINT('',#17787);
#5540=VERTEX_POINT('',#17791);
#5541=VERTEX_POINT('',#17795);
#5542=VERTEX_POINT('',#17799);
#5543=VERTEX_POINT('',#17806);
#5544=VERTEX_POINT('',#17807);
#5545=VERTEX_POINT('',#17809);
#5546=VERTEX_POINT('',#17811);
#5547=VERTEX_POINT('',#17813);
#5548=VERTEX_POINT('',#17815);
#5549=VERTEX_POINT('',#17817);
#5550=VERTEX_POINT('',#17819);
#5551=VERTEX_POINT('',#17821);
#5552=VERTEX_POINT('',#17823);
#5553=VERTEX_POINT('',#17825);
#5554=VERTEX_POINT('',#17827);
#5555=VERTEX_POINT('',#17829);
#5556=VERTEX_POINT('',#17831);
#5557=VERTEX_POINT('',#17833);
#5558=VERTEX_POINT('',#17835);
#5559=VERTEX_POINT('',#17837);
#5560=VERTEX_POINT('',#17841);
#5561=VERTEX_POINT('',#17843);
#5562=VERTEX_POINT('',#17847);
#5563=VERTEX_POINT('',#17851);
#5564=VERTEX_POINT('',#17855);
#5565=VERTEX_POINT('',#17859);
#5566=VERTEX_POINT('',#17863);
#5567=VERTEX_POINT('',#17867);
#5568=VERTEX_POINT('',#17871);
#5569=VERTEX_POINT('',#17875);
#5570=VERTEX_POINT('',#17879);
#5571=VERTEX_POINT('',#17883);
#5572=VERTEX_POINT('',#17887);
#5573=VERTEX_POINT('',#17891);
#5574=VERTEX_POINT('',#17895);
#5575=VERTEX_POINT('',#17899);
#5576=VERTEX_POINT('',#17903);
#5577=VERTEX_POINT('',#17910);
#5578=VERTEX_POINT('',#17911);
#5579=VERTEX_POINT('',#17913);
#5580=VERTEX_POINT('',#17915);
#5581=VERTEX_POINT('',#17919);
#5582=VERTEX_POINT('',#17921);
#5583=VERTEX_POINT('',#17925);
#5584=VERTEX_POINT('',#17929);
#5585=VERTEX_POINT('',#17936);
#5586=VERTEX_POINT('',#17937);
#5587=VERTEX_POINT('',#17939);
#5588=VERTEX_POINT('',#17941);
#5589=VERTEX_POINT('',#17945);
#5590=VERTEX_POINT('',#17947);
#5591=VERTEX_POINT('',#17951);
#5592=VERTEX_POINT('',#17955);
#5593=VERTEX_POINT('',#17962);
#5594=VERTEX_POINT('',#17963);
#5595=VERTEX_POINT('',#17965);
#5596=VERTEX_POINT('',#17967);
#5597=VERTEX_POINT('',#17969);
#5598=VERTEX_POINT('',#17971);
#5599=VERTEX_POINT('',#17973);
#5600=VERTEX_POINT('',#17975);
#5601=VERTEX_POINT('',#17977);
#5602=VERTEX_POINT('',#17979);
#5603=VERTEX_POINT('',#17981);
#5604=VERTEX_POINT('',#17983);
#5605=VERTEX_POINT('',#17985);
#5606=VERTEX_POINT('',#17987);
#5607=VERTEX_POINT('',#17989);
#5608=VERTEX_POINT('',#17991);
#5609=VERTEX_POINT('',#17993);
#5610=VERTEX_POINT('',#17995);
#5611=VERTEX_POINT('',#17997);
#5612=VERTEX_POINT('',#17999);
#5613=VERTEX_POINT('',#18001);
#5614=VERTEX_POINT('',#18003);
#5615=VERTEX_POINT('',#18007);
#5616=VERTEX_POINT('',#18009);
#5617=VERTEX_POINT('',#18013);
#5618=VERTEX_POINT('',#18017);
#5619=VERTEX_POINT('',#18021);
#5620=VERTEX_POINT('',#18025);
#5621=VERTEX_POINT('',#18029);
#5622=VERTEX_POINT('',#18033);
#5623=VERTEX_POINT('',#18037);
#5624=VERTEX_POINT('',#18041);
#5625=VERTEX_POINT('',#18045);
#5626=VERTEX_POINT('',#18049);
#5627=VERTEX_POINT('',#18053);
#5628=VERTEX_POINT('',#18057);
#5629=VERTEX_POINT('',#18061);
#5630=VERTEX_POINT('',#18065);
#5631=VERTEX_POINT('',#18069);
#5632=VERTEX_POINT('',#18073);
#5633=VERTEX_POINT('',#18077);
#5634=VERTEX_POINT('',#18081);
#5635=VERTEX_POINT('',#18085);
#5636=VERTEX_POINT('',#18089);
#5637=VERTEX_POINT('',#18096);
#5638=VERTEX_POINT('',#18097);
#5639=VERTEX_POINT('',#18099);
#5640=VERTEX_POINT('',#18101);
#5641=VERTEX_POINT('',#18103);
#5642=VERTEX_POINT('',#18105);
#5643=VERTEX_POINT('',#18107);
#5644=VERTEX_POINT('',#18109);
#5645=VERTEX_POINT('',#18111);
#5646=VERTEX_POINT('',#18113);
#5647=VERTEX_POINT('',#18115);
#5648=VERTEX_POINT('',#18117);
#5649=VERTEX_POINT('',#18119);
#5650=VERTEX_POINT('',#18121);
#5651=VERTEX_POINT('',#18124);
#5652=VERTEX_POINT('',#18125);
#5653=VERTEX_POINT('',#18127);
#5654=VERTEX_POINT('',#18129);
#5655=VERTEX_POINT('',#18131);
#5656=VERTEX_POINT('',#18135);
#5657=VERTEX_POINT('',#18137);
#5658=VERTEX_POINT('',#18141);
#5659=VERTEX_POINT('',#18145);
#5660=VERTEX_POINT('',#18149);
#5661=VERTEX_POINT('',#18153);
#5662=VERTEX_POINT('',#18157);
#5663=VERTEX_POINT('',#18161);
#5664=VERTEX_POINT('',#18165);
#5665=VERTEX_POINT('',#18169);
#5666=VERTEX_POINT('',#18173);
#5667=VERTEX_POINT('',#18177);
#5668=VERTEX_POINT('',#18181);
#5669=VERTEX_POINT('',#18185);
#5670=VERTEX_POINT('',#18191);
#5671=VERTEX_POINT('',#18193);
#5672=VERTEX_POINT('',#18197);
#5673=VERTEX_POINT('',#18201);
#5674=VERTEX_POINT('',#18205);
#5675=VERTEX_POINT('',#18212);
#5676=VERTEX_POINT('',#18213);
#5677=VERTEX_POINT('',#18215);
#5678=VERTEX_POINT('',#18217);
#5679=VERTEX_POINT('',#18219);
#5680=VERTEX_POINT('',#18221);
#5681=VERTEX_POINT('',#18223);
#5682=VERTEX_POINT('',#18225);
#5683=VERTEX_POINT('',#18227);
#5684=VERTEX_POINT('',#18229);
#5685=VERTEX_POINT('',#18231);
#5686=VERTEX_POINT('',#18233);
#5687=VERTEX_POINT('',#18235);
#5688=VERTEX_POINT('',#18237);
#5689=VERTEX_POINT('',#18240);
#5690=VERTEX_POINT('',#18241);
#5691=VERTEX_POINT('',#18243);
#5692=VERTEX_POINT('',#18245);
#5693=VERTEX_POINT('',#18247);
#5694=VERTEX_POINT('',#18249);
#5695=VERTEX_POINT('',#18251);
#5696=VERTEX_POINT('',#18253);
#5697=VERTEX_POINT('',#18257);
#5698=VERTEX_POINT('',#18259);
#5699=VERTEX_POINT('',#18263);
#5700=VERTEX_POINT('',#18267);
#5701=VERTEX_POINT('',#18271);
#5702=VERTEX_POINT('',#18275);
#5703=VERTEX_POINT('',#18279);
#5704=VERTEX_POINT('',#18283);
#5705=VERTEX_POINT('',#18287);
#5706=VERTEX_POINT('',#18291);
#5707=VERTEX_POINT('',#18295);
#5708=VERTEX_POINT('',#18299);
#5709=VERTEX_POINT('',#18303);
#5710=VERTEX_POINT('',#18307);
#5711=VERTEX_POINT('',#18313);
#5712=VERTEX_POINT('',#18315);
#5713=VERTEX_POINT('',#18319);
#5714=VERTEX_POINT('',#18323);
#5715=VERTEX_POINT('',#18327);
#5716=VERTEX_POINT('',#18331);
#5717=VERTEX_POINT('',#18335);
#5718=VERTEX_POINT('',#18339);
#5719=VERTEX_POINT('',#18346);
#5720=VERTEX_POINT('',#18347);
#5721=VERTEX_POINT('',#18349);
#5722=VERTEX_POINT('',#18351);
#5723=VERTEX_POINT('',#18353);
#5724=VERTEX_POINT('',#18355);
#5725=VERTEX_POINT('',#18357);
#5726=VERTEX_POINT('',#18359);
#5727=VERTEX_POINT('',#18361);
#5728=VERTEX_POINT('',#18363);
#5729=VERTEX_POINT('',#18365);
#5730=VERTEX_POINT('',#18367);
#5731=VERTEX_POINT('',#18369);
#5732=VERTEX_POINT('',#18371);
#5733=VERTEX_POINT('',#18373);
#5734=VERTEX_POINT('',#18376);
#5735=VERTEX_POINT('',#18377);
#5736=VERTEX_POINT('',#18379);
#5737=VERTEX_POINT('',#18383);
#5738=VERTEX_POINT('',#18385);
#5739=VERTEX_POINT('',#18389);
#5740=VERTEX_POINT('',#18393);
#5741=VERTEX_POINT('',#18397);
#5742=VERTEX_POINT('',#18401);
#5743=VERTEX_POINT('',#18405);
#5744=VERTEX_POINT('',#18409);
#5745=VERTEX_POINT('',#18413);
#5746=VERTEX_POINT('',#18417);
#5747=VERTEX_POINT('',#18421);
#5748=VERTEX_POINT('',#18425);
#5749=VERTEX_POINT('',#18429);
#5750=VERTEX_POINT('',#18433);
#5751=VERTEX_POINT('',#18437);
#5752=VERTEX_POINT('',#18443);
#5753=VERTEX_POINT('',#18445);
#5754=VERTEX_POINT('',#18449);
#5755=VERTEX_POINT('',#18456);
#5756=VERTEX_POINT('',#18457);
#5757=VERTEX_POINT('',#18459);
#5758=VERTEX_POINT('',#18461);
#5759=VERTEX_POINT('',#18463);
#5760=VERTEX_POINT('',#18465);
#5761=VERTEX_POINT('',#18467);
#5762=VERTEX_POINT('',#18469);
#5763=VERTEX_POINT('',#18471);
#5764=VERTEX_POINT('',#18473);
#5765=VERTEX_POINT('',#18475);
#5766=VERTEX_POINT('',#18477);
#5767=VERTEX_POINT('',#18479);
#5768=VERTEX_POINT('',#18483);
#5769=VERTEX_POINT('',#18485);
#5770=VERTEX_POINT('',#18489);
#5771=VERTEX_POINT('',#18493);
#5772=VERTEX_POINT('',#18497);
#5773=VERTEX_POINT('',#18501);
#5774=VERTEX_POINT('',#18505);
#5775=VERTEX_POINT('',#18509);
#5776=VERTEX_POINT('',#18513);
#5777=VERTEX_POINT('',#18517);
#5778=VERTEX_POINT('',#18521);
#5779=VERTEX_POINT('',#18525);
#5780=VERTEX_POINT('',#18529);
#5781=VERTEX_POINT('',#18536);
#5782=VERTEX_POINT('',#18537);
#5783=VERTEX_POINT('',#18539);
#5784=VERTEX_POINT('',#18541);
#5785=VERTEX_POINT('',#18543);
#5786=VERTEX_POINT('',#18545);
#5787=VERTEX_POINT('',#18547);
#5788=VERTEX_POINT('',#18549);
#5789=VERTEX_POINT('',#18551);
#5790=VERTEX_POINT('',#18553);
#5791=VERTEX_POINT('',#18555);
#5792=VERTEX_POINT('',#18557);
#5793=VERTEX_POINT('',#18559);
#5794=VERTEX_POINT('',#18562);
#5795=VERTEX_POINT('',#18563);
#5796=VERTEX_POINT('',#18565);
#5797=VERTEX_POINT('',#18567);
#5798=VERTEX_POINT('',#18569);
#5799=VERTEX_POINT('',#18571);
#5800=VERTEX_POINT('',#18573);
#5801=VERTEX_POINT('',#18575);
#5802=VERTEX_POINT('',#18579);
#5803=VERTEX_POINT('',#18581);
#5804=VERTEX_POINT('',#18585);
#5805=VERTEX_POINT('',#18589);
#5806=VERTEX_POINT('',#18593);
#5807=VERTEX_POINT('',#18597);
#5808=VERTEX_POINT('',#18601);
#5809=VERTEX_POINT('',#18605);
#5810=VERTEX_POINT('',#18609);
#5811=VERTEX_POINT('',#18613);
#5812=VERTEX_POINT('',#18617);
#5813=VERTEX_POINT('',#18621);
#5814=VERTEX_POINT('',#18625);
#5815=VERTEX_POINT('',#18631);
#5816=VERTEX_POINT('',#18633);
#5817=VERTEX_POINT('',#18637);
#5818=VERTEX_POINT('',#18641);
#5819=VERTEX_POINT('',#18645);
#5820=VERTEX_POINT('',#18649);
#5821=VERTEX_POINT('',#18653);
#5822=VERTEX_POINT('',#18657);
#5823=VERTEX_POINT('',#18664);
#5824=VERTEX_POINT('',#18665);
#5825=VERTEX_POINT('',#18667);
#5826=VERTEX_POINT('',#18669);
#5827=VERTEX_POINT('',#18671);
#5828=VERTEX_POINT('',#18673);
#5829=VERTEX_POINT('',#18675);
#5830=VERTEX_POINT('',#18678);
#5831=VERTEX_POINT('',#18679);
#5832=VERTEX_POINT('',#18681);
#5833=VERTEX_POINT('',#18683);
#5834=VERTEX_POINT('',#18685);
#5835=VERTEX_POINT('',#18689);
#5836=VERTEX_POINT('',#18691);
#5837=VERTEX_POINT('',#18695);
#5838=VERTEX_POINT('',#18699);
#5839=VERTEX_POINT('',#18703);
#5840=VERTEX_POINT('',#18707);
#5841=VERTEX_POINT('',#18711);
#5842=VERTEX_POINT('',#18717);
#5843=VERTEX_POINT('',#18719);
#5844=VERTEX_POINT('',#18723);
#5845=VERTEX_POINT('',#18727);
#5846=VERTEX_POINT('',#18731);
#5847=VERTEX_POINT('',#18738);
#5848=VERTEX_POINT('',#18739);
#5849=VERTEX_POINT('',#18741);
#5850=VERTEX_POINT('',#18743);
#5851=VERTEX_POINT('',#18747);
#5852=VERTEX_POINT('',#18748);
#5853=VERTEX_POINT('',#18750);
#5854=VERTEX_POINT('',#18752);
#5855=VERTEX_POINT('',#18764);
#5856=VERTEX_POINT('',#18765);
#5857=VERTEX_POINT('',#18767);
#5858=VERTEX_POINT('',#18769);
#5859=VERTEX_POINT('',#18771);
#5860=VERTEX_POINT('',#18773);
#5861=VERTEX_POINT('',#18777);
#5862=VERTEX_POINT('',#18778);
#5863=VERTEX_POINT('',#18780);
#5864=VERTEX_POINT('',#18782);
#5865=VERTEX_POINT('',#18784);
#5866=VERTEX_POINT('',#18786);
#5867=VERTEX_POINT('',#18802);
#5868=VERTEX_POINT('',#18803);
#5869=VERTEX_POINT('',#18807);
#5870=VERTEX_POINT('',#18808);
#5871=VERTEX_POINT('',#18816);
#5872=VERTEX_POINT('',#18817);
#5873=VERTEX_POINT('',#18819);
#5874=VERTEX_POINT('',#18821);
#5875=VERTEX_POINT('',#18823);
#5876=VERTEX_POINT('',#18825);
#5877=VERTEX_POINT('',#18827);
#5878=VERTEX_POINT('',#18829);
#5879=VERTEX_POINT('',#18833);
#5880=VERTEX_POINT('',#18834);
#5881=VERTEX_POINT('',#18836);
#5882=VERTEX_POINT('',#18838);
#5883=VERTEX_POINT('',#18840);
#5884=VERTEX_POINT('',#18842);
#5885=VERTEX_POINT('',#18844);
#5886=VERTEX_POINT('',#18846);
#5887=EDGE_CURVE('',#4873,#4874,#4797,.T.);
#5888=EDGE_CURVE('',#4874,#4875,#1927,.T.);
#5889=EDGE_CURVE('',#4875,#4876,#4798,.T.);
#5890=EDGE_CURVE('',#4876,#4873,#1928,.T.);
#5891=EDGE_CURVE('',#4874,#4873,#4799,.T.);
#5892=EDGE_CURVE('',#4876,#4875,#4800,.T.);
#5893=EDGE_CURVE('',#4873,#4877,#1929,.T.);
#5894=EDGE_CURVE('',#4877,#4878,#4801,.T.);
#5895=EDGE_CURVE('',#4878,#4874,#1930,.T.);
#5896=EDGE_CURVE('',#4878,#4877,#4802,.T.);
#5897=EDGE_CURVE('',#4879,#4880,#4803,.T.);
#5898=EDGE_CURVE('',#4880,#4881,#1931,.T.);
#5899=EDGE_CURVE('',#4881,#4882,#4804,.T.);
#5900=EDGE_CURVE('',#4882,#4879,#1932,.T.);
#5901=EDGE_CURVE('',#4880,#4879,#4805,.T.);
#5902=EDGE_CURVE('',#4882,#4881,#4806,.T.);
#5903=EDGE_CURVE('',#4883,#4884,#4807,.T.);
#5904=EDGE_CURVE('',#4884,#4885,#1933,.T.);
#5905=EDGE_CURVE('',#4885,#4886,#4808,.T.);
#5906=EDGE_CURVE('',#4886,#4883,#1934,.T.);
#5907=EDGE_CURVE('',#4884,#4883,#4809,.T.);
#5908=EDGE_CURVE('',#4886,#4885,#4810,.T.);
#5909=EDGE_CURVE('',#4887,#4888,#112,.T.);
#5910=EDGE_CURVE('',#4888,#4887,#113,.T.);
#5911=EDGE_CURVE('',#4889,#4890,#114,.T.);
#5912=EDGE_CURVE('',#4890,#4889,#115,.T.);
#5913=EDGE_CURVE('',#4891,#4892,#116,.T.);
#5914=EDGE_CURVE('',#4892,#4891,#117,.T.);
#5915=EDGE_CURVE('',#4893,#4894,#118,.T.);
#5916=EDGE_CURVE('',#4894,#4893,#119,.T.);
#5917=EDGE_CURVE('',#4883,#4895,#1935,.T.);
#5918=EDGE_CURVE('',#4895,#4896,#4811,.T.);
#5919=EDGE_CURVE('',#4896,#4884,#1936,.T.);
#5920=EDGE_CURVE('',#4897,#4898,#120,.T.);
#5921=EDGE_CURVE('',#4898,#4899,#4812,.T.);
#5922=EDGE_CURVE('',#4899,#4900,#121,.T.);
#5923=EDGE_CURVE('',#4900,#4901,#1937,.T.);
#5924=EDGE_CURVE('',#4901,#4902,#122,.T.);
#5925=EDGE_CURVE('',#4902,#4903,#4813,.T.);
#5926=EDGE_CURVE('',#4903,#4904,#123,.T.);
#5927=EDGE_CURVE('',#4904,#4897,#1938,.T.);
#5928=EDGE_CURVE('',#4905,#4906,#124,.T.);
#5929=EDGE_CURVE('',#4906,#4905,#125,.T.);
#5930=EDGE_CURVE('',#4907,#4908,#126,.T.);
#5931=EDGE_CURVE('',#4908,#4907,#127,.T.);
#5932=EDGE_CURVE('',#4909,#4910,#128,.T.);
#5933=EDGE_CURVE('',#4910,#4909,#129,.T.);
#5934=EDGE_CURVE('',#4911,#4912,#130,.T.);
#5935=EDGE_CURVE('',#4912,#4911,#131,.T.);
#5936=EDGE_CURVE('',#4896,#4895,#4814,.T.);
#5937=EDGE_CURVE('',#4913,#4914,#132,.T.);
#5938=EDGE_CURVE('',#4914,#4915,#1939,.T.);
#5939=EDGE_CURVE('',#4915,#4916,#133,.T.);
#5940=EDGE_CURVE('',#4916,#4917,#4815,.T.);
#5941=EDGE_CURVE('',#4917,#4918,#134,.T.);
#5942=EDGE_CURVE('',#4918,#4919,#1940,.T.);
#5943=EDGE_CURVE('',#4919,#4920,#135,.T.);
#5944=EDGE_CURVE('',#4920,#4913,#4816,.T.);
#5945=EDGE_CURVE('',#4895,#4921,#1941,.T.);
#5946=EDGE_CURVE('',#4921,#4922,#4817,.T.);
#5947=EDGE_CURVE('',#4922,#4896,#1942,.T.);
#5948=EDGE_CURVE('',#4922,#4921,#4818,.T.);
#5949=EDGE_CURVE('',#4923,#4924,#4819,.T.);
#5950=EDGE_CURVE('',#4924,#4925,#1943,.T.);
#5951=EDGE_CURVE('',#4925,#4926,#4820,.T.);
#5952=EDGE_CURVE('',#4926,#4923,#1944,.T.);
#5953=EDGE_CURVE('',#4924,#4923,#4821,.T.);
#5954=EDGE_CURVE('',#4926,#4925,#4822,.T.);
#5955=EDGE_CURVE('',#4923,#4927,#1945,.T.);
#5956=EDGE_CURVE('',#4927,#4928,#4823,.T.);
#5957=EDGE_CURVE('',#4928,#4924,#1946,.T.);
#5958=EDGE_CURVE('',#4928,#4927,#4824,.T.);
#5959=EDGE_CURVE('',#4927,#4928,#1947,.T.);
#5960=EDGE_CURVE('',#4875,#4876,#1948,.T.);
#5961=EDGE_CURVE('',#4877,#4882,#1949,.T.);
#5962=EDGE_CURVE('',#4881,#4878,#1950,.T.);
#5963=EDGE_CURVE('',#4879,#4886,#1951,.T.);
#5964=EDGE_CURVE('',#4885,#4880,#1952,.T.);
#5965=EDGE_CURVE('',#4921,#4929,#1953,.T.);
#5966=EDGE_CURVE('',#4929,#4930,#4825,.T.);
#5967=EDGE_CURVE('',#4930,#4922,#1954,.T.);
#5968=EDGE_CURVE('',#4930,#4929,#4826,.T.);
#5969=EDGE_CURVE('',#4929,#4931,#1955,.T.);
#5970=EDGE_CURVE('',#4931,#4932,#4827,.T.);
#5971=EDGE_CURVE('',#4932,#4930,#1956,.T.);
#5972=EDGE_CURVE('',#4932,#4931,#4828,.T.);
#5973=EDGE_CURVE('',#4925,#4932,#1957,.T.);
#5974=EDGE_CURVE('',#4931,#4926,#1958,.T.);
#5975=EDGE_CURVE('',#4933,#4934,#4829,.T.);
#5976=EDGE_CURVE('',#4934,#4935,#1959,.T.);
#5977=EDGE_CURVE('',#4935,#4936,#4830,.T.);
#5978=EDGE_CURVE('',#4936,#4937,#1960,.T.);
#5979=EDGE_CURVE('',#4937,#4938,#4831,.T.);
#5980=EDGE_CURVE('',#4938,#4939,#1961,.T.);
#5981=EDGE_CURVE('',#4939,#4940,#4832,.T.);
#5982=EDGE_CURVE('',#4940,#4933,#1962,.T.);
#5983=EDGE_CURVE('',#4941,#4942,#4833,.T.);
#5984=EDGE_CURVE('',#4942,#4941,#4834,.T.);
#5985=EDGE_CURVE('',#4943,#4944,#4835,.T.);
#5986=EDGE_CURVE('',#4944,#4943,#4836,.T.);
#5987=EDGE_CURVE('',#4945,#4946,#4837,.T.);
#5988=EDGE_CURVE('',#4946,#4945,#4838,.T.);
#5989=EDGE_CURVE('',#4947,#4948,#4839,.T.);
#5990=EDGE_CURVE('',#4948,#4947,#4840,.T.);
#5991=EDGE_CURVE('',#4949,#4950,#1963,.T.);
#5992=EDGE_CURVE('',#4950,#4951,#4841,.T.);
#5993=EDGE_CURVE('',#4951,#4952,#1964,.T.);
#5994=EDGE_CURVE('',#4952,#4953,#4842,.T.);
#5995=EDGE_CURVE('',#4953,#4954,#1965,.T.);
#5996=EDGE_CURVE('',#4954,#4955,#4843,.T.);
#5997=EDGE_CURVE('',#4955,#4956,#1966,.T.);
#5998=EDGE_CURVE('',#4956,#4949,#4844,.T.);
#5999=EDGE_CURVE('',#4957,#4958,#4845,.T.);
#6000=EDGE_CURVE('',#4958,#4957,#4846,.T.);
#6001=EDGE_CURVE('',#4959,#4960,#4847,.T.);
#6002=EDGE_CURVE('',#4960,#4959,#4848,.T.);
#6003=EDGE_CURVE('',#4961,#4962,#4849,.T.);
#6004=EDGE_CURVE('',#4962,#4961,#4850,.T.);
#6005=EDGE_CURVE('',#4963,#4964,#4851,.T.);
#6006=EDGE_CURVE('',#4964,#4963,#4852,.T.);
#6007=EDGE_CURVE('',#4933,#4914,#1967,.T.);
#6008=EDGE_CURVE('',#4913,#4934,#1968,.T.);
#6009=EDGE_CURVE('',#4956,#4898,#1969,.T.);
#6010=EDGE_CURVE('',#4897,#4949,#1970,.T.);
#6011=EDGE_CURVE('',#4955,#4899,#1971,.T.);
#6012=EDGE_CURVE('',#4920,#4935,#1972,.T.);
#6013=EDGE_CURVE('',#4919,#4936,#1973,.T.);
#6014=EDGE_CURVE('',#4954,#4900,#1974,.T.);
#6015=EDGE_CURVE('',#4953,#4901,#1975,.T.);
#6016=EDGE_CURVE('',#4918,#4937,#1976,.T.);
#6017=EDGE_CURVE('',#4917,#4938,#1977,.T.);
#6018=EDGE_CURVE('',#4952,#4902,#1978,.T.);
#6019=EDGE_CURVE('',#4951,#4903,#1979,.T.);
#6020=EDGE_CURVE('',#4916,#4939,#1980,.T.);
#6021=EDGE_CURVE('',#4915,#4940,#1981,.T.);
#6022=EDGE_CURVE('',#4950,#4904,#1982,.T.);
#6023=EDGE_CURVE('',#4958,#4894,#1983,.T.);
#6024=EDGE_CURVE('',#4893,#4957,#1984,.T.);
#6025=EDGE_CURVE('',#4941,#4912,#1985,.T.);
#6026=EDGE_CURVE('',#4911,#4942,#1986,.T.);
#6027=EDGE_CURVE('',#4960,#4892,#1987,.T.);
#6028=EDGE_CURVE('',#4891,#4959,#1988,.T.);
#6029=EDGE_CURVE('',#4943,#4910,#1989,.T.);
#6030=EDGE_CURVE('',#4909,#4944,#1990,.T.);
#6031=EDGE_CURVE('',#4962,#4890,#1991,.T.);
#6032=EDGE_CURVE('',#4889,#4961,#1992,.T.);
#6033=EDGE_CURVE('',#4945,#4908,#1993,.T.);
#6034=EDGE_CURVE('',#4907,#4946,#1994,.T.);
#6035=EDGE_CURVE('',#4964,#4888,#1995,.T.);
#6036=EDGE_CURVE('',#4887,#4963,#1996,.T.);
#6037=EDGE_CURVE('',#4947,#4906,#1997,.T.);
#6038=EDGE_CURVE('',#4905,#4948,#1998,.T.);
#6039=EDGE_CURVE('',#4965,#4966,#1999,.T.);
#6040=EDGE_CURVE('',#4966,#4967,#2000,.T.);
#6041=EDGE_CURVE('',#4967,#4968,#2001,.T.);
#6042=EDGE_CURVE('',#4968,#4965,#2002,.T.);
#6043=EDGE_CURVE('',#4969,#4970,#2003,.T.);
#6044=EDGE_CURVE('',#4970,#4971,#2004,.T.);
#6045=EDGE_CURVE('',#4971,#4972,#2005,.T.);
#6046=EDGE_CURVE('',#4972,#4969,#2006,.T.);
#6047=EDGE_CURVE('',#4965,#4969,#2007,.T.);
#6048=EDGE_CURVE('',#4972,#4966,#2008,.T.);
#6049=EDGE_CURVE('',#4971,#4967,#2009,.T.);
#6050=EDGE_CURVE('',#4970,#4968,#2010,.T.);
#6051=EDGE_CURVE('',#4973,#4974,#2011,.T.);
#6052=EDGE_CURVE('',#4974,#4975,#4853,.T.);
#6053=EDGE_CURVE('',#4975,#4976,#2012,.T.);
#6054=EDGE_CURVE('',#4976,#4977,#4854,.T.);
#6055=EDGE_CURVE('',#4977,#4978,#2013,.T.);
#6056=EDGE_CURVE('',#4978,#4979,#4855,.T.);
#6057=EDGE_CURVE('',#4979,#4980,#2014,.T.);
#6058=EDGE_CURVE('',#4980,#4973,#4856,.T.);
#6059=EDGE_CURVE('',#4981,#4982,#4857,.T.);
#6060=EDGE_CURVE('',#4982,#4983,#2015,.T.);
#6061=EDGE_CURVE('',#4983,#4984,#4858,.T.);
#6062=EDGE_CURVE('',#4984,#4985,#2016,.T.);
#6063=EDGE_CURVE('',#4985,#4986,#4859,.T.);
#6064=EDGE_CURVE('',#4986,#4987,#2017,.T.);
#6065=EDGE_CURVE('',#4987,#4988,#4860,.T.);
#6066=EDGE_CURVE('',#4988,#4981,#2018,.T.);
#6067=EDGE_CURVE('',#4973,#4981,#2019,.T.);
#6068=EDGE_CURVE('',#4988,#4974,#2020,.T.);
#6069=EDGE_CURVE('',#4975,#4987,#2021,.T.);
#6070=EDGE_CURVE('',#4986,#4976,#2022,.T.);
#6071=EDGE_CURVE('',#4977,#4985,#2023,.T.);
#6072=EDGE_CURVE('',#4984,#4978,#2024,.T.);
#6073=EDGE_CURVE('',#4979,#4983,#2025,.T.);
#6074=EDGE_CURVE('',#4982,#4980,#2026,.T.);
#6075=EDGE_CURVE('',#4989,#4990,#2027,.T.);
#6076=EDGE_CURVE('',#4990,#4991,#2028,.T.);
#6077=EDGE_CURVE('',#4991,#4992,#2029,.T.);
#6078=EDGE_CURVE('',#4992,#4993,#2030,.T.);
#6079=EDGE_CURVE('',#4993,#4994,#2031,.T.);
#6080=EDGE_CURVE('',#4994,#4995,#2032,.T.);
#6081=EDGE_CURVE('',#4995,#4996,#2033,.T.);
#6082=EDGE_CURVE('',#4996,#4997,#2034,.T.);
#6083=EDGE_CURVE('',#4997,#4998,#2035,.T.);
#6084=EDGE_CURVE('',#4998,#4989,#2036,.T.);
#6085=EDGE_CURVE('',#4999,#5000,#2037,.T.);
#6086=EDGE_CURVE('',#5000,#5001,#2038,.T.);
#6087=EDGE_CURVE('',#5001,#5002,#2039,.T.);
#6088=EDGE_CURVE('',#5002,#4999,#2040,.T.);
#6089=EDGE_CURVE('',#4989,#5003,#2041,.T.);
#6090=EDGE_CURVE('',#5004,#5003,#2042,.T.);
#6091=EDGE_CURVE('',#5004,#4990,#2043,.T.);
#6092=EDGE_CURVE('',#5005,#5004,#2044,.T.);
#6093=EDGE_CURVE('',#5005,#4991,#2045,.T.);
#6094=EDGE_CURVE('',#5006,#5005,#2046,.T.);
#6095=EDGE_CURVE('',#5006,#4992,#2047,.T.);
#6096=EDGE_CURVE('',#5007,#5006,#2048,.T.);
#6097=EDGE_CURVE('',#5007,#4993,#2049,.T.);
#6098=EDGE_CURVE('',#5008,#5007,#2050,.T.);
#6099=EDGE_CURVE('',#5008,#4994,#2051,.T.);
#6100=EDGE_CURVE('',#5009,#5008,#2052,.T.);
#6101=EDGE_CURVE('',#5009,#4995,#2053,.T.);
#6102=EDGE_CURVE('',#5010,#5009,#2054,.T.);
#6103=EDGE_CURVE('',#5010,#4996,#2055,.T.);
#6104=EDGE_CURVE('',#5011,#5010,#2056,.T.);
#6105=EDGE_CURVE('',#5011,#4997,#2057,.T.);
#6106=EDGE_CURVE('',#5012,#5011,#2058,.T.);
#6107=EDGE_CURVE('',#5012,#4998,#2059,.T.);
#6108=EDGE_CURVE('',#5003,#5012,#2060,.T.);
#6109=EDGE_CURVE('',#4999,#5013,#2061,.T.);
#6110=EDGE_CURVE('',#5014,#5013,#2062,.T.);
#6111=EDGE_CURVE('',#5014,#5000,#2063,.T.);
#6112=EDGE_CURVE('',#5015,#5014,#2064,.T.);
#6113=EDGE_CURVE('',#5015,#5001,#2065,.T.);
#6114=EDGE_CURVE('',#5016,#5015,#2066,.T.);
#6115=EDGE_CURVE('',#5016,#5002,#2067,.T.);
#6116=EDGE_CURVE('',#5013,#5016,#2068,.T.);
#6117=EDGE_CURVE('',#5017,#5018,#2069,.T.);
#6118=EDGE_CURVE('',#5018,#5019,#2070,.T.);
#6119=EDGE_CURVE('',#5019,#5020,#2071,.T.);
#6120=EDGE_CURVE('',#5020,#5021,#2072,.T.);
#6121=EDGE_CURVE('',#5021,#5022,#2073,.T.);
#6122=EDGE_CURVE('',#5022,#5023,#2074,.T.);
#6123=EDGE_CURVE('',#5023,#5024,#2075,.T.);
#6124=EDGE_CURVE('',#5024,#5025,#2076,.T.);
#6125=EDGE_CURVE('',#5025,#5017,#2077,.T.);
#6126=EDGE_CURVE('',#5026,#5027,#2078,.T.);
#6127=EDGE_CURVE('',#5027,#5028,#2079,.T.);
#6128=EDGE_CURVE('',#5028,#5029,#2080,.T.);
#6129=EDGE_CURVE('',#5029,#5030,#2081,.T.);
#6130=EDGE_CURVE('',#5030,#5031,#2082,.T.);
#6131=EDGE_CURVE('',#5031,#5032,#2083,.T.);
#6132=EDGE_CURVE('',#5032,#5033,#2084,.T.);
#6133=EDGE_CURVE('',#5033,#5026,#2085,.T.);
#6134=EDGE_CURVE('',#5017,#5034,#2086,.T.);
#6135=EDGE_CURVE('',#5035,#5034,#2087,.T.);
#6136=EDGE_CURVE('',#5035,#5018,#2088,.T.);
#6137=EDGE_CURVE('',#5036,#5035,#2089,.T.);
#6138=EDGE_CURVE('',#5036,#5019,#2090,.T.);
#6139=EDGE_CURVE('',#5037,#5036,#2091,.T.);
#6140=EDGE_CURVE('',#5037,#5020,#2092,.T.);
#6141=EDGE_CURVE('',#5038,#5037,#2093,.T.);
#6142=EDGE_CURVE('',#5038,#5021,#2094,.T.);
#6143=EDGE_CURVE('',#5039,#5038,#2095,.T.);
#6144=EDGE_CURVE('',#5039,#5022,#2096,.T.);
#6145=EDGE_CURVE('',#5040,#5039,#2097,.T.);
#6146=EDGE_CURVE('',#5040,#5023,#2098,.T.);
#6147=EDGE_CURVE('',#5041,#5040,#2099,.T.);
#6148=EDGE_CURVE('',#5041,#5024,#2100,.T.);
#6149=EDGE_CURVE('',#5042,#5041,#2101,.T.);
#6150=EDGE_CURVE('',#5042,#5025,#2102,.T.);
#6151=EDGE_CURVE('',#5034,#5042,#2103,.T.);
#6152=EDGE_CURVE('',#5026,#5043,#2104,.T.);
#6153=EDGE_CURVE('',#5044,#5043,#2105,.T.);
#6154=EDGE_CURVE('',#5044,#5027,#2106,.T.);
#6155=EDGE_CURVE('',#5045,#5044,#2107,.T.);
#6156=EDGE_CURVE('',#5045,#5028,#2108,.T.);
#6157=EDGE_CURVE('',#5046,#5045,#2109,.T.);
#6158=EDGE_CURVE('',#5046,#5029,#2110,.T.);
#6159=EDGE_CURVE('',#5047,#5046,#2111,.T.);
#6160=EDGE_CURVE('',#5047,#5030,#2112,.T.);
#6161=EDGE_CURVE('',#5048,#5047,#2113,.T.);
#6162=EDGE_CURVE('',#5048,#5031,#2114,.T.);
#6163=EDGE_CURVE('',#5049,#5048,#2115,.T.);
#6164=EDGE_CURVE('',#5049,#5032,#2116,.T.);
#6165=EDGE_CURVE('',#5050,#5049,#2117,.T.);
#6166=EDGE_CURVE('',#5050,#5033,#2118,.T.);
#6167=EDGE_CURVE('',#5043,#5050,#2119,.T.);
#6168=EDGE_CURVE('',#5051,#5052,#2120,.T.);
#6169=EDGE_CURVE('',#5052,#5053,#2121,.T.);
#6170=EDGE_CURVE('',#5053,#5054,#2122,.T.);
#6171=EDGE_CURVE('',#5054,#5055,#2123,.T.);
#6172=EDGE_CURVE('',#5055,#5056,#2124,.T.);
#6173=EDGE_CURVE('',#5056,#5057,#2125,.T.);
#6174=EDGE_CURVE('',#5057,#5058,#2126,.T.);
#6175=EDGE_CURVE('',#5058,#5051,#2127,.T.);
#6176=EDGE_CURVE('',#5059,#5060,#2128,.T.);
#6177=EDGE_CURVE('',#5060,#5061,#2129,.T.);
#6178=EDGE_CURVE('',#5061,#5062,#2130,.T.);
#6179=EDGE_CURVE('',#5062,#5059,#2131,.T.);
#6180=EDGE_CURVE('',#5063,#5064,#2132,.T.);
#6181=EDGE_CURVE('',#5064,#5065,#2133,.T.);
#6182=EDGE_CURVE('',#5065,#5066,#2134,.T.);
#6183=EDGE_CURVE('',#5066,#5063,#2135,.T.);
#6184=EDGE_CURVE('',#5051,#5067,#2136,.T.);
#6185=EDGE_CURVE('',#5068,#5067,#2137,.T.);
#6186=EDGE_CURVE('',#5068,#5052,#2138,.T.);
#6187=EDGE_CURVE('',#5069,#5068,#2139,.T.);
#6188=EDGE_CURVE('',#5069,#5053,#2140,.T.);
#6189=EDGE_CURVE('',#5070,#5069,#2141,.T.);
#6190=EDGE_CURVE('',#5070,#5054,#2142,.T.);
#6191=EDGE_CURVE('',#5071,#5070,#2143,.T.);
#6192=EDGE_CURVE('',#5071,#5055,#2144,.T.);
#6193=EDGE_CURVE('',#5072,#5071,#2145,.T.);
#6194=EDGE_CURVE('',#5072,#5056,#2146,.T.);
#6195=EDGE_CURVE('',#5073,#5072,#2147,.T.);
#6196=EDGE_CURVE('',#5073,#5057,#2148,.T.);
#6197=EDGE_CURVE('',#5074,#5073,#2149,.T.);
#6198=EDGE_CURVE('',#5074,#5058,#2150,.T.);
#6199=EDGE_CURVE('',#5067,#5074,#2151,.T.);
#6200=EDGE_CURVE('',#5059,#5075,#2152,.T.);
#6201=EDGE_CURVE('',#5076,#5075,#2153,.T.);
#6202=EDGE_CURVE('',#5076,#5060,#2154,.T.);
#6203=EDGE_CURVE('',#5077,#5076,#2155,.T.);
#6204=EDGE_CURVE('',#5077,#5061,#2156,.T.);
#6205=EDGE_CURVE('',#5078,#5077,#2157,.T.);
#6206=EDGE_CURVE('',#5078,#5062,#2158,.T.);
#6207=EDGE_CURVE('',#5075,#5078,#2159,.T.);
#6208=EDGE_CURVE('',#5063,#5079,#2160,.T.);
#6209=EDGE_CURVE('',#5080,#5079,#2161,.T.);
#6210=EDGE_CURVE('',#5080,#5064,#2162,.T.);
#6211=EDGE_CURVE('',#5081,#5080,#2163,.T.);
#6212=EDGE_CURVE('',#5081,#5065,#2164,.T.);
#6213=EDGE_CURVE('',#5082,#5081,#2165,.T.);
#6214=EDGE_CURVE('',#5082,#5066,#2166,.T.);
#6215=EDGE_CURVE('',#5079,#5082,#2167,.T.);
#6216=EDGE_CURVE('',#5083,#5084,#2168,.T.);
#6217=EDGE_CURVE('',#5084,#5085,#2169,.T.);
#6218=EDGE_CURVE('',#5085,#5086,#2170,.T.);
#6219=EDGE_CURVE('',#5086,#5087,#2171,.T.);
#6220=EDGE_CURVE('',#5087,#5088,#2172,.T.);
#6221=EDGE_CURVE('',#5088,#5089,#2173,.T.);
#6222=EDGE_CURVE('',#5089,#5090,#2174,.T.);
#6223=EDGE_CURVE('',#5090,#5091,#2175,.T.);
#6224=EDGE_CURVE('',#5091,#5092,#2176,.T.);
#6225=EDGE_CURVE('',#5092,#5083,#2177,.T.);
#6226=EDGE_CURVE('',#5083,#5093,#2178,.T.);
#6227=EDGE_CURVE('',#5094,#5093,#2179,.T.);
#6228=EDGE_CURVE('',#5094,#5084,#2180,.T.);
#6229=EDGE_CURVE('',#5095,#5094,#2181,.T.);
#6230=EDGE_CURVE('',#5095,#5085,#2182,.T.);
#6231=EDGE_CURVE('',#5096,#5095,#2183,.T.);
#6232=EDGE_CURVE('',#5096,#5086,#2184,.T.);
#6233=EDGE_CURVE('',#5097,#5096,#2185,.T.);
#6234=EDGE_CURVE('',#5097,#5087,#2186,.T.);
#6235=EDGE_CURVE('',#5098,#5097,#2187,.T.);
#6236=EDGE_CURVE('',#5098,#5088,#2188,.T.);
#6237=EDGE_CURVE('',#5099,#5098,#2189,.T.);
#6238=EDGE_CURVE('',#5099,#5089,#2190,.T.);
#6239=EDGE_CURVE('',#5100,#5099,#2191,.T.);
#6240=EDGE_CURVE('',#5100,#5090,#2192,.T.);
#6241=EDGE_CURVE('',#5101,#5100,#2193,.T.);
#6242=EDGE_CURVE('',#5101,#5091,#2194,.T.);
#6243=EDGE_CURVE('',#5102,#5101,#2195,.T.);
#6244=EDGE_CURVE('',#5102,#5092,#2196,.T.);
#6245=EDGE_CURVE('',#5093,#5102,#2197,.T.);
#6246=EDGE_CURVE('',#5103,#5104,#2198,.T.);
#6247=EDGE_CURVE('',#5104,#5105,#2199,.T.);
#6248=EDGE_CURVE('',#5105,#5106,#2200,.T.);
#6249=EDGE_CURVE('',#5106,#5107,#2201,.T.);
#6250=EDGE_CURVE('',#5107,#5108,#2202,.T.);
#6251=EDGE_CURVE('',#5108,#5109,#2203,.T.);
#6252=EDGE_CURVE('',#5109,#5110,#2204,.T.);
#6253=EDGE_CURVE('',#5110,#5111,#2205,.T.);
#6254=EDGE_CURVE('',#5111,#5112,#2206,.T.);
#6255=EDGE_CURVE('',#5112,#5113,#2207,.T.);
#6256=EDGE_CURVE('',#5113,#5114,#2208,.T.);
#6257=EDGE_CURVE('',#5114,#5115,#2209,.T.);
#6258=EDGE_CURVE('',#5115,#5116,#2210,.T.);
#6259=EDGE_CURVE('',#5116,#5117,#2211,.T.);
#6260=EDGE_CURVE('',#5117,#5103,#2212,.T.);
#6261=EDGE_CURVE('',#5118,#5119,#2213,.T.);
#6262=EDGE_CURVE('',#5119,#5120,#2214,.T.);
#6263=EDGE_CURVE('',#5120,#5121,#2215,.T.);
#6264=EDGE_CURVE('',#5121,#5122,#2216,.T.);
#6265=EDGE_CURVE('',#5122,#5123,#2217,.T.);
#6266=EDGE_CURVE('',#5123,#5124,#2218,.T.);
#6267=EDGE_CURVE('',#5124,#5125,#2219,.T.);
#6268=EDGE_CURVE('',#5125,#5118,#2220,.T.);
#6269=EDGE_CURVE('',#5103,#5126,#2221,.T.);
#6270=EDGE_CURVE('',#5127,#5126,#2222,.T.);
#6271=EDGE_CURVE('',#5127,#5104,#2223,.T.);
#6272=EDGE_CURVE('',#5128,#5127,#2224,.T.);
#6273=EDGE_CURVE('',#5128,#5105,#2225,.T.);
#6274=EDGE_CURVE('',#5129,#5128,#2226,.T.);
#6275=EDGE_CURVE('',#5129,#5106,#2227,.T.);
#6276=EDGE_CURVE('',#5130,#5129,#2228,.T.);
#6277=EDGE_CURVE('',#5130,#5107,#2229,.T.);
#6278=EDGE_CURVE('',#5131,#5130,#2230,.T.);
#6279=EDGE_CURVE('',#5131,#5108,#2231,.T.);
#6280=EDGE_CURVE('',#5132,#5131,#2232,.T.);
#6281=EDGE_CURVE('',#5132,#5109,#2233,.T.);
#6282=EDGE_CURVE('',#5133,#5132,#2234,.T.);
#6283=EDGE_CURVE('',#5133,#5110,#2235,.T.);
#6284=EDGE_CURVE('',#5134,#5133,#2236,.T.);
#6285=EDGE_CURVE('',#5134,#5111,#2237,.T.);
#6286=EDGE_CURVE('',#5135,#5134,#2238,.T.);
#6287=EDGE_CURVE('',#5135,#5112,#2239,.T.);
#6288=EDGE_CURVE('',#5136,#5135,#2240,.T.);
#6289=EDGE_CURVE('',#5136,#5113,#2241,.T.);
#6290=EDGE_CURVE('',#5137,#5136,#2242,.T.);
#6291=EDGE_CURVE('',#5137,#5114,#2243,.T.);
#6292=EDGE_CURVE('',#5138,#5137,#2244,.T.);
#6293=EDGE_CURVE('',#5138,#5115,#2245,.T.);
#6294=EDGE_CURVE('',#5139,#5138,#2246,.T.);
#6295=EDGE_CURVE('',#5139,#5116,#2247,.T.);
#6296=EDGE_CURVE('',#5140,#5139,#2248,.T.);
#6297=EDGE_CURVE('',#5140,#5117,#2249,.T.);
#6298=EDGE_CURVE('',#5126,#5140,#2250,.T.);
#6299=EDGE_CURVE('',#5118,#5141,#2251,.T.);
#6300=EDGE_CURVE('',#5142,#5141,#2252,.T.);
#6301=EDGE_CURVE('',#5142,#5119,#2253,.T.);
#6302=EDGE_CURVE('',#5143,#5142,#2254,.T.);
#6303=EDGE_CURVE('',#5143,#5120,#2255,.T.);
#6304=EDGE_CURVE('',#5144,#5143,#2256,.T.);
#6305=EDGE_CURVE('',#5144,#5121,#2257,.T.);
#6306=EDGE_CURVE('',#5145,#5144,#2258,.T.);
#6307=EDGE_CURVE('',#5145,#5122,#2259,.T.);
#6308=EDGE_CURVE('',#5146,#5145,#2260,.T.);
#6309=EDGE_CURVE('',#5146,#5123,#2261,.T.);
#6310=EDGE_CURVE('',#5147,#5146,#2262,.T.);
#6311=EDGE_CURVE('',#5147,#5124,#2263,.T.);
#6312=EDGE_CURVE('',#5148,#5147,#2264,.T.);
#6313=EDGE_CURVE('',#5148,#5125,#2265,.T.);
#6314=EDGE_CURVE('',#5141,#5148,#2266,.T.);
#6315=EDGE_CURVE('',#5149,#5150,#2267,.T.);
#6316=EDGE_CURVE('',#5150,#5151,#2268,.T.);
#6317=EDGE_CURVE('',#5151,#5152,#2269,.T.);
#6318=EDGE_CURVE('',#5152,#5153,#2270,.T.);
#6319=EDGE_CURVE('',#5153,#5154,#2271,.T.);
#6320=EDGE_CURVE('',#5154,#5155,#2272,.T.);
#6321=EDGE_CURVE('',#5155,#5156,#2273,.T.);
#6322=EDGE_CURVE('',#5156,#5149,#2274,.T.);
#6323=EDGE_CURVE('',#5149,#5157,#2275,.T.);
#6324=EDGE_CURVE('',#5158,#5157,#2276,.T.);
#6325=EDGE_CURVE('',#5158,#5150,#2277,.T.);
#6326=EDGE_CURVE('',#5159,#5158,#2278,.T.);
#6327=EDGE_CURVE('',#5159,#5151,#2279,.T.);
#6328=EDGE_CURVE('',#5160,#5159,#2280,.T.);
#6329=EDGE_CURVE('',#5160,#5152,#2281,.T.);
#6330=EDGE_CURVE('',#5161,#5160,#2282,.T.);
#6331=EDGE_CURVE('',#5161,#5153,#2283,.T.);
#6332=EDGE_CURVE('',#5162,#5161,#2284,.T.);
#6333=EDGE_CURVE('',#5162,#5154,#2285,.T.);
#6334=EDGE_CURVE('',#5163,#5162,#2286,.T.);
#6335=EDGE_CURVE('',#5163,#5155,#2287,.T.);
#6336=EDGE_CURVE('',#5164,#5163,#2288,.T.);
#6337=EDGE_CURVE('',#5164,#5156,#2289,.T.);
#6338=EDGE_CURVE('',#5157,#5164,#2290,.T.);
#6339=EDGE_CURVE('',#5165,#5166,#2291,.T.);
#6340=EDGE_CURVE('',#5166,#5167,#2292,.T.);
#6341=EDGE_CURVE('',#5167,#5168,#2293,.T.);
#6342=EDGE_CURVE('',#5168,#5169,#2294,.T.);
#6343=EDGE_CURVE('',#5169,#5170,#2295,.T.);
#6344=EDGE_CURVE('',#5170,#5171,#2296,.T.);
#6345=EDGE_CURVE('',#5171,#5172,#2297,.T.);
#6346=EDGE_CURVE('',#5172,#5173,#2298,.T.);
#6347=EDGE_CURVE('',#5173,#5174,#2299,.T.);
#6348=EDGE_CURVE('',#5174,#5165,#2300,.T.);
#6349=EDGE_CURVE('',#5165,#5175,#2301,.T.);
#6350=EDGE_CURVE('',#5176,#5175,#2302,.T.);
#6351=EDGE_CURVE('',#5176,#5166,#2303,.T.);
#6352=EDGE_CURVE('',#5177,#5176,#2304,.T.);
#6353=EDGE_CURVE('',#5177,#5167,#2305,.T.);
#6354=EDGE_CURVE('',#5178,#5177,#2306,.T.);
#6355=EDGE_CURVE('',#5178,#5168,#2307,.T.);
#6356=EDGE_CURVE('',#5179,#5178,#2308,.T.);
#6357=EDGE_CURVE('',#5179,#5169,#2309,.T.);
#6358=EDGE_CURVE('',#5180,#5179,#2310,.T.);
#6359=EDGE_CURVE('',#5180,#5170,#2311,.T.);
#6360=EDGE_CURVE('',#5181,#5180,#2312,.T.);
#6361=EDGE_CURVE('',#5181,#5171,#2313,.T.);
#6362=EDGE_CURVE('',#5182,#5181,#2314,.T.);
#6363=EDGE_CURVE('',#5182,#5172,#2315,.T.);
#6364=EDGE_CURVE('',#5183,#5182,#2316,.T.);
#6365=EDGE_CURVE('',#5183,#5173,#2317,.T.);
#6366=EDGE_CURVE('',#5184,#5183,#2318,.T.);
#6367=EDGE_CURVE('',#5184,#5174,#2319,.T.);
#6368=EDGE_CURVE('',#5175,#5184,#2320,.T.);
#6369=EDGE_CURVE('',#5185,#5186,#2321,.T.);
#6370=EDGE_CURVE('',#5186,#5187,#2322,.T.);
#6371=EDGE_CURVE('',#5187,#5188,#2323,.T.);
#6372=EDGE_CURVE('',#5188,#5185,#2324,.T.);
#6373=EDGE_CURVE('',#5185,#5189,#2325,.T.);
#6374=EDGE_CURVE('',#5190,#5189,#2326,.T.);
#6375=EDGE_CURVE('',#5190,#5186,#2327,.T.);
#6376=EDGE_CURVE('',#5191,#5190,#2328,.T.);
#6377=EDGE_CURVE('',#5191,#5187,#2329,.T.);
#6378=EDGE_CURVE('',#5192,#5191,#2330,.T.);
#6379=EDGE_CURVE('',#5192,#5188,#2331,.T.);
#6380=EDGE_CURVE('',#5189,#5192,#2332,.T.);
#6381=EDGE_CURVE('',#5193,#5194,#2333,.T.);
#6382=EDGE_CURVE('',#5194,#5195,#2334,.T.);
#6383=EDGE_CURVE('',#5195,#5196,#2335,.T.);
#6384=EDGE_CURVE('',#5196,#5197,#2336,.T.);
#6385=EDGE_CURVE('',#5197,#5198,#2337,.T.);
#6386=EDGE_CURVE('',#5198,#5199,#2338,.T.);
#6387=EDGE_CURVE('',#5199,#5200,#2339,.T.);
#6388=EDGE_CURVE('',#5200,#5201,#2340,.T.);
#6389=EDGE_CURVE('',#5201,#5202,#2341,.T.);
#6390=EDGE_CURVE('',#5202,#5193,#2342,.T.);
#6391=EDGE_CURVE('',#5193,#5203,#2343,.T.);
#6392=EDGE_CURVE('',#5204,#5203,#2344,.T.);
#6393=EDGE_CURVE('',#5204,#5194,#2345,.T.);
#6394=EDGE_CURVE('',#5205,#5204,#2346,.T.);
#6395=EDGE_CURVE('',#5205,#5195,#2347,.T.);
#6396=EDGE_CURVE('',#5206,#5205,#2348,.T.);
#6397=EDGE_CURVE('',#5206,#5196,#2349,.T.);
#6398=EDGE_CURVE('',#5207,#5206,#2350,.T.);
#6399=EDGE_CURVE('',#5207,#5197,#2351,.T.);
#6400=EDGE_CURVE('',#5208,#5207,#2352,.T.);
#6401=EDGE_CURVE('',#5208,#5198,#2353,.T.);
#6402=EDGE_CURVE('',#5209,#5208,#2354,.T.);
#6403=EDGE_CURVE('',#5209,#5199,#2355,.T.);
#6404=EDGE_CURVE('',#5210,#5209,#2356,.T.);
#6405=EDGE_CURVE('',#5210,#5200,#2357,.T.);
#6406=EDGE_CURVE('',#5211,#5210,#2358,.T.);
#6407=EDGE_CURVE('',#5211,#5201,#2359,.T.);
#6408=EDGE_CURVE('',#5212,#5211,#2360,.T.);
#6409=EDGE_CURVE('',#5212,#5202,#2361,.T.);
#6410=EDGE_CURVE('',#5203,#5212,#2362,.T.);
#6411=EDGE_CURVE('',#5213,#5214,#2363,.T.);
#6412=EDGE_CURVE('',#5214,#5215,#2364,.T.);
#6413=EDGE_CURVE('',#5215,#5216,#2365,.T.);
#6414=EDGE_CURVE('',#5216,#5217,#2366,.T.);
#6415=EDGE_CURVE('',#5217,#5218,#2367,.T.);
#6416=EDGE_CURVE('',#5218,#5219,#2368,.T.);
#6417=EDGE_CURVE('',#5219,#5220,#2369,.T.);
#6418=EDGE_CURVE('',#5220,#5221,#2370,.T.);
#6419=EDGE_CURVE('',#5221,#5222,#2371,.T.);
#6420=EDGE_CURVE('',#5222,#5223,#2372,.T.);
#6421=EDGE_CURVE('',#5223,#5224,#2373,.T.);
#6422=EDGE_CURVE('',#5224,#5225,#2374,.T.);
#6423=EDGE_CURVE('',#5225,#5213,#2375,.T.);
#6424=EDGE_CURVE('',#5213,#5226,#2376,.T.);
#6425=EDGE_CURVE('',#5227,#5226,#2377,.T.);
#6426=EDGE_CURVE('',#5227,#5214,#2378,.T.);
#6427=EDGE_CURVE('',#5228,#5227,#2379,.T.);
#6428=EDGE_CURVE('',#5228,#5215,#2380,.T.);
#6429=EDGE_CURVE('',#5229,#5228,#2381,.T.);
#6430=EDGE_CURVE('',#5229,#5216,#2382,.T.);
#6431=EDGE_CURVE('',#5230,#5229,#2383,.T.);
#6432=EDGE_CURVE('',#5230,#5217,#2384,.T.);
#6433=EDGE_CURVE('',#5231,#5230,#2385,.T.);
#6434=EDGE_CURVE('',#5231,#5218,#2386,.T.);
#6435=EDGE_CURVE('',#5232,#5231,#2387,.T.);
#6436=EDGE_CURVE('',#5232,#5219,#2388,.T.);
#6437=EDGE_CURVE('',#5233,#5232,#2389,.T.);
#6438=EDGE_CURVE('',#5233,#5220,#2390,.T.);
#6439=EDGE_CURVE('',#5234,#5233,#2391,.T.);
#6440=EDGE_CURVE('',#5234,#5221,#2392,.T.);
#6441=EDGE_CURVE('',#5235,#5234,#2393,.T.);
#6442=EDGE_CURVE('',#5235,#5222,#2394,.T.);
#6443=EDGE_CURVE('',#5236,#5235,#2395,.T.);
#6444=EDGE_CURVE('',#5236,#5223,#2396,.T.);
#6445=EDGE_CURVE('',#5237,#5236,#2397,.T.);
#6446=EDGE_CURVE('',#5237,#5224,#2398,.T.);
#6447=EDGE_CURVE('',#5238,#5237,#2399,.T.);
#6448=EDGE_CURVE('',#5238,#5225,#2400,.T.);
#6449=EDGE_CURVE('',#5226,#5238,#2401,.T.);
#6450=EDGE_CURVE('',#5239,#5240,#2402,.T.);
#6451=EDGE_CURVE('',#5240,#5241,#2403,.T.);
#6452=EDGE_CURVE('',#5241,#5242,#2404,.T.);
#6453=EDGE_CURVE('',#5242,#5243,#2405,.T.);
#6454=EDGE_CURVE('',#5243,#5244,#2406,.T.);
#6455=EDGE_CURVE('',#5244,#5245,#2407,.T.);
#6456=EDGE_CURVE('',#5245,#5246,#2408,.T.);
#6457=EDGE_CURVE('',#5246,#5247,#2409,.T.);
#6458=EDGE_CURVE('',#5247,#5248,#2410,.T.);
#6459=EDGE_CURVE('',#5248,#5249,#2411,.T.);
#6460=EDGE_CURVE('',#5249,#5250,#2412,.T.);
#6461=EDGE_CURVE('',#5250,#5251,#2413,.T.);
#6462=EDGE_CURVE('',#5251,#5252,#2414,.T.);
#6463=EDGE_CURVE('',#5252,#5253,#2415,.T.);
#6464=EDGE_CURVE('',#5253,#5254,#2416,.T.);
#6465=EDGE_CURVE('',#5254,#5255,#2417,.T.);
#6466=EDGE_CURVE('',#5255,#5239,#2418,.T.);
#6467=EDGE_CURVE('',#5239,#5256,#2419,.T.);
#6468=EDGE_CURVE('',#5257,#5256,#2420,.T.);
#6469=EDGE_CURVE('',#5257,#5240,#2421,.T.);
#6470=EDGE_CURVE('',#5258,#5257,#2422,.T.);
#6471=EDGE_CURVE('',#5258,#5241,#2423,.T.);
#6472=EDGE_CURVE('',#5259,#5258,#2424,.T.);
#6473=EDGE_CURVE('',#5259,#5242,#2425,.T.);
#6474=EDGE_CURVE('',#5260,#5259,#2426,.T.);
#6475=EDGE_CURVE('',#5260,#5243,#2427,.T.);
#6476=EDGE_CURVE('',#5261,#5260,#2428,.T.);
#6477=EDGE_CURVE('',#5261,#5244,#2429,.T.);
#6478=EDGE_CURVE('',#5262,#5261,#2430,.T.);
#6479=EDGE_CURVE('',#5262,#5245,#2431,.T.);
#6480=EDGE_CURVE('',#5263,#5262,#2432,.T.);
#6481=EDGE_CURVE('',#5263,#5246,#2433,.T.);
#6482=EDGE_CURVE('',#5264,#5263,#2434,.T.);
#6483=EDGE_CURVE('',#5264,#5247,#2435,.T.);
#6484=EDGE_CURVE('',#5265,#5264,#2436,.T.);
#6485=EDGE_CURVE('',#5265,#5248,#2437,.T.);
#6486=EDGE_CURVE('',#5266,#5265,#2438,.T.);
#6487=EDGE_CURVE('',#5266,#5249,#2439,.T.);
#6488=EDGE_CURVE('',#5267,#5266,#2440,.T.);
#6489=EDGE_CURVE('',#5267,#5250,#2441,.T.);
#6490=EDGE_CURVE('',#5268,#5267,#2442,.T.);
#6491=EDGE_CURVE('',#5268,#5251,#2443,.T.);
#6492=EDGE_CURVE('',#5269,#5268,#2444,.T.);
#6493=EDGE_CURVE('',#5269,#5252,#2445,.T.);
#6494=EDGE_CURVE('',#5270,#5269,#2446,.T.);
#6495=EDGE_CURVE('',#5270,#5253,#2447,.T.);
#6496=EDGE_CURVE('',#5271,#5270,#2448,.T.);
#6497=EDGE_CURVE('',#5271,#5254,#2449,.T.);
#6498=EDGE_CURVE('',#5272,#5271,#2450,.T.);
#6499=EDGE_CURVE('',#5272,#5255,#2451,.T.);
#6500=EDGE_CURVE('',#5256,#5272,#2452,.T.);
#6501=EDGE_CURVE('',#5273,#5274,#2453,.T.);
#6502=EDGE_CURVE('',#5274,#5275,#2454,.T.);
#6503=EDGE_CURVE('',#5275,#5276,#2455,.T.);
#6504=EDGE_CURVE('',#5276,#5277,#2456,.T.);
#6505=EDGE_CURVE('',#5277,#5278,#2457,.T.);
#6506=EDGE_CURVE('',#5278,#5279,#2458,.T.);
#6507=EDGE_CURVE('',#5279,#5280,#2459,.T.);
#6508=EDGE_CURVE('',#5280,#5281,#2460,.T.);
#6509=EDGE_CURVE('',#5281,#5282,#2461,.T.);
#6510=EDGE_CURVE('',#5282,#5283,#2462,.T.);
#6511=EDGE_CURVE('',#5283,#5284,#2463,.T.);
#6512=EDGE_CURVE('',#5284,#5285,#2464,.T.);
#6513=EDGE_CURVE('',#5285,#5286,#2465,.T.);
#6514=EDGE_CURVE('',#5286,#5273,#2466,.T.);
#6515=EDGE_CURVE('',#5287,#5288,#2467,.T.);
#6516=EDGE_CURVE('',#5288,#5289,#2468,.T.);
#6517=EDGE_CURVE('',#5289,#5290,#2469,.T.);
#6518=EDGE_CURVE('',#5290,#5291,#2470,.T.);
#6519=EDGE_CURVE('',#5291,#5287,#2471,.T.);
#6520=EDGE_CURVE('',#5273,#5292,#2472,.T.);
#6521=EDGE_CURVE('',#5293,#5292,#2473,.T.);
#6522=EDGE_CURVE('',#5293,#5274,#2474,.T.);
#6523=EDGE_CURVE('',#5294,#5293,#2475,.T.);
#6524=EDGE_CURVE('',#5294,#5275,#2476,.T.);
#6525=EDGE_CURVE('',#5295,#5294,#2477,.T.);
#6526=EDGE_CURVE('',#5295,#5276,#2478,.T.);
#6527=EDGE_CURVE('',#5296,#5295,#2479,.T.);
#6528=EDGE_CURVE('',#5296,#5277,#2480,.T.);
#6529=EDGE_CURVE('',#5297,#5296,#2481,.T.);
#6530=EDGE_CURVE('',#5297,#5278,#2482,.T.);
#6531=EDGE_CURVE('',#5298,#5297,#2483,.T.);
#6532=EDGE_CURVE('',#5298,#5279,#2484,.T.);
#6533=EDGE_CURVE('',#5299,#5298,#2485,.T.);
#6534=EDGE_CURVE('',#5299,#5280,#2486,.T.);
#6535=EDGE_CURVE('',#5300,#5299,#2487,.T.);
#6536=EDGE_CURVE('',#5300,#5281,#2488,.T.);
#6537=EDGE_CURVE('',#5301,#5300,#2489,.T.);
#6538=EDGE_CURVE('',#5301,#5282,#2490,.T.);
#6539=EDGE_CURVE('',#5302,#5301,#2491,.T.);
#6540=EDGE_CURVE('',#5302,#5283,#2492,.T.);
#6541=EDGE_CURVE('',#5303,#5302,#2493,.T.);
#6542=EDGE_CURVE('',#5303,#5284,#2494,.T.);
#6543=EDGE_CURVE('',#5304,#5303,#2495,.T.);
#6544=EDGE_CURVE('',#5304,#5285,#2496,.T.);
#6545=EDGE_CURVE('',#5305,#5304,#2497,.T.);
#6546=EDGE_CURVE('',#5305,#5286,#2498,.T.);
#6547=EDGE_CURVE('',#5292,#5305,#2499,.T.);
#6548=EDGE_CURVE('',#5287,#5306,#2500,.T.);
#6549=EDGE_CURVE('',#5307,#5306,#2501,.T.);
#6550=EDGE_CURVE('',#5307,#5288,#2502,.T.);
#6551=EDGE_CURVE('',#5308,#5307,#2503,.T.);
#6552=EDGE_CURVE('',#5308,#5289,#2504,.T.);
#6553=EDGE_CURVE('',#5309,#5308,#2505,.T.);
#6554=EDGE_CURVE('',#5309,#5290,#2506,.T.);
#6555=EDGE_CURVE('',#5310,#5309,#2507,.T.);
#6556=EDGE_CURVE('',#5310,#5291,#2508,.T.);
#6557=EDGE_CURVE('',#5306,#5310,#2509,.T.);
#6558=EDGE_CURVE('',#5311,#5312,#2510,.T.);
#6559=EDGE_CURVE('',#5312,#5313,#2511,.T.);
#6560=EDGE_CURVE('',#5313,#5314,#2512,.T.);
#6561=EDGE_CURVE('',#5314,#5315,#2513,.T.);
#6562=EDGE_CURVE('',#5315,#5316,#2514,.T.);
#6563=EDGE_CURVE('',#5316,#5317,#2515,.T.);
#6564=EDGE_CURVE('',#5317,#5318,#2516,.T.);
#6565=EDGE_CURVE('',#5318,#5319,#2517,.T.);
#6566=EDGE_CURVE('',#5319,#5320,#2518,.T.);
#6567=EDGE_CURVE('',#5320,#5321,#2519,.T.);
#6568=EDGE_CURVE('',#5321,#5322,#2520,.T.);
#6569=EDGE_CURVE('',#5322,#5323,#2521,.T.);
#6570=EDGE_CURVE('',#5323,#5324,#2522,.T.);
#6571=EDGE_CURVE('',#5324,#5311,#2523,.T.);
#6572=EDGE_CURVE('',#5311,#5325,#2524,.T.);
#6573=EDGE_CURVE('',#5326,#5325,#2525,.T.);
#6574=EDGE_CURVE('',#5326,#5312,#2526,.T.);
#6575=EDGE_CURVE('',#5327,#5326,#2527,.T.);
#6576=EDGE_CURVE('',#5327,#5313,#2528,.T.);
#6577=EDGE_CURVE('',#5328,#5327,#2529,.T.);
#6578=EDGE_CURVE('',#5328,#5314,#2530,.T.);
#6579=EDGE_CURVE('',#5329,#5328,#2531,.T.);
#6580=EDGE_CURVE('',#5329,#5315,#2532,.T.);
#6581=EDGE_CURVE('',#5330,#5329,#2533,.T.);
#6582=EDGE_CURVE('',#5330,#5316,#2534,.T.);
#6583=EDGE_CURVE('',#5331,#5330,#2535,.T.);
#6584=EDGE_CURVE('',#5331,#5317,#2536,.T.);
#6585=EDGE_CURVE('',#5332,#5331,#2537,.T.);
#6586=EDGE_CURVE('',#5332,#5318,#2538,.T.);
#6587=EDGE_CURVE('',#5333,#5332,#2539,.T.);
#6588=EDGE_CURVE('',#5333,#5319,#2540,.T.);
#6589=EDGE_CURVE('',#5334,#5333,#2541,.T.);
#6590=EDGE_CURVE('',#5334,#5320,#2542,.T.);
#6591=EDGE_CURVE('',#5335,#5334,#2543,.T.);
#6592=EDGE_CURVE('',#5335,#5321,#2544,.T.);
#6593=EDGE_CURVE('',#5336,#5335,#2545,.T.);
#6594=EDGE_CURVE('',#5336,#5322,#2546,.T.);
#6595=EDGE_CURVE('',#5337,#5336,#2547,.T.);
#6596=EDGE_CURVE('',#5337,#5323,#2548,.T.);
#6597=EDGE_CURVE('',#5338,#5337,#2549,.T.);
#6598=EDGE_CURVE('',#5338,#5324,#2550,.T.);
#6599=EDGE_CURVE('',#5325,#5338,#2551,.T.);
#6600=EDGE_CURVE('',#5339,#5340,#2552,.T.);
#6601=EDGE_CURVE('',#5340,#5341,#2553,.T.);
#6602=EDGE_CURVE('',#5341,#5342,#2554,.T.);
#6603=EDGE_CURVE('',#5342,#5343,#2555,.T.);
#6604=EDGE_CURVE('',#5343,#5344,#2556,.T.);
#6605=EDGE_CURVE('',#5344,#5345,#2557,.T.);
#6606=EDGE_CURVE('',#5345,#5346,#2558,.T.);
#6607=EDGE_CURVE('',#5346,#5347,#2559,.T.);
#6608=EDGE_CURVE('',#5347,#5348,#2560,.T.);
#6609=EDGE_CURVE('',#5348,#5339,#2561,.T.);
#6610=EDGE_CURVE('',#5339,#5349,#2562,.T.);
#6611=EDGE_CURVE('',#5350,#5349,#2563,.T.);
#6612=EDGE_CURVE('',#5350,#5340,#2564,.T.);
#6613=EDGE_CURVE('',#5351,#5350,#2565,.T.);
#6614=EDGE_CURVE('',#5351,#5341,#2566,.T.);
#6615=EDGE_CURVE('',#5352,#5351,#2567,.T.);
#6616=EDGE_CURVE('',#5352,#5342,#2568,.T.);
#6617=EDGE_CURVE('',#5353,#5352,#2569,.T.);
#6618=EDGE_CURVE('',#5353,#5343,#2570,.T.);
#6619=EDGE_CURVE('',#5354,#5353,#2571,.T.);
#6620=EDGE_CURVE('',#5354,#5344,#2572,.T.);
#6621=EDGE_CURVE('',#5355,#5354,#2573,.T.);
#6622=EDGE_CURVE('',#5355,#5345,#2574,.T.);
#6623=EDGE_CURVE('',#5356,#5355,#2575,.T.);
#6624=EDGE_CURVE('',#5356,#5346,#2576,.T.);
#6625=EDGE_CURVE('',#5357,#5356,#2577,.T.);
#6626=EDGE_CURVE('',#5357,#5347,#2578,.T.);
#6627=EDGE_CURVE('',#5358,#5357,#2579,.T.);
#6628=EDGE_CURVE('',#5358,#5348,#2580,.T.);
#6629=EDGE_CURVE('',#5349,#5358,#2581,.T.);
#6630=EDGE_CURVE('',#5359,#5360,#2582,.T.);
#6631=EDGE_CURVE('',#5360,#5361,#2583,.T.);
#6632=EDGE_CURVE('',#5361,#5362,#2584,.T.);
#6633=EDGE_CURVE('',#5362,#5363,#2585,.T.);
#6634=EDGE_CURVE('',#5363,#5364,#2586,.T.);
#6635=EDGE_CURVE('',#5364,#5365,#2587,.T.);
#6636=EDGE_CURVE('',#5365,#5366,#2588,.T.);
#6637=EDGE_CURVE('',#5366,#5367,#2589,.T.);
#6638=EDGE_CURVE('',#5367,#5368,#2590,.T.);
#6639=EDGE_CURVE('',#5368,#5369,#2591,.T.);
#6640=EDGE_CURVE('',#5369,#5370,#2592,.T.);
#6641=EDGE_CURVE('',#5370,#5371,#2593,.T.);
#6642=EDGE_CURVE('',#5371,#5372,#2594,.T.);
#6643=EDGE_CURVE('',#5372,#5373,#2595,.T.);
#6644=EDGE_CURVE('',#5373,#5359,#2596,.T.);
#6645=EDGE_CURVE('',#5374,#5375,#2597,.T.);
#6646=EDGE_CURVE('',#5375,#5376,#2598,.T.);
#6647=EDGE_CURVE('',#5376,#5377,#2599,.T.);
#6648=EDGE_CURVE('',#5377,#5378,#2600,.T.);
#6649=EDGE_CURVE('',#5378,#5379,#2601,.T.);
#6650=EDGE_CURVE('',#5379,#5380,#2602,.T.);
#6651=EDGE_CURVE('',#5380,#5381,#2603,.T.);
#6652=EDGE_CURVE('',#5381,#5374,#2604,.T.);
#6653=EDGE_CURVE('',#5359,#5382,#2605,.T.);
#6654=EDGE_CURVE('',#5383,#5382,#2606,.T.);
#6655=EDGE_CURVE('',#5383,#5360,#2607,.T.);
#6656=EDGE_CURVE('',#5384,#5383,#2608,.T.);
#6657=EDGE_CURVE('',#5384,#5361,#2609,.T.);
#6658=EDGE_CURVE('',#5385,#5384,#2610,.T.);
#6659=EDGE_CURVE('',#5385,#5362,#2611,.T.);
#6660=EDGE_CURVE('',#5386,#5385,#2612,.T.);
#6661=EDGE_CURVE('',#5386,#5363,#2613,.T.);
#6662=EDGE_CURVE('',#5387,#5386,#2614,.T.);
#6663=EDGE_CURVE('',#5387,#5364,#2615,.T.);
#6664=EDGE_CURVE('',#5388,#5387,#2616,.T.);
#6665=EDGE_CURVE('',#5388,#5365,#2617,.T.);
#6666=EDGE_CURVE('',#5389,#5388,#2618,.T.);
#6667=EDGE_CURVE('',#5389,#5366,#2619,.T.);
#6668=EDGE_CURVE('',#5390,#5389,#2620,.T.);
#6669=EDGE_CURVE('',#5390,#5367,#2621,.T.);
#6670=EDGE_CURVE('',#5391,#5390,#2622,.T.);
#6671=EDGE_CURVE('',#5391,#5368,#2623,.T.);
#6672=EDGE_CURVE('',#5392,#5391,#2624,.T.);
#6673=EDGE_CURVE('',#5392,#5369,#2625,.T.);
#6674=EDGE_CURVE('',#5393,#5392,#2626,.T.);
#6675=EDGE_CURVE('',#5393,#5370,#2627,.T.);
#6676=EDGE_CURVE('',#5394,#5393,#2628,.T.);
#6677=EDGE_CURVE('',#5394,#5371,#2629,.T.);
#6678=EDGE_CURVE('',#5395,#5394,#2630,.T.);
#6679=EDGE_CURVE('',#5395,#5372,#2631,.T.);
#6680=EDGE_CURVE('',#5396,#5395,#2632,.T.);
#6681=EDGE_CURVE('',#5396,#5373,#2633,.T.);
#6682=EDGE_CURVE('',#5382,#5396,#2634,.T.);
#6683=EDGE_CURVE('',#5374,#5397,#2635,.T.);
#6684=EDGE_CURVE('',#5398,#5397,#2636,.T.);
#6685=EDGE_CURVE('',#5398,#5375,#2637,.T.);
#6686=EDGE_CURVE('',#5399,#5398,#2638,.T.);
#6687=EDGE_CURVE('',#5399,#5376,#2639,.T.);
#6688=EDGE_CURVE('',#5400,#5399,#2640,.T.);
#6689=EDGE_CURVE('',#5400,#5377,#2641,.T.);
#6690=EDGE_CURVE('',#5401,#5400,#2642,.T.);
#6691=EDGE_CURVE('',#5401,#5378,#2643,.T.);
#6692=EDGE_CURVE('',#5402,#5401,#2644,.T.);
#6693=EDGE_CURVE('',#5402,#5379,#2645,.T.);
#6694=EDGE_CURVE('',#5403,#5402,#2646,.T.);
#6695=EDGE_CURVE('',#5403,#5380,#2647,.T.);
#6696=EDGE_CURVE('',#5404,#5403,#2648,.T.);
#6697=EDGE_CURVE('',#5404,#5381,#2649,.T.);
#6698=EDGE_CURVE('',#5397,#5404,#2650,.T.);
#6699=EDGE_CURVE('',#5405,#5406,#2651,.T.);
#6700=EDGE_CURVE('',#5406,#5407,#2652,.T.);
#6701=EDGE_CURVE('',#5407,#5408,#2653,.T.);
#6702=EDGE_CURVE('',#5408,#5409,#2654,.T.);
#6703=EDGE_CURVE('',#5409,#5410,#2655,.T.);
#6704=EDGE_CURVE('',#5410,#5411,#2656,.T.);
#6705=EDGE_CURVE('',#5411,#5412,#2657,.T.);
#6706=EDGE_CURVE('',#5412,#5405,#2658,.T.);
#6707=EDGE_CURVE('',#5405,#5413,#2659,.T.);
#6708=EDGE_CURVE('',#5414,#5413,#2660,.T.);
#6709=EDGE_CURVE('',#5414,#5406,#2661,.T.);
#6710=EDGE_CURVE('',#5415,#5414,#2662,.T.);
#6711=EDGE_CURVE('',#5415,#5407,#2663,.T.);
#6712=EDGE_CURVE('',#5416,#5415,#2664,.T.);
#6713=EDGE_CURVE('',#5416,#5408,#2665,.T.);
#6714=EDGE_CURVE('',#5417,#5416,#2666,.T.);
#6715=EDGE_CURVE('',#5417,#5409,#2667,.T.);
#6716=EDGE_CURVE('',#5418,#5417,#2668,.T.);
#6717=EDGE_CURVE('',#5418,#5410,#2669,.T.);
#6718=EDGE_CURVE('',#5419,#5418,#2670,.T.);
#6719=EDGE_CURVE('',#5419,#5411,#2671,.T.);
#6720=EDGE_CURVE('',#5420,#5419,#2672,.T.);
#6721=EDGE_CURVE('',#5420,#5412,#2673,.T.);
#6722=EDGE_CURVE('',#5413,#5420,#2674,.T.);
#6723=EDGE_CURVE('',#5421,#5422,#2675,.T.);
#6724=EDGE_CURVE('',#5422,#5423,#2676,.T.);
#6725=EDGE_CURVE('',#5423,#5424,#2677,.T.);
#6726=EDGE_CURVE('',#5424,#5425,#2678,.T.);
#6727=EDGE_CURVE('',#5425,#5426,#2679,.T.);
#6728=EDGE_CURVE('',#5426,#5427,#2680,.T.);
#6729=EDGE_CURVE('',#5427,#5428,#2681,.T.);
#6730=EDGE_CURVE('',#5428,#5429,#2682,.T.);
#6731=EDGE_CURVE('',#5429,#5430,#2683,.T.);
#6732=EDGE_CURVE('',#5430,#5431,#2684,.T.);
#6733=EDGE_CURVE('',#5431,#5432,#2685,.T.);
#6734=EDGE_CURVE('',#5432,#5433,#2686,.T.);
#6735=EDGE_CURVE('',#5433,#5421,#2687,.T.);
#6736=EDGE_CURVE('',#5421,#5434,#2688,.T.);
#6737=EDGE_CURVE('',#5435,#5434,#2689,.T.);
#6738=EDGE_CURVE('',#5435,#5422,#2690,.T.);
#6739=EDGE_CURVE('',#5436,#5435,#2691,.T.);
#6740=EDGE_CURVE('',#5436,#5423,#2692,.T.);
#6741=EDGE_CURVE('',#5437,#5436,#2693,.T.);
#6742=EDGE_CURVE('',#5437,#5424,#2694,.T.);
#6743=EDGE_CURVE('',#5438,#5437,#2695,.T.);
#6744=EDGE_CURVE('',#5438,#5425,#2696,.T.);
#6745=EDGE_CURVE('',#5439,#5438,#2697,.T.);
#6746=EDGE_CURVE('',#5439,#5426,#2698,.T.);
#6747=EDGE_CURVE('',#5440,#5439,#2699,.T.);
#6748=EDGE_CURVE('',#5440,#5427,#2700,.T.);
#6749=EDGE_CURVE('',#5441,#5440,#2701,.T.);
#6750=EDGE_CURVE('',#5441,#5428,#2702,.T.);
#6751=EDGE_CURVE('',#5442,#5441,#2703,.T.);
#6752=EDGE_CURVE('',#5442,#5429,#2704,.T.);
#6753=EDGE_CURVE('',#5443,#5442,#2705,.T.);
#6754=EDGE_CURVE('',#5443,#5430,#2706,.T.);
#6755=EDGE_CURVE('',#5444,#5443,#2707,.T.);
#6756=EDGE_CURVE('',#5444,#5431,#2708,.T.);
#6757=EDGE_CURVE('',#5445,#5444,#2709,.T.);
#6758=EDGE_CURVE('',#5445,#5432,#2710,.T.);
#6759=EDGE_CURVE('',#5446,#5445,#2711,.T.);
#6760=EDGE_CURVE('',#5446,#5433,#2712,.T.);
#6761=EDGE_CURVE('',#5434,#5446,#2713,.T.);
#6762=EDGE_CURVE('',#5447,#5448,#2714,.T.);
#6763=EDGE_CURVE('',#5448,#5449,#2715,.T.);
#6764=EDGE_CURVE('',#5449,#5450,#2716,.T.);
#6765=EDGE_CURVE('',#5450,#5451,#2717,.T.);
#6766=EDGE_CURVE('',#5451,#5452,#2718,.T.);
#6767=EDGE_CURVE('',#5452,#5453,#2719,.T.);
#6768=EDGE_CURVE('',#5453,#5454,#2720,.T.);
#6769=EDGE_CURVE('',#5454,#5455,#2721,.T.);
#6770=EDGE_CURVE('',#5455,#5456,#2722,.T.);
#6771=EDGE_CURVE('',#5456,#5457,#2723,.T.);
#6772=EDGE_CURVE('',#5457,#5458,#2724,.T.);
#6773=EDGE_CURVE('',#5458,#5459,#2725,.T.);
#6774=EDGE_CURVE('',#5459,#5460,#2726,.T.);
#6775=EDGE_CURVE('',#5460,#5447,#2727,.T.);
#6776=EDGE_CURVE('',#5461,#5462,#2728,.T.);
#6777=EDGE_CURVE('',#5462,#5463,#2729,.T.);
#6778=EDGE_CURVE('',#5463,#5464,#2730,.T.);
#6779=EDGE_CURVE('',#5464,#5465,#2731,.T.);
#6780=EDGE_CURVE('',#5465,#5461,#2732,.T.);
#6781=EDGE_CURVE('',#5447,#5466,#2733,.T.);
#6782=EDGE_CURVE('',#5467,#5466,#2734,.T.);
#6783=EDGE_CURVE('',#5467,#5448,#2735,.T.);
#6784=EDGE_CURVE('',#5468,#5467,#2736,.T.);
#6785=EDGE_CURVE('',#5468,#5449,#2737,.T.);
#6786=EDGE_CURVE('',#5469,#5468,#2738,.T.);
#6787=EDGE_CURVE('',#5469,#5450,#2739,.T.);
#6788=EDGE_CURVE('',#5470,#5469,#2740,.T.);
#6789=EDGE_CURVE('',#5470,#5451,#2741,.T.);
#6790=EDGE_CURVE('',#5471,#5470,#2742,.T.);
#6791=EDGE_CURVE('',#5471,#5452,#2743,.T.);
#6792=EDGE_CURVE('',#5472,#5471,#2744,.T.);
#6793=EDGE_CURVE('',#5472,#5453,#2745,.T.);
#6794=EDGE_CURVE('',#5473,#5472,#2746,.T.);
#6795=EDGE_CURVE('',#5473,#5454,#2747,.T.);
#6796=EDGE_CURVE('',#5474,#5473,#2748,.T.);
#6797=EDGE_CURVE('',#5474,#5455,#2749,.T.);
#6798=EDGE_CURVE('',#5475,#5474,#2750,.T.);
#6799=EDGE_CURVE('',#5475,#5456,#2751,.T.);
#6800=EDGE_CURVE('',#5476,#5475,#2752,.T.);
#6801=EDGE_CURVE('',#5476,#5457,#2753,.T.);
#6802=EDGE_CURVE('',#5477,#5476,#2754,.T.);
#6803=EDGE_CURVE('',#5477,#5458,#2755,.T.);
#6804=EDGE_CURVE('',#5478,#5477,#2756,.T.);
#6805=EDGE_CURVE('',#5478,#5459,#2757,.T.);
#6806=EDGE_CURVE('',#5479,#5478,#2758,.T.);
#6807=EDGE_CURVE('',#5479,#5460,#2759,.T.);
#6808=EDGE_CURVE('',#5466,#5479,#2760,.T.);
#6809=EDGE_CURVE('',#5461,#5480,#2761,.T.);
#6810=EDGE_CURVE('',#5481,#5480,#2762,.T.);
#6811=EDGE_CURVE('',#5481,#5462,#2763,.T.);
#6812=EDGE_CURVE('',#5482,#5481,#2764,.T.);
#6813=EDGE_CURVE('',#5482,#5463,#2765,.T.);
#6814=EDGE_CURVE('',#5483,#5482,#2766,.T.);
#6815=EDGE_CURVE('',#5483,#5464,#2767,.T.);
#6816=EDGE_CURVE('',#5484,#5483,#2768,.T.);
#6817=EDGE_CURVE('',#5484,#5465,#2769,.T.);
#6818=EDGE_CURVE('',#5480,#5484,#2770,.T.);
#6819=EDGE_CURVE('',#5485,#5486,#2771,.T.);
#6820=EDGE_CURVE('',#5486,#5487,#2772,.T.);
#6821=EDGE_CURVE('',#5487,#5488,#2773,.T.);
#6822=EDGE_CURVE('',#5488,#5489,#2774,.T.);
#6823=EDGE_CURVE('',#5489,#5490,#2775,.T.);
#6824=EDGE_CURVE('',#5490,#5491,#2776,.T.);
#6825=EDGE_CURVE('',#5491,#5492,#2777,.T.);
#6826=EDGE_CURVE('',#5492,#5493,#2778,.T.);
#6827=EDGE_CURVE('',#5493,#5494,#2779,.T.);
#6828=EDGE_CURVE('',#5494,#5485,#2780,.T.);
#6829=EDGE_CURVE('',#5485,#5495,#2781,.T.);
#6830=EDGE_CURVE('',#5496,#5495,#2782,.T.);
#6831=EDGE_CURVE('',#5496,#5486,#2783,.T.);
#6832=EDGE_CURVE('',#5497,#5496,#2784,.T.);
#6833=EDGE_CURVE('',#5497,#5487,#2785,.T.);
#6834=EDGE_CURVE('',#5498,#5497,#2786,.T.);
#6835=EDGE_CURVE('',#5498,#5488,#2787,.T.);
#6836=EDGE_CURVE('',#5499,#5498,#2788,.T.);
#6837=EDGE_CURVE('',#5499,#5489,#2789,.T.);
#6838=EDGE_CURVE('',#5500,#5499,#2790,.T.);
#6839=EDGE_CURVE('',#5500,#5490,#2791,.T.);
#6840=EDGE_CURVE('',#5501,#5500,#2792,.T.);
#6841=EDGE_CURVE('',#5501,#5491,#2793,.T.);
#6842=EDGE_CURVE('',#5502,#5501,#2794,.T.);
#6843=EDGE_CURVE('',#5502,#5492,#2795,.T.);
#6844=EDGE_CURVE('',#5503,#5502,#2796,.T.);
#6845=EDGE_CURVE('',#5503,#5493,#2797,.T.);
#6846=EDGE_CURVE('',#5504,#5503,#2798,.T.);
#6847=EDGE_CURVE('',#5504,#5494,#2799,.T.);
#6848=EDGE_CURVE('',#5495,#5504,#2800,.T.);
#6849=EDGE_CURVE('',#5505,#5506,#2801,.T.);
#6850=EDGE_CURVE('',#5506,#5507,#2802,.T.);
#6851=EDGE_CURVE('',#5507,#5508,#2803,.T.);
#6852=EDGE_CURVE('',#5508,#5509,#2804,.T.);
#6853=EDGE_CURVE('',#5509,#5510,#2805,.T.);
#6854=EDGE_CURVE('',#5510,#5511,#2806,.T.);
#6855=EDGE_CURVE('',#5511,#5512,#2807,.T.);
#6856=EDGE_CURVE('',#5512,#5513,#2808,.T.);
#6857=EDGE_CURVE('',#5513,#5514,#2809,.T.);
#6858=EDGE_CURVE('',#5514,#5515,#2810,.T.);
#6859=EDGE_CURVE('',#5515,#5516,#2811,.T.);
#6860=EDGE_CURVE('',#5516,#5517,#2812,.T.);
#6861=EDGE_CURVE('',#5517,#5518,#2813,.T.);
#6862=EDGE_CURVE('',#5518,#5519,#2814,.T.);
#6863=EDGE_CURVE('',#5519,#5520,#2815,.T.);
#6864=EDGE_CURVE('',#5520,#5521,#2816,.T.);
#6865=EDGE_CURVE('',#5521,#5522,#2817,.T.);
#6866=EDGE_CURVE('',#5522,#5523,#2818,.T.);
#6867=EDGE_CURVE('',#5523,#5505,#2819,.T.);
#6868=EDGE_CURVE('',#5505,#5524,#2820,.T.);
#6869=EDGE_CURVE('',#5525,#5524,#2821,.T.);
#6870=EDGE_CURVE('',#5525,#5506,#2822,.T.);
#6871=EDGE_CURVE('',#5526,#5525,#2823,.T.);
#6872=EDGE_CURVE('',#5526,#5507,#2824,.T.);
#6873=EDGE_CURVE('',#5527,#5526,#2825,.T.);
#6874=EDGE_CURVE('',#5527,#5508,#2826,.T.);
#6875=EDGE_CURVE('',#5528,#5527,#2827,.T.);
#6876=EDGE_CURVE('',#5528,#5509,#2828,.T.);
#6877=EDGE_CURVE('',#5529,#5528,#2829,.T.);
#6878=EDGE_CURVE('',#5529,#5510,#2830,.T.);
#6879=EDGE_CURVE('',#5530,#5529,#2831,.T.);
#6880=EDGE_CURVE('',#5530,#5511,#2832,.T.);
#6881=EDGE_CURVE('',#5531,#5530,#2833,.T.);
#6882=EDGE_CURVE('',#5531,#5512,#2834,.T.);
#6883=EDGE_CURVE('',#5532,#5531,#2835,.T.);
#6884=EDGE_CURVE('',#5532,#5513,#2836,.T.);
#6885=EDGE_CURVE('',#5533,#5532,#2837,.T.);
#6886=EDGE_CURVE('',#5533,#5514,#2838,.T.);
#6887=EDGE_CURVE('',#5534,#5533,#2839,.T.);
#6888=EDGE_CURVE('',#5534,#5515,#2840,.T.);
#6889=EDGE_CURVE('',#5535,#5534,#2841,.T.);
#6890=EDGE_CURVE('',#5535,#5516,#2842,.T.);
#6891=EDGE_CURVE('',#5536,#5535,#2843,.T.);
#6892=EDGE_CURVE('',#5536,#5517,#2844,.T.);
#6893=EDGE_CURVE('',#5537,#5536,#2845,.T.);
#6894=EDGE_CURVE('',#5537,#5518,#2846,.T.);
#6895=EDGE_CURVE('',#5538,#5537,#2847,.T.);
#6896=EDGE_CURVE('',#5538,#5519,#2848,.T.);
#6897=EDGE_CURVE('',#5539,#5538,#2849,.T.);
#6898=EDGE_CURVE('',#5539,#5520,#2850,.T.);
#6899=EDGE_CURVE('',#5540,#5539,#2851,.T.);
#6900=EDGE_CURVE('',#5540,#5521,#2852,.T.);
#6901=EDGE_CURVE('',#5541,#5540,#2853,.T.);
#6902=EDGE_CURVE('',#5541,#5522,#2854,.T.);
#6903=EDGE_CURVE('',#5542,#5541,#2855,.T.);
#6904=EDGE_CURVE('',#5542,#5523,#2856,.T.);
#6905=EDGE_CURVE('',#5524,#5542,#2857,.T.);
#6906=EDGE_CURVE('',#5543,#5544,#2858,.T.);
#6907=EDGE_CURVE('',#5544,#5545,#2859,.T.);
#6908=EDGE_CURVE('',#5545,#5546,#2860,.T.);
#6909=EDGE_CURVE('',#5546,#5547,#2861,.T.);
#6910=EDGE_CURVE('',#5547,#5548,#2862,.T.);
#6911=EDGE_CURVE('',#5548,#5549,#2863,.T.);
#6912=EDGE_CURVE('',#5549,#5550,#2864,.T.);
#6913=EDGE_CURVE('',#5550,#5551,#2865,.T.);
#6914=EDGE_CURVE('',#5551,#5552,#2866,.T.);
#6915=EDGE_CURVE('',#5552,#5553,#2867,.T.);
#6916=EDGE_CURVE('',#5553,#5554,#2868,.T.);
#6917=EDGE_CURVE('',#5554,#5555,#2869,.T.);
#6918=EDGE_CURVE('',#5555,#5556,#2870,.T.);
#6919=EDGE_CURVE('',#5556,#5557,#2871,.T.);
#6920=EDGE_CURVE('',#5557,#5558,#2872,.T.);
#6921=EDGE_CURVE('',#5558,#5559,#2873,.T.);
#6922=EDGE_CURVE('',#5559,#5543,#2874,.T.);
#6923=EDGE_CURVE('',#5543,#5560,#2875,.T.);
#6924=EDGE_CURVE('',#5561,#5560,#2876,.T.);
#6925=EDGE_CURVE('',#5561,#5544,#2877,.T.);
#6926=EDGE_CURVE('',#5562,#5561,#2878,.T.);
#6927=EDGE_CURVE('',#5562,#5545,#2879,.T.);
#6928=EDGE_CURVE('',#5563,#5562,#2880,.T.);
#6929=EDGE_CURVE('',#5563,#5546,#2881,.T.);
#6930=EDGE_CURVE('',#5564,#5563,#2882,.T.);
#6931=EDGE_CURVE('',#5564,#5547,#2883,.T.);
#6932=EDGE_CURVE('',#5565,#5564,#2884,.T.);
#6933=EDGE_CURVE('',#5565,#5548,#2885,.T.);
#6934=EDGE_CURVE('',#5566,#5565,#2886,.T.);
#6935=EDGE_CURVE('',#5566,#5549,#2887,.T.);
#6936=EDGE_CURVE('',#5567,#5566,#2888,.T.);
#6937=EDGE_CURVE('',#5567,#5550,#2889,.T.);
#6938=EDGE_CURVE('',#5568,#5567,#2890,.T.);
#6939=EDGE_CURVE('',#5568,#5551,#2891,.T.);
#6940=EDGE_CURVE('',#5569,#5568,#2892,.T.);
#6941=EDGE_CURVE('',#5569,#5552,#2893,.T.);
#6942=EDGE_CURVE('',#5570,#5569,#2894,.T.);
#6943=EDGE_CURVE('',#5570,#5553,#2895,.T.);
#6944=EDGE_CURVE('',#5571,#5570,#2896,.T.);
#6945=EDGE_CURVE('',#5571,#5554,#2897,.T.);
#6946=EDGE_CURVE('',#5572,#5571,#2898,.T.);
#6947=EDGE_CURVE('',#5572,#5555,#2899,.T.);
#6948=EDGE_CURVE('',#5573,#5572,#2900,.T.);
#6949=EDGE_CURVE('',#5573,#5556,#2901,.T.);
#6950=EDGE_CURVE('',#5574,#5573,#2902,.T.);
#6951=EDGE_CURVE('',#5574,#5557,#2903,.T.);
#6952=EDGE_CURVE('',#5575,#5574,#2904,.T.);
#6953=EDGE_CURVE('',#5575,#5558,#2905,.T.);
#6954=EDGE_CURVE('',#5576,#5575,#2906,.T.);
#6955=EDGE_CURVE('',#5576,#5559,#2907,.T.);
#6956=EDGE_CURVE('',#5560,#5576,#2908,.T.);
#6957=EDGE_CURVE('',#5577,#5578,#2909,.T.);
#6958=EDGE_CURVE('',#5578,#5579,#2910,.T.);
#6959=EDGE_CURVE('',#5579,#5580,#2911,.T.);
#6960=EDGE_CURVE('',#5580,#5577,#2912,.T.);
#6961=EDGE_CURVE('',#5577,#5581,#2913,.T.);
#6962=EDGE_CURVE('',#5582,#5581,#2914,.T.);
#6963=EDGE_CURVE('',#5582,#5578,#2915,.T.);
#6964=EDGE_CURVE('',#5583,#5582,#2916,.T.);
#6965=EDGE_CURVE('',#5583,#5579,#2917,.T.);
#6966=EDGE_CURVE('',#5584,#5583,#2918,.T.);
#6967=EDGE_CURVE('',#5584,#5580,#2919,.T.);
#6968=EDGE_CURVE('',#5581,#5584,#2920,.T.);
#6969=EDGE_CURVE('',#5585,#5586,#2921,.T.);
#6970=EDGE_CURVE('',#5586,#5587,#2922,.T.);
#6971=EDGE_CURVE('',#5587,#5588,#2923,.T.);
#6972=EDGE_CURVE('',#5588,#5585,#2924,.T.);
#6973=EDGE_CURVE('',#5585,#5589,#2925,.T.);
#6974=EDGE_CURVE('',#5590,#5589,#2926,.T.);
#6975=EDGE_CURVE('',#5590,#5586,#2927,.T.);
#6976=EDGE_CURVE('',#5591,#5590,#2928,.T.);
#6977=EDGE_CURVE('',#5591,#5587,#2929,.T.);
#6978=EDGE_CURVE('',#5592,#5591,#2930,.T.);
#6979=EDGE_CURVE('',#5592,#5588,#2931,.T.);
#6980=EDGE_CURVE('',#5589,#5592,#2932,.T.);
#6981=EDGE_CURVE('',#5593,#5594,#2933,.T.);
#6982=EDGE_CURVE('',#5594,#5595,#2934,.T.);
#6983=EDGE_CURVE('',#5595,#5596,#2935,.T.);
#6984=EDGE_CURVE('',#5596,#5597,#2936,.T.);
#6985=EDGE_CURVE('',#5597,#5598,#2937,.T.);
#6986=EDGE_CURVE('',#5598,#5599,#2938,.T.);
#6987=EDGE_CURVE('',#5599,#5600,#2939,.T.);
#6988=EDGE_CURVE('',#5600,#5601,#2940,.T.);
#6989=EDGE_CURVE('',#5601,#5602,#2941,.T.);
#6990=EDGE_CURVE('',#5602,#5603,#2942,.T.);
#6991=EDGE_CURVE('',#5603,#5604,#2943,.T.);
#6992=EDGE_CURVE('',#5604,#5605,#2944,.T.);
#6993=EDGE_CURVE('',#5605,#5606,#2945,.T.);
#6994=EDGE_CURVE('',#5606,#5607,#2946,.T.);
#6995=EDGE_CURVE('',#5607,#5608,#2947,.T.);
#6996=EDGE_CURVE('',#5608,#5609,#2948,.T.);
#6997=EDGE_CURVE('',#5609,#5610,#2949,.T.);
#6998=EDGE_CURVE('',#5610,#5611,#2950,.T.);
#6999=EDGE_CURVE('',#5611,#5612,#2951,.T.);
#7000=EDGE_CURVE('',#5612,#5613,#2952,.T.);
#7001=EDGE_CURVE('',#5613,#5614,#2953,.T.);
#7002=EDGE_CURVE('',#5614,#5593,#2954,.T.);
#7003=EDGE_CURVE('',#5615,#5593,#2955,.T.);
#7004=EDGE_CURVE('',#5616,#5615,#2956,.T.);
#7005=EDGE_CURVE('',#5616,#5594,#2957,.T.);
#7006=EDGE_CURVE('',#5617,#5616,#2958,.T.);
#7007=EDGE_CURVE('',#5617,#5595,#2959,.T.);
#7008=EDGE_CURVE('',#5618,#5617,#2960,.T.);
#7009=EDGE_CURVE('',#5618,#5596,#2961,.T.);
#7010=EDGE_CURVE('',#5619,#5618,#2962,.T.);
#7011=EDGE_CURVE('',#5619,#5597,#2963,.T.);
#7012=EDGE_CURVE('',#5620,#5619,#2964,.T.);
#7013=EDGE_CURVE('',#5620,#5598,#2965,.T.);
#7014=EDGE_CURVE('',#5621,#5620,#2966,.T.);
#7015=EDGE_CURVE('',#5621,#5599,#2967,.T.);
#7016=EDGE_CURVE('',#5622,#5621,#2968,.T.);
#7017=EDGE_CURVE('',#5622,#5600,#2969,.T.);
#7018=EDGE_CURVE('',#5623,#5622,#2970,.T.);
#7019=EDGE_CURVE('',#5623,#5601,#2971,.T.);
#7020=EDGE_CURVE('',#5624,#5623,#2972,.T.);
#7021=EDGE_CURVE('',#5624,#5602,#2973,.T.);
#7022=EDGE_CURVE('',#5625,#5624,#2974,.T.);
#7023=EDGE_CURVE('',#5625,#5603,#2975,.T.);
#7024=EDGE_CURVE('',#5626,#5625,#2976,.T.);
#7025=EDGE_CURVE('',#5626,#5604,#2977,.T.);
#7026=EDGE_CURVE('',#5627,#5626,#2978,.T.);
#7027=EDGE_CURVE('',#5627,#5605,#2979,.T.);
#7028=EDGE_CURVE('',#5628,#5627,#2980,.T.);
#7029=EDGE_CURVE('',#5628,#5606,#2981,.T.);
#7030=EDGE_CURVE('',#5629,#5628,#2982,.T.);
#7031=EDGE_CURVE('',#5629,#5607,#2983,.T.);
#7032=EDGE_CURVE('',#5630,#5629,#2984,.T.);
#7033=EDGE_CURVE('',#5630,#5608,#2985,.T.);
#7034=EDGE_CURVE('',#5631,#5630,#2986,.T.);
#7035=EDGE_CURVE('',#5631,#5609,#2987,.T.);
#7036=EDGE_CURVE('',#5632,#5631,#2988,.T.);
#7037=EDGE_CURVE('',#5632,#5610,#2989,.T.);
#7038=EDGE_CURVE('',#5633,#5632,#2990,.T.);
#7039=EDGE_CURVE('',#5633,#5611,#2991,.T.);
#7040=EDGE_CURVE('',#5634,#5633,#2992,.T.);
#7041=EDGE_CURVE('',#5634,#5612,#2993,.T.);
#7042=EDGE_CURVE('',#5635,#5634,#2994,.T.);
#7043=EDGE_CURVE('',#5613,#5635,#2995,.T.);
#7044=EDGE_CURVE('',#5636,#5635,#2996,.T.);
#7045=EDGE_CURVE('',#5614,#5636,#2997,.T.);
#7046=EDGE_CURVE('',#5615,#5636,#2998,.T.);
#7047=EDGE_CURVE('',#5637,#5638,#2999,.T.);
#7048=EDGE_CURVE('',#5638,#5639,#3000,.T.);
#7049=EDGE_CURVE('',#5639,#5640,#3001,.T.);
#7050=EDGE_CURVE('',#5640,#5641,#3002,.T.);
#7051=EDGE_CURVE('',#5641,#5642,#3003,.T.);
#7052=EDGE_CURVE('',#5642,#5643,#3004,.T.);
#7053=EDGE_CURVE('',#5643,#5644,#3005,.T.);
#7054=EDGE_CURVE('',#5644,#5645,#3006,.T.);
#7055=EDGE_CURVE('',#5645,#5646,#3007,.T.);
#7056=EDGE_CURVE('',#5646,#5647,#3008,.T.);
#7057=EDGE_CURVE('',#5647,#5648,#3009,.T.);
#7058=EDGE_CURVE('',#5648,#5649,#3010,.T.);
#7059=EDGE_CURVE('',#5649,#5650,#3011,.T.);
#7060=EDGE_CURVE('',#5650,#5637,#3012,.T.);
#7061=EDGE_CURVE('',#5651,#5652,#3013,.T.);
#7062=EDGE_CURVE('',#5652,#5653,#3014,.T.);
#7063=EDGE_CURVE('',#5653,#5654,#3015,.T.);
#7064=EDGE_CURVE('',#5654,#5655,#3016,.T.);
#7065=EDGE_CURVE('',#5655,#5651,#3017,.T.);
#7066=EDGE_CURVE('',#5637,#5656,#3018,.T.);
#7067=EDGE_CURVE('',#5657,#5656,#3019,.T.);
#7068=EDGE_CURVE('',#5657,#5638,#3020,.T.);
#7069=EDGE_CURVE('',#5658,#5657,#3021,.T.);
#7070=EDGE_CURVE('',#5658,#5639,#3022,.T.);
#7071=EDGE_CURVE('',#5659,#5658,#3023,.T.);
#7072=EDGE_CURVE('',#5659,#5640,#3024,.T.);
#7073=EDGE_CURVE('',#5660,#5659,#3025,.T.);
#7074=EDGE_CURVE('',#5660,#5641,#3026,.T.);
#7075=EDGE_CURVE('',#5661,#5660,#3027,.T.);
#7076=EDGE_CURVE('',#5661,#5642,#3028,.T.);
#7077=EDGE_CURVE('',#5662,#5661,#3029,.T.);
#7078=EDGE_CURVE('',#5662,#5643,#3030,.T.);
#7079=EDGE_CURVE('',#5663,#5662,#3031,.T.);
#7080=EDGE_CURVE('',#5663,#5644,#3032,.T.);
#7081=EDGE_CURVE('',#5664,#5663,#3033,.T.);
#7082=EDGE_CURVE('',#5664,#5645,#3034,.T.);
#7083=EDGE_CURVE('',#5665,#5664,#3035,.T.);
#7084=EDGE_CURVE('',#5665,#5646,#3036,.T.);
#7085=EDGE_CURVE('',#5666,#5665,#3037,.T.);
#7086=EDGE_CURVE('',#5666,#5647,#3038,.T.);
#7087=EDGE_CURVE('',#5667,#5666,#3039,.T.);
#7088=EDGE_CURVE('',#5667,#5648,#3040,.T.);
#7089=EDGE_CURVE('',#5668,#5667,#3041,.T.);
#7090=EDGE_CURVE('',#5668,#5649,#3042,.T.);
#7091=EDGE_CURVE('',#5669,#5668,#3043,.T.);
#7092=EDGE_CURVE('',#5669,#5650,#3044,.T.);
#7093=EDGE_CURVE('',#5656,#5669,#3045,.T.);
#7094=EDGE_CURVE('',#5651,#5670,#3046,.T.);
#7095=EDGE_CURVE('',#5671,#5670,#3047,.T.);
#7096=EDGE_CURVE('',#5671,#5652,#3048,.T.);
#7097=EDGE_CURVE('',#5672,#5671,#3049,.T.);
#7098=EDGE_CURVE('',#5672,#5653,#3050,.T.);
#7099=EDGE_CURVE('',#5673,#5672,#3051,.T.);
#7100=EDGE_CURVE('',#5673,#5654,#3052,.T.);
#7101=EDGE_CURVE('',#5674,#5673,#3053,.T.);
#7102=EDGE_CURVE('',#5674,#5655,#3054,.T.);
#7103=EDGE_CURVE('',#5670,#5674,#3055,.T.);
#7104=EDGE_CURVE('',#5675,#5676,#3056,.T.);
#7105=EDGE_CURVE('',#5676,#5677,#3057,.T.);
#7106=EDGE_CURVE('',#5677,#5678,#3058,.T.);
#7107=EDGE_CURVE('',#5678,#5679,#3059,.T.);
#7108=EDGE_CURVE('',#5679,#5680,#3060,.T.);
#7109=EDGE_CURVE('',#5680,#5681,#3061,.T.);
#7110=EDGE_CURVE('',#5681,#5682,#3062,.T.);
#7111=EDGE_CURVE('',#5682,#5683,#3063,.T.);
#7112=EDGE_CURVE('',#5683,#5684,#3064,.T.);
#7113=EDGE_CURVE('',#5684,#5685,#3065,.T.);
#7114=EDGE_CURVE('',#5685,#5686,#3066,.T.);
#7115=EDGE_CURVE('',#5686,#5687,#3067,.T.);
#7116=EDGE_CURVE('',#5687,#5688,#3068,.T.);
#7117=EDGE_CURVE('',#5688,#5675,#3069,.T.);
#7118=EDGE_CURVE('',#5689,#5690,#3070,.T.);
#7119=EDGE_CURVE('',#5690,#5691,#3071,.T.);
#7120=EDGE_CURVE('',#5691,#5692,#3072,.T.);
#7121=EDGE_CURVE('',#5692,#5693,#3073,.T.);
#7122=EDGE_CURVE('',#5693,#5694,#3074,.T.);
#7123=EDGE_CURVE('',#5694,#5695,#3075,.T.);
#7124=EDGE_CURVE('',#5695,#5696,#3076,.T.);
#7125=EDGE_CURVE('',#5696,#5689,#3077,.T.);
#7126=EDGE_CURVE('',#5675,#5697,#3078,.T.);
#7127=EDGE_CURVE('',#5698,#5697,#3079,.T.);
#7128=EDGE_CURVE('',#5698,#5676,#3080,.T.);
#7129=EDGE_CURVE('',#5699,#5698,#3081,.T.);
#7130=EDGE_CURVE('',#5699,#5677,#3082,.T.);
#7131=EDGE_CURVE('',#5700,#5699,#3083,.T.);
#7132=EDGE_CURVE('',#5700,#5678,#3084,.T.);
#7133=EDGE_CURVE('',#5701,#5700,#3085,.T.);
#7134=EDGE_CURVE('',#5701,#5679,#3086,.T.);
#7135=EDGE_CURVE('',#5702,#5701,#3087,.T.);
#7136=EDGE_CURVE('',#5702,#5680,#3088,.T.);
#7137=EDGE_CURVE('',#5703,#5702,#3089,.T.);
#7138=EDGE_CURVE('',#5703,#5681,#3090,.T.);
#7139=EDGE_CURVE('',#5704,#5703,#3091,.T.);
#7140=EDGE_CURVE('',#5704,#5682,#3092,.T.);
#7141=EDGE_CURVE('',#5705,#5704,#3093,.T.);
#7142=EDGE_CURVE('',#5705,#5683,#3094,.T.);
#7143=EDGE_CURVE('',#5706,#5705,#3095,.T.);
#7144=EDGE_CURVE('',#5706,#5684,#3096,.T.);
#7145=EDGE_CURVE('',#5707,#5706,#3097,.T.);
#7146=EDGE_CURVE('',#5707,#5685,#3098,.T.);
#7147=EDGE_CURVE('',#5708,#5707,#3099,.T.);
#7148=EDGE_CURVE('',#5708,#5686,#3100,.T.);
#7149=EDGE_CURVE('',#5709,#5708,#3101,.T.);
#7150=EDGE_CURVE('',#5709,#5687,#3102,.T.);
#7151=EDGE_CURVE('',#5710,#5709,#3103,.T.);
#7152=EDGE_CURVE('',#5710,#5688,#3104,.T.);
#7153=EDGE_CURVE('',#5697,#5710,#3105,.T.);
#7154=EDGE_CURVE('',#5711,#5689,#3106,.T.);
#7155=EDGE_CURVE('',#5712,#5711,#3107,.T.);
#7156=EDGE_CURVE('',#5712,#5690,#3108,.T.);
#7157=EDGE_CURVE('',#5713,#5712,#3109,.T.);
#7158=EDGE_CURVE('',#5713,#5691,#3110,.T.);
#7159=EDGE_CURVE('',#5714,#5713,#3111,.T.);
#7160=EDGE_CURVE('',#5714,#5692,#3112,.T.);
#7161=EDGE_CURVE('',#5715,#5714,#3113,.T.);
#7162=EDGE_CURVE('',#5715,#5693,#3114,.T.);
#7163=EDGE_CURVE('',#5716,#5715,#3115,.T.);
#7164=EDGE_CURVE('',#5716,#5694,#3116,.T.);
#7165=EDGE_CURVE('',#5717,#5716,#3117,.T.);
#7166=EDGE_CURVE('',#5695,#5717,#3118,.T.);
#7167=EDGE_CURVE('',#5718,#5717,#3119,.T.);
#7168=EDGE_CURVE('',#5696,#5718,#3120,.T.);
#7169=EDGE_CURVE('',#5711,#5718,#3121,.T.);
#7170=EDGE_CURVE('',#5719,#5720,#3122,.T.);
#7171=EDGE_CURVE('',#5720,#5721,#3123,.T.);
#7172=EDGE_CURVE('',#5721,#5722,#3124,.T.);
#7173=EDGE_CURVE('',#5722,#5723,#3125,.T.);
#7174=EDGE_CURVE('',#5723,#5724,#3126,.T.);
#7175=EDGE_CURVE('',#5724,#5725,#3127,.T.);
#7176=EDGE_CURVE('',#5725,#5726,#3128,.T.);
#7177=EDGE_CURVE('',#5726,#5727,#3129,.T.);
#7178=EDGE_CURVE('',#5727,#5728,#3130,.T.);
#7179=EDGE_CURVE('',#5728,#5729,#3131,.T.);
#7180=EDGE_CURVE('',#5729,#5730,#3132,.T.);
#7181=EDGE_CURVE('',#5730,#5731,#3133,.T.);
#7182=EDGE_CURVE('',#5731,#5732,#3134,.T.);
#7183=EDGE_CURVE('',#5732,#5733,#3135,.T.);
#7184=EDGE_CURVE('',#5733,#5719,#3136,.T.);
#7185=EDGE_CURVE('',#5734,#5735,#3137,.T.);
#7186=EDGE_CURVE('',#5735,#5736,#3138,.T.);
#7187=EDGE_CURVE('',#5736,#5734,#3139,.T.);
#7188=EDGE_CURVE('',#5737,#5719,#3140,.T.);
#7189=EDGE_CURVE('',#5738,#5737,#3141,.T.);
#7190=EDGE_CURVE('',#5738,#5720,#3142,.T.);
#7191=EDGE_CURVE('',#5739,#5738,#3143,.T.);
#7192=EDGE_CURVE('',#5739,#5721,#3144,.T.);
#7193=EDGE_CURVE('',#5740,#5739,#3145,.T.);
#7194=EDGE_CURVE('',#5740,#5722,#3146,.T.);
#7195=EDGE_CURVE('',#5741,#5740,#3147,.T.);
#7196=EDGE_CURVE('',#5741,#5723,#3148,.T.);
#7197=EDGE_CURVE('',#5742,#5741,#3149,.T.);
#7198=EDGE_CURVE('',#5742,#5724,#3150,.T.);
#7199=EDGE_CURVE('',#5743,#5742,#3151,.T.);
#7200=EDGE_CURVE('',#5743,#5725,#3152,.T.);
#7201=EDGE_CURVE('',#5744,#5743,#3153,.T.);
#7202=EDGE_CURVE('',#5726,#5744,#3154,.T.);
#7203=EDGE_CURVE('',#5745,#5744,#3155,.T.);
#7204=EDGE_CURVE('',#5745,#5727,#3156,.T.);
#7205=EDGE_CURVE('',#5746,#5745,#3157,.T.);
#7206=EDGE_CURVE('',#5746,#5728,#3158,.T.);
#7207=EDGE_CURVE('',#5747,#5746,#3159,.T.);
#7208=EDGE_CURVE('',#5747,#5729,#3160,.T.);
#7209=EDGE_CURVE('',#5748,#5747,#3161,.T.);
#7210=EDGE_CURVE('',#5748,#5730,#3162,.T.);
#7211=EDGE_CURVE('',#5749,#5748,#3163,.T.);
#7212=EDGE_CURVE('',#5749,#5731,#3164,.T.);
#7213=EDGE_CURVE('',#5750,#5749,#3165,.T.);
#7214=EDGE_CURVE('',#5750,#5732,#3166,.T.);
#7215=EDGE_CURVE('',#5751,#5750,#3167,.T.);
#7216=EDGE_CURVE('',#5751,#5733,#3168,.T.);
#7217=EDGE_CURVE('',#5737,#5751,#3169,.T.);
#7218=EDGE_CURVE('',#5734,#5752,#3170,.T.);
#7219=EDGE_CURVE('',#5753,#5752,#3171,.T.);
#7220=EDGE_CURVE('',#5753,#5735,#3172,.T.);
#7221=EDGE_CURVE('',#5754,#5753,#3173,.T.);
#7222=EDGE_CURVE('',#5754,#5736,#3174,.T.);
#7223=EDGE_CURVE('',#5752,#5754,#3175,.T.);
#7224=EDGE_CURVE('',#5755,#5756,#3176,.T.);
#7225=EDGE_CURVE('',#5756,#5757,#3177,.T.);
#7226=EDGE_CURVE('',#5757,#5758,#3178,.T.);
#7227=EDGE_CURVE('',#5758,#5759,#3179,.T.);
#7228=EDGE_CURVE('',#5759,#5760,#3180,.T.);
#7229=EDGE_CURVE('',#5760,#5761,#3181,.T.);
#7230=EDGE_CURVE('',#5761,#5762,#3182,.T.);
#7231=EDGE_CURVE('',#5762,#5763,#3183,.T.);
#7232=EDGE_CURVE('',#5763,#5764,#3184,.T.);
#7233=EDGE_CURVE('',#5764,#5765,#3185,.T.);
#7234=EDGE_CURVE('',#5765,#5766,#3186,.T.);
#7235=EDGE_CURVE('',#5766,#5767,#3187,.T.);
#7236=EDGE_CURVE('',#5767,#5755,#3188,.T.);
#7237=EDGE_CURVE('',#5768,#5755,#3189,.T.);
#7238=EDGE_CURVE('',#5769,#5768,#3190,.T.);
#7239=EDGE_CURVE('',#5756,#5769,#3191,.T.);
#7240=EDGE_CURVE('',#5770,#5769,#3192,.T.);
#7241=EDGE_CURVE('',#5770,#5757,#3193,.T.);
#7242=EDGE_CURVE('',#5771,#5770,#3194,.T.);
#7243=EDGE_CURVE('',#5771,#5758,#3195,.T.);
#7244=EDGE_CURVE('',#5772,#5771,#3196,.T.);
#7245=EDGE_CURVE('',#5772,#5759,#3197,.T.);
#7246=EDGE_CURVE('',#5773,#5772,#3198,.T.);
#7247=EDGE_CURVE('',#5773,#5760,#3199,.T.);
#7248=EDGE_CURVE('',#5774,#5773,#3200,.T.);
#7249=EDGE_CURVE('',#5774,#5761,#3201,.T.);
#7250=EDGE_CURVE('',#5775,#5774,#3202,.T.);
#7251=EDGE_CURVE('',#5775,#5762,#3203,.T.);
#7252=EDGE_CURVE('',#5776,#5775,#3204,.T.);
#7253=EDGE_CURVE('',#5776,#5763,#3205,.T.);
#7254=EDGE_CURVE('',#5777,#5776,#3206,.T.);
#7255=EDGE_CURVE('',#5777,#5764,#3207,.T.);
#7256=EDGE_CURVE('',#5778,#5777,#3208,.T.);
#7257=EDGE_CURVE('',#5778,#5765,#3209,.T.);
#7258=EDGE_CURVE('',#5779,#5778,#3210,.T.);
#7259=EDGE_CURVE('',#5779,#5766,#3211,.T.);
#7260=EDGE_CURVE('',#5780,#5779,#3212,.T.);
#7261=EDGE_CURVE('',#5780,#5767,#3213,.T.);
#7262=EDGE_CURVE('',#5768,#5780,#3214,.T.);
#7263=EDGE_CURVE('',#5781,#5782,#3215,.T.);
#7264=EDGE_CURVE('',#5782,#5783,#3216,.T.);
#7265=EDGE_CURVE('',#5783,#5784,#3217,.T.);
#7266=EDGE_CURVE('',#5784,#5785,#3218,.T.);
#7267=EDGE_CURVE('',#5785,#5786,#3219,.T.);
#7268=EDGE_CURVE('',#5786,#5787,#3220,.T.);
#7269=EDGE_CURVE('',#5787,#5788,#3221,.T.);
#7270=EDGE_CURVE('',#5788,#5789,#3222,.T.);
#7271=EDGE_CURVE('',#5789,#5790,#3223,.T.);
#7272=EDGE_CURVE('',#5790,#5791,#3224,.T.);
#7273=EDGE_CURVE('',#5791,#5792,#3225,.T.);
#7274=EDGE_CURVE('',#5792,#5793,#3226,.T.);
#7275=EDGE_CURVE('',#5793,#5781,#3227,.T.);
#7276=EDGE_CURVE('',#5794,#5795,#3228,.T.);
#7277=EDGE_CURVE('',#5795,#5796,#3229,.T.);
#7278=EDGE_CURVE('',#5796,#5797,#3230,.T.);
#7279=EDGE_CURVE('',#5797,#5798,#3231,.T.);
#7280=EDGE_CURVE('',#5798,#5799,#3232,.T.);
#7281=EDGE_CURVE('',#5799,#5800,#3233,.T.);
#7282=EDGE_CURVE('',#5800,#5801,#3234,.T.);
#7283=EDGE_CURVE('',#5801,#5794,#3235,.T.);
#7284=EDGE_CURVE('',#5802,#5781,#3236,.T.);
#7285=EDGE_CURVE('',#5803,#5802,#3237,.T.);
#7286=EDGE_CURVE('',#5782,#5803,#3238,.T.);
#7287=EDGE_CURVE('',#5804,#5803,#3239,.T.);
#7288=EDGE_CURVE('',#5804,#5783,#3240,.T.);
#7289=EDGE_CURVE('',#5805,#5804,#3241,.T.);
#7290=EDGE_CURVE('',#5805,#5784,#3242,.T.);
#7291=EDGE_CURVE('',#5806,#5805,#3243,.T.);
#7292=EDGE_CURVE('',#5806,#5785,#3244,.T.);
#7293=EDGE_CURVE('',#5807,#5806,#3245,.T.);
#7294=EDGE_CURVE('',#5807,#5786,#3246,.T.);
#7295=EDGE_CURVE('',#5808,#5807,#3247,.T.);
#7296=EDGE_CURVE('',#5808,#5787,#3248,.T.);
#7297=EDGE_CURVE('',#5809,#5808,#3249,.T.);
#7298=EDGE_CURVE('',#5809,#5788,#3250,.T.);
#7299=EDGE_CURVE('',#5810,#5809,#3251,.T.);
#7300=EDGE_CURVE('',#5810,#5789,#3252,.T.);
#7301=EDGE_CURVE('',#5811,#5810,#3253,.T.);
#7302=EDGE_CURVE('',#5811,#5790,#3254,.T.);
#7303=EDGE_CURVE('',#5812,#5811,#3255,.T.);
#7304=EDGE_CURVE('',#5812,#5791,#3256,.T.);
#7305=EDGE_CURVE('',#5813,#5812,#3257,.T.);
#7306=EDGE_CURVE('',#5813,#5792,#3258,.T.);
#7307=EDGE_CURVE('',#5814,#5813,#3259,.T.);
#7308=EDGE_CURVE('',#5814,#5793,#3260,.T.);
#7309=EDGE_CURVE('',#5802,#5814,#3261,.T.);
#7310=EDGE_CURVE('',#5794,#5815,#3262,.T.);
#7311=EDGE_CURVE('',#5816,#5815,#3263,.T.);
#7312=EDGE_CURVE('',#5816,#5795,#3264,.T.);
#7313=EDGE_CURVE('',#5817,#5816,#3265,.T.);
#7314=EDGE_CURVE('',#5817,#5796,#3266,.T.);
#7315=EDGE_CURVE('',#5818,#5817,#3267,.T.);
#7316=EDGE_CURVE('',#5818,#5797,#3268,.T.);
#7317=EDGE_CURVE('',#5819,#5818,#3269,.T.);
#7318=EDGE_CURVE('',#5819,#5798,#3270,.T.);
#7319=EDGE_CURVE('',#5820,#5819,#3271,.T.);
#7320=EDGE_CURVE('',#5820,#5799,#3272,.T.);
#7321=EDGE_CURVE('',#5821,#5820,#3273,.T.);
#7322=EDGE_CURVE('',#5821,#5800,#3274,.T.);
#7323=EDGE_CURVE('',#5822,#5821,#3275,.T.);
#7324=EDGE_CURVE('',#5822,#5801,#3276,.T.);
#7325=EDGE_CURVE('',#5815,#5822,#3277,.T.);
#7326=EDGE_CURVE('',#5823,#5824,#3278,.T.);
#7327=EDGE_CURVE('',#5824,#5825,#3279,.T.);
#7328=EDGE_CURVE('',#5825,#5826,#3280,.T.);
#7329=EDGE_CURVE('',#5826,#5827,#3281,.T.);
#7330=EDGE_CURVE('',#5827,#5828,#3282,.T.);
#7331=EDGE_CURVE('',#5828,#5829,#3283,.T.);
#7332=EDGE_CURVE('',#5829,#5823,#3284,.T.);
#7333=EDGE_CURVE('',#5830,#5831,#3285,.T.);
#7334=EDGE_CURVE('',#5831,#5832,#3286,.T.);
#7335=EDGE_CURVE('',#5832,#5833,#3287,.T.);
#7336=EDGE_CURVE('',#5833,#5834,#3288,.T.);
#7337=EDGE_CURVE('',#5834,#5830,#3289,.T.);
#7338=EDGE_CURVE('',#5823,#5835,#3290,.T.);
#7339=EDGE_CURVE('',#5836,#5835,#3291,.T.);
#7340=EDGE_CURVE('',#5836,#5824,#3292,.T.);
#7341=EDGE_CURVE('',#5837,#5836,#3293,.T.);
#7342=EDGE_CURVE('',#5837,#5825,#3294,.T.);
#7343=EDGE_CURVE('',#5838,#5837,#3295,.T.);
#7344=EDGE_CURVE('',#5838,#5826,#3296,.T.);
#7345=EDGE_CURVE('',#5839,#5838,#3297,.T.);
#7346=EDGE_CURVE('',#5839,#5827,#3298,.T.);
#7347=EDGE_CURVE('',#5840,#5839,#3299,.T.);
#7348=EDGE_CURVE('',#5840,#5828,#3300,.T.);
#7349=EDGE_CURVE('',#5841,#5840,#3301,.T.);
#7350=EDGE_CURVE('',#5841,#5829,#3302,.T.);
#7351=EDGE_CURVE('',#5835,#5841,#3303,.T.);
#7352=EDGE_CURVE('',#5830,#5842,#3304,.T.);
#7353=EDGE_CURVE('',#5843,#5842,#3305,.T.);
#7354=EDGE_CURVE('',#5843,#5831,#3306,.T.);
#7355=EDGE_CURVE('',#5844,#5843,#3307,.T.);
#7356=EDGE_CURVE('',#5844,#5832,#3308,.T.);
#7357=EDGE_CURVE('',#5845,#5844,#3309,.T.);
#7358=EDGE_CURVE('',#5845,#5833,#3310,.T.);
#7359=EDGE_CURVE('',#5846,#5845,#3311,.T.);
#7360=EDGE_CURVE('',#5846,#5834,#3312,.T.);
#7361=EDGE_CURVE('',#5842,#5846,#3313,.T.);
#7362=EDGE_CURVE('',#5847,#5848,#3314,.T.);
#7363=EDGE_CURVE('',#5848,#5849,#3315,.T.);
#7364=EDGE_CURVE('',#5849,#5850,#3316,.T.);
#7365=EDGE_CURVE('',#5850,#5847,#3317,.T.);
#7366=EDGE_CURVE('',#5851,#5852,#3318,.T.);
#7367=EDGE_CURVE('',#5852,#5853,#3319,.T.);
#7368=EDGE_CURVE('',#5853,#5854,#3320,.T.);
#7369=EDGE_CURVE('',#5854,#5851,#3321,.T.);
#7370=EDGE_CURVE('',#5847,#5851,#3322,.T.);
#7371=EDGE_CURVE('',#5854,#5848,#3323,.T.);
#7372=EDGE_CURVE('',#5853,#5849,#3324,.T.);
#7373=EDGE_CURVE('',#5852,#5850,#3325,.T.);
#7374=EDGE_CURVE('',#5855,#5856,#3326,.T.);
#7375=EDGE_CURVE('',#5856,#5857,#3327,.T.);
#7376=EDGE_CURVE('',#5857,#5858,#3328,.T.);
#7377=EDGE_CURVE('',#5858,#5859,#3329,.T.);
#7378=EDGE_CURVE('',#5859,#5860,#3330,.T.);
#7379=EDGE_CURVE('',#5860,#5855,#3331,.T.);
#7380=EDGE_CURVE('',#5861,#5862,#3332,.T.);
#7381=EDGE_CURVE('',#5862,#5863,#3333,.T.);
#7382=EDGE_CURVE('',#5863,#5864,#3334,.T.);
#7383=EDGE_CURVE('',#5864,#5865,#3335,.T.);
#7384=EDGE_CURVE('',#5865,#5866,#3336,.T.);
#7385=EDGE_CURVE('',#5866,#5861,#3337,.T.);
#7386=EDGE_CURVE('',#5855,#5861,#3338,.T.);
#7387=EDGE_CURVE('',#5866,#5856,#3339,.T.);
#7388=EDGE_CURVE('',#5865,#5857,#3340,.T.);
#7389=EDGE_CURVE('',#5864,#5858,#3341,.T.);
#7390=EDGE_CURVE('',#5863,#5859,#3342,.T.);
#7391=EDGE_CURVE('',#5862,#5860,#3343,.T.);
#7392=EDGE_CURVE('',#5867,#5868,#4861,.T.);
#7393=EDGE_CURVE('',#5868,#5867,#4862,.T.);
#7394=EDGE_CURVE('',#5869,#5870,#4863,.T.);
#7395=EDGE_CURVE('',#5870,#5869,#4864,.T.);
#7396=EDGE_CURVE('',#5867,#5869,#3344,.T.);
#7397=EDGE_CURVE('',#5870,#5868,#3345,.T.);
#7398=EDGE_CURVE('',#5871,#5872,#3346,.T.);
#7399=EDGE_CURVE('',#5872,#5873,#4865,.T.);
#7400=EDGE_CURVE('',#5873,#5874,#3347,.T.);
#7401=EDGE_CURVE('',#5874,#5875,#4866,.T.);
#7402=EDGE_CURVE('',#5875,#5876,#3348,.T.);
#7403=EDGE_CURVE('',#5876,#5877,#4867,.T.);
#7404=EDGE_CURVE('',#5877,#5878,#3349,.T.);
#7405=EDGE_CURVE('',#5878,#5871,#4868,.T.);
#7406=EDGE_CURVE('',#5879,#5880,#4869,.T.);
#7407=EDGE_CURVE('',#5880,#5881,#3350,.T.);
#7408=EDGE_CURVE('',#5881,#5882,#4870,.T.);
#7409=EDGE_CURVE('',#5882,#5883,#3351,.T.);
#7410=EDGE_CURVE('',#5883,#5884,#4871,.T.);
#7411=EDGE_CURVE('',#5884,#5885,#3352,.T.);
#7412=EDGE_CURVE('',#5885,#5886,#4872,.T.);
#7413=EDGE_CURVE('',#5886,#5879,#3353,.T.);
#7414=EDGE_CURVE('',#5871,#5879,#3354,.T.);
#7415=EDGE_CURVE('',#5886,#5872,#3355,.T.);
#7416=EDGE_CURVE('',#5873,#5885,#3356,.T.);
#7417=EDGE_CURVE('',#5884,#5874,#3357,.T.);
#7418=EDGE_CURVE('',#5875,#5883,#3358,.T.);
#7419=EDGE_CURVE('',#5882,#5876,#3359,.T.);
#7420=EDGE_CURVE('',#5877,#5881,#3360,.T.);
#7421=EDGE_CURVE('',#5880,#5878,#3361,.T.);
#7422=ORIENTED_EDGE('',*,*,#5887,.T.);
#7423=ORIENTED_EDGE('',*,*,#5888,.T.);
#7424=ORIENTED_EDGE('',*,*,#5889,.T.);
#7425=ORIENTED_EDGE('',*,*,#5890,.T.);
#7426=ORIENTED_EDGE('',*,*,#5888,.F.);
#7427=ORIENTED_EDGE('',*,*,#5891,.T.);
#7428=ORIENTED_EDGE('',*,*,#5890,.F.);
#7429=ORIENTED_EDGE('',*,*,#5892,.T.);
#7430=ORIENTED_EDGE('',*,*,#5887,.F.);
#7431=ORIENTED_EDGE('',*,*,#5893,.T.);
#7432=ORIENTED_EDGE('',*,*,#5894,.T.);
#7433=ORIENTED_EDGE('',*,*,#5895,.T.);
#7434=ORIENTED_EDGE('',*,*,#5891,.F.);
#7435=ORIENTED_EDGE('',*,*,#5895,.F.);
#7436=ORIENTED_EDGE('',*,*,#5896,.T.);
#7437=ORIENTED_EDGE('',*,*,#5893,.F.);
#7438=ORIENTED_EDGE('',*,*,#5897,.T.);
#7439=ORIENTED_EDGE('',*,*,#5898,.T.);
#7440=ORIENTED_EDGE('',*,*,#5899,.T.);
#7441=ORIENTED_EDGE('',*,*,#5900,.T.);
#7442=ORIENTED_EDGE('',*,*,#5898,.F.);
#7443=ORIENTED_EDGE('',*,*,#5901,.T.);
#7444=ORIENTED_EDGE('',*,*,#5900,.F.);
#7445=ORIENTED_EDGE('',*,*,#5902,.T.);
#7446=ORIENTED_EDGE('',*,*,#5903,.T.);
#7447=ORIENTED_EDGE('',*,*,#5904,.T.);
#7448=ORIENTED_EDGE('',*,*,#5905,.T.);
#7449=ORIENTED_EDGE('',*,*,#5906,.T.);
#7450=ORIENTED_EDGE('',*,*,#5904,.F.);
#7451=ORIENTED_EDGE('',*,*,#5907,.T.);
#7452=ORIENTED_EDGE('',*,*,#5906,.F.);
#7453=ORIENTED_EDGE('',*,*,#5908,.T.);
#7454=ORIENTED_EDGE('',*,*,#5909,.T.);
#7455=ORIENTED_EDGE('',*,*,#5910,.T.);
#7456=ORIENTED_EDGE('',*,*,#5911,.T.);
#7457=ORIENTED_EDGE('',*,*,#5912,.T.);
#7458=ORIENTED_EDGE('',*,*,#5913,.T.);
#7459=ORIENTED_EDGE('',*,*,#5914,.T.);
#7460=ORIENTED_EDGE('',*,*,#5915,.T.);
#7461=ORIENTED_EDGE('',*,*,#5916,.T.);
#7462=ORIENTED_EDGE('',*,*,#5903,.F.);
#7463=ORIENTED_EDGE('',*,*,#5917,.T.);
#7464=ORIENTED_EDGE('',*,*,#5918,.T.);
#7465=ORIENTED_EDGE('',*,*,#5919,.T.);
#7466=ORIENTED_EDGE('',*,*,#5920,.T.);
#7467=ORIENTED_EDGE('',*,*,#5921,.T.);
#7468=ORIENTED_EDGE('',*,*,#5922,.T.);
#7469=ORIENTED_EDGE('',*,*,#5923,.T.);
#7470=ORIENTED_EDGE('',*,*,#5924,.T.);
#7471=ORIENTED_EDGE('',*,*,#5925,.T.);
#7472=ORIENTED_EDGE('',*,*,#5926,.T.);
#7473=ORIENTED_EDGE('',*,*,#5927,.T.);
#7474=ORIENTED_EDGE('',*,*,#5928,.T.);
#7475=ORIENTED_EDGE('',*,*,#5929,.T.);
#7476=ORIENTED_EDGE('',*,*,#5930,.T.);
#7477=ORIENTED_EDGE('',*,*,#5931,.T.);
#7478=ORIENTED_EDGE('',*,*,#5932,.T.);
#7479=ORIENTED_EDGE('',*,*,#5933,.T.);
#7480=ORIENTED_EDGE('',*,*,#5934,.T.);
#7481=ORIENTED_EDGE('',*,*,#5935,.T.);
#7482=ORIENTED_EDGE('',*,*,#5907,.F.);
#7483=ORIENTED_EDGE('',*,*,#5919,.F.);
#7484=ORIENTED_EDGE('',*,*,#5936,.T.);
#7485=ORIENTED_EDGE('',*,*,#5917,.F.);
#7486=ORIENTED_EDGE('',*,*,#5937,.T.);
#7487=ORIENTED_EDGE('',*,*,#5938,.T.);
#7488=ORIENTED_EDGE('',*,*,#5939,.T.);
#7489=ORIENTED_EDGE('',*,*,#5940,.T.);
#7490=ORIENTED_EDGE('',*,*,#5941,.T.);
#7491=ORIENTED_EDGE('',*,*,#5942,.T.);
#7492=ORIENTED_EDGE('',*,*,#5943,.T.);
#7493=ORIENTED_EDGE('',*,*,#5944,.T.);
#7494=ORIENTED_EDGE('',*,*,#5918,.F.);
#7495=ORIENTED_EDGE('',*,*,#5945,.T.);
#7496=ORIENTED_EDGE('',*,*,#5946,.T.);
#7497=ORIENTED_EDGE('',*,*,#5947,.T.);
#7498=ORIENTED_EDGE('',*,*,#5936,.F.);
#7499=ORIENTED_EDGE('',*,*,#5947,.F.);
#7500=ORIENTED_EDGE('',*,*,#5948,.T.);
#7501=ORIENTED_EDGE('',*,*,#5945,.F.);
#7502=ORIENTED_EDGE('',*,*,#5949,.T.);
#7503=ORIENTED_EDGE('',*,*,#5950,.T.);
#7504=ORIENTED_EDGE('',*,*,#5951,.T.);
#7505=ORIENTED_EDGE('',*,*,#5952,.T.);
#7506=ORIENTED_EDGE('',*,*,#5950,.F.);
#7507=ORIENTED_EDGE('',*,*,#5953,.T.);
#7508=ORIENTED_EDGE('',*,*,#5952,.F.);
#7509=ORIENTED_EDGE('',*,*,#5954,.T.);
#7510=ORIENTED_EDGE('',*,*,#5949,.F.);
#7511=ORIENTED_EDGE('',*,*,#5955,.T.);
#7512=ORIENTED_EDGE('',*,*,#5956,.T.);
#7513=ORIENTED_EDGE('',*,*,#5957,.T.);
#7514=ORIENTED_EDGE('',*,*,#5953,.F.);
#7515=ORIENTED_EDGE('',*,*,#5957,.F.);
#7516=ORIENTED_EDGE('',*,*,#5958,.T.);
#7517=ORIENTED_EDGE('',*,*,#5955,.F.);
#7518=ORIENTED_EDGE('',*,*,#5956,.F.);
#7519=ORIENTED_EDGE('',*,*,#5959,.T.);
#7520=ORIENTED_EDGE('',*,*,#5958,.F.);
#7521=ORIENTED_EDGE('',*,*,#5959,.F.);
#7522=ORIENTED_EDGE('',*,*,#5889,.F.);
#7523=ORIENTED_EDGE('',*,*,#5960,.T.);
#7524=ORIENTED_EDGE('',*,*,#5892,.F.);
#7525=ORIENTED_EDGE('',*,*,#5960,.F.);
#7526=ORIENTED_EDGE('',*,*,#5894,.F.);
#7527=ORIENTED_EDGE('',*,*,#5961,.T.);
#7528=ORIENTED_EDGE('',*,*,#5899,.F.);
#7529=ORIENTED_EDGE('',*,*,#5962,.T.);
#7530=ORIENTED_EDGE('',*,*,#5896,.F.);
#7531=ORIENTED_EDGE('',*,*,#5962,.F.);
#7532=ORIENTED_EDGE('',*,*,#5902,.F.);
#7533=ORIENTED_EDGE('',*,*,#5961,.F.);
#7534=ORIENTED_EDGE('',*,*,#5897,.F.);
#7535=ORIENTED_EDGE('',*,*,#5963,.T.);
#7536=ORIENTED_EDGE('',*,*,#5905,.F.);
#7537=ORIENTED_EDGE('',*,*,#5964,.T.);
#7538=ORIENTED_EDGE('',*,*,#5901,.F.);
#7539=ORIENTED_EDGE('',*,*,#5964,.F.);
#7540=ORIENTED_EDGE('',*,*,#5908,.F.);
#7541=ORIENTED_EDGE('',*,*,#5963,.F.);
#7542=ORIENTED_EDGE('',*,*,#5946,.F.);
#7543=ORIENTED_EDGE('',*,*,#5965,.T.);
#7544=ORIENTED_EDGE('',*,*,#5966,.T.);
#7545=ORIENTED_EDGE('',*,*,#5967,.T.);
#7546=ORIENTED_EDGE('',*,*,#5948,.F.);
#7547=ORIENTED_EDGE('',*,*,#5967,.F.);
#7548=ORIENTED_EDGE('',*,*,#5968,.T.);
#7549=ORIENTED_EDGE('',*,*,#5965,.F.);
#7550=ORIENTED_EDGE('',*,*,#5966,.F.);
#7551=ORIENTED_EDGE('',*,*,#5969,.T.);
#7552=ORIENTED_EDGE('',*,*,#5970,.T.);
#7553=ORIENTED_EDGE('',*,*,#5971,.T.);
#7554=ORIENTED_EDGE('',*,*,#5968,.F.);
#7555=ORIENTED_EDGE('',*,*,#5971,.F.);
#7556=ORIENTED_EDGE('',*,*,#5972,.T.);
#7557=ORIENTED_EDGE('',*,*,#5969,.F.);
#7558=ORIENTED_EDGE('',*,*,#5951,.F.);
#7559=ORIENTED_EDGE('',*,*,#5973,.T.);
#7560=ORIENTED_EDGE('',*,*,#5970,.F.);
#7561=ORIENTED_EDGE('',*,*,#5974,.T.);
#7562=ORIENTED_EDGE('',*,*,#5954,.F.);
#7563=ORIENTED_EDGE('',*,*,#5974,.F.);
#7564=ORIENTED_EDGE('',*,*,#5972,.F.);
#7565=ORIENTED_EDGE('',*,*,#5973,.F.);
#7566=ORIENTED_EDGE('',*,*,#5975,.T.);
#7567=ORIENTED_EDGE('',*,*,#5976,.T.);
#7568=ORIENTED_EDGE('',*,*,#5977,.T.);
#7569=ORIENTED_EDGE('',*,*,#5978,.T.);
#7570=ORIENTED_EDGE('',*,*,#5979,.T.);
#7571=ORIENTED_EDGE('',*,*,#5980,.T.);
#7572=ORIENTED_EDGE('',*,*,#5981,.T.);
#7573=ORIENTED_EDGE('',*,*,#5982,.T.);
#7574=ORIENTED_EDGE('',*,*,#5983,.T.);
#7575=ORIENTED_EDGE('',*,*,#5984,.T.);
#7576=ORIENTED_EDGE('',*,*,#5985,.T.);
#7577=ORIENTED_EDGE('',*,*,#5986,.T.);
#7578=ORIENTED_EDGE('',*,*,#5987,.T.);
#7579=ORIENTED_EDGE('',*,*,#5988,.T.);
#7580=ORIENTED_EDGE('',*,*,#5989,.T.);
#7581=ORIENTED_EDGE('',*,*,#5990,.T.);
#7582=ORIENTED_EDGE('',*,*,#5991,.T.);
#7583=ORIENTED_EDGE('',*,*,#5992,.T.);
#7584=ORIENTED_EDGE('',*,*,#5993,.T.);
#7585=ORIENTED_EDGE('',*,*,#5994,.T.);
#7586=ORIENTED_EDGE('',*,*,#5995,.T.);
#7587=ORIENTED_EDGE('',*,*,#5996,.T.);
#7588=ORIENTED_EDGE('',*,*,#5997,.T.);
#7589=ORIENTED_EDGE('',*,*,#5998,.T.);
#7590=ORIENTED_EDGE('',*,*,#5999,.T.);
#7591=ORIENTED_EDGE('',*,*,#6000,.T.);
#7592=ORIENTED_EDGE('',*,*,#6001,.T.);
#7593=ORIENTED_EDGE('',*,*,#6002,.T.);
#7594=ORIENTED_EDGE('',*,*,#6003,.T.);
#7595=ORIENTED_EDGE('',*,*,#6004,.T.);
#7596=ORIENTED_EDGE('',*,*,#6005,.T.);
#7597=ORIENTED_EDGE('',*,*,#6006,.T.);
#7598=ORIENTED_EDGE('',*,*,#5975,.F.);
#7599=ORIENTED_EDGE('',*,*,#6007,.T.);
#7600=ORIENTED_EDGE('',*,*,#5937,.F.);
#7601=ORIENTED_EDGE('',*,*,#6008,.T.);
#7602=ORIENTED_EDGE('',*,*,#5998,.F.);
#7603=ORIENTED_EDGE('',*,*,#6009,.T.);
#7604=ORIENTED_EDGE('',*,*,#5920,.F.);
#7605=ORIENTED_EDGE('',*,*,#6010,.T.);
#7606=ORIENTED_EDGE('',*,*,#5997,.F.);
#7607=ORIENTED_EDGE('',*,*,#6011,.T.);
#7608=ORIENTED_EDGE('',*,*,#5921,.F.);
#7609=ORIENTED_EDGE('',*,*,#6009,.F.);
#7610=ORIENTED_EDGE('',*,*,#5976,.F.);
#7611=ORIENTED_EDGE('',*,*,#6008,.F.);
#7612=ORIENTED_EDGE('',*,*,#5944,.F.);
#7613=ORIENTED_EDGE('',*,*,#6012,.T.);
#7614=ORIENTED_EDGE('',*,*,#5977,.F.);
#7615=ORIENTED_EDGE('',*,*,#6012,.F.);
#7616=ORIENTED_EDGE('',*,*,#5943,.F.);
#7617=ORIENTED_EDGE('',*,*,#6013,.T.);
#7618=ORIENTED_EDGE('',*,*,#5996,.F.);
#7619=ORIENTED_EDGE('',*,*,#6014,.T.);
#7620=ORIENTED_EDGE('',*,*,#5922,.F.);
#7621=ORIENTED_EDGE('',*,*,#6011,.F.);
#7622=ORIENTED_EDGE('',*,*,#5995,.F.);
#7623=ORIENTED_EDGE('',*,*,#6015,.T.);
#7624=ORIENTED_EDGE('',*,*,#5923,.F.);
#7625=ORIENTED_EDGE('',*,*,#6014,.F.);
#7626=ORIENTED_EDGE('',*,*,#5978,.F.);
#7627=ORIENTED_EDGE('',*,*,#6013,.F.);
#7628=ORIENTED_EDGE('',*,*,#5942,.F.);
#7629=ORIENTED_EDGE('',*,*,#6016,.T.);
#7630=ORIENTED_EDGE('',*,*,#5979,.F.);
#7631=ORIENTED_EDGE('',*,*,#6016,.F.);
#7632=ORIENTED_EDGE('',*,*,#5941,.F.);
#7633=ORIENTED_EDGE('',*,*,#6017,.T.);
#7634=ORIENTED_EDGE('',*,*,#5994,.F.);
#7635=ORIENTED_EDGE('',*,*,#6018,.T.);
#7636=ORIENTED_EDGE('',*,*,#5924,.F.);
#7637=ORIENTED_EDGE('',*,*,#6015,.F.);
#7638=ORIENTED_EDGE('',*,*,#5993,.F.);
#7639=ORIENTED_EDGE('',*,*,#6019,.T.);
#7640=ORIENTED_EDGE('',*,*,#5925,.F.);
#7641=ORIENTED_EDGE('',*,*,#6018,.F.);
#7642=ORIENTED_EDGE('',*,*,#5980,.F.);
#7643=ORIENTED_EDGE('',*,*,#6017,.F.);
#7644=ORIENTED_EDGE('',*,*,#5940,.F.);
#7645=ORIENTED_EDGE('',*,*,#6020,.T.);
#7646=ORIENTED_EDGE('',*,*,#5981,.F.);
#7647=ORIENTED_EDGE('',*,*,#6020,.F.);
#7648=ORIENTED_EDGE('',*,*,#5939,.F.);
#7649=ORIENTED_EDGE('',*,*,#6021,.T.);
#7650=ORIENTED_EDGE('',*,*,#5992,.F.);
#7651=ORIENTED_EDGE('',*,*,#6022,.T.);
#7652=ORIENTED_EDGE('',*,*,#5926,.F.);
#7653=ORIENTED_EDGE('',*,*,#6019,.F.);
#7654=ORIENTED_EDGE('',*,*,#5991,.F.);
#7655=ORIENTED_EDGE('',*,*,#6010,.F.);
#7656=ORIENTED_EDGE('',*,*,#5927,.F.);
#7657=ORIENTED_EDGE('',*,*,#6022,.F.);
#7658=ORIENTED_EDGE('',*,*,#5982,.F.);
#7659=ORIENTED_EDGE('',*,*,#6021,.F.);
#7660=ORIENTED_EDGE('',*,*,#5938,.F.);
#7661=ORIENTED_EDGE('',*,*,#6007,.F.);
#7662=ORIENTED_EDGE('',*,*,#6000,.F.);
#7663=ORIENTED_EDGE('',*,*,#6023,.T.);
#7664=ORIENTED_EDGE('',*,*,#5915,.F.);
#7665=ORIENTED_EDGE('',*,*,#6024,.T.);
#7666=ORIENTED_EDGE('',*,*,#5983,.F.);
#7667=ORIENTED_EDGE('',*,*,#6025,.T.);
#7668=ORIENTED_EDGE('',*,*,#5934,.F.);
#7669=ORIENTED_EDGE('',*,*,#6026,.T.);
#7670=ORIENTED_EDGE('',*,*,#5999,.F.);
#7671=ORIENTED_EDGE('',*,*,#6024,.F.);
#7672=ORIENTED_EDGE('',*,*,#5916,.F.);
#7673=ORIENTED_EDGE('',*,*,#6023,.F.);
#7674=ORIENTED_EDGE('',*,*,#5984,.F.);
#7675=ORIENTED_EDGE('',*,*,#6026,.F.);
#7676=ORIENTED_EDGE('',*,*,#5935,.F.);
#7677=ORIENTED_EDGE('',*,*,#6025,.F.);
#7678=ORIENTED_EDGE('',*,*,#6002,.F.);
#7679=ORIENTED_EDGE('',*,*,#6027,.T.);
#7680=ORIENTED_EDGE('',*,*,#5913,.F.);
#7681=ORIENTED_EDGE('',*,*,#6028,.T.);
#7682=ORIENTED_EDGE('',*,*,#5985,.F.);
#7683=ORIENTED_EDGE('',*,*,#6029,.T.);
#7684=ORIENTED_EDGE('',*,*,#5932,.F.);
#7685=ORIENTED_EDGE('',*,*,#6030,.T.);
#7686=ORIENTED_EDGE('',*,*,#6001,.F.);
#7687=ORIENTED_EDGE('',*,*,#6028,.F.);
#7688=ORIENTED_EDGE('',*,*,#5914,.F.);
#7689=ORIENTED_EDGE('',*,*,#6027,.F.);
#7690=ORIENTED_EDGE('',*,*,#5986,.F.);
#7691=ORIENTED_EDGE('',*,*,#6030,.F.);
#7692=ORIENTED_EDGE('',*,*,#5933,.F.);
#7693=ORIENTED_EDGE('',*,*,#6029,.F.);
#7694=ORIENTED_EDGE('',*,*,#6004,.F.);
#7695=ORIENTED_EDGE('',*,*,#6031,.T.);
#7696=ORIENTED_EDGE('',*,*,#5911,.F.);
#7697=ORIENTED_EDGE('',*,*,#6032,.T.);
#7698=ORIENTED_EDGE('',*,*,#5987,.F.);
#7699=ORIENTED_EDGE('',*,*,#6033,.T.);
#7700=ORIENTED_EDGE('',*,*,#5930,.F.);
#7701=ORIENTED_EDGE('',*,*,#6034,.T.);
#7702=ORIENTED_EDGE('',*,*,#6003,.F.);
#7703=ORIENTED_EDGE('',*,*,#6032,.F.);
#7704=ORIENTED_EDGE('',*,*,#5912,.F.);
#7705=ORIENTED_EDGE('',*,*,#6031,.F.);
#7706=ORIENTED_EDGE('',*,*,#5988,.F.);
#7707=ORIENTED_EDGE('',*,*,#6034,.F.);
#7708=ORIENTED_EDGE('',*,*,#5931,.F.);
#7709=ORIENTED_EDGE('',*,*,#6033,.F.);
#7710=ORIENTED_EDGE('',*,*,#6006,.F.);
#7711=ORIENTED_EDGE('',*,*,#6035,.T.);
#7712=ORIENTED_EDGE('',*,*,#5909,.F.);
#7713=ORIENTED_EDGE('',*,*,#6036,.T.);
#7714=ORIENTED_EDGE('',*,*,#5989,.F.);
#7715=ORIENTED_EDGE('',*,*,#6037,.T.);
#7716=ORIENTED_EDGE('',*,*,#5928,.F.);
#7717=ORIENTED_EDGE('',*,*,#6038,.T.);
#7718=ORIENTED_EDGE('',*,*,#6005,.F.);
#7719=ORIENTED_EDGE('',*,*,#6036,.F.);
#7720=ORIENTED_EDGE('',*,*,#5910,.F.);
#7721=ORIENTED_EDGE('',*,*,#6035,.F.);
#7722=ORIENTED_EDGE('',*,*,#5990,.F.);
#7723=ORIENTED_EDGE('',*,*,#6038,.F.);
#7724=ORIENTED_EDGE('',*,*,#5929,.F.);
#7725=ORIENTED_EDGE('',*,*,#6037,.F.);
#7726=ORIENTED_EDGE('',*,*,#6039,.T.);
#7727=ORIENTED_EDGE('',*,*,#6040,.T.);
#7728=ORIENTED_EDGE('',*,*,#6041,.T.);
#7729=ORIENTED_EDGE('',*,*,#6042,.T.);
#7730=ORIENTED_EDGE('',*,*,#6043,.T.);
#7731=ORIENTED_EDGE('',*,*,#6044,.T.);
#7732=ORIENTED_EDGE('',*,*,#6045,.T.);
#7733=ORIENTED_EDGE('',*,*,#6046,.T.);
#7734=ORIENTED_EDGE('',*,*,#6039,.F.);
#7735=ORIENTED_EDGE('',*,*,#6047,.T.);
#7736=ORIENTED_EDGE('',*,*,#6046,.F.);
#7737=ORIENTED_EDGE('',*,*,#6048,.T.);
#7738=ORIENTED_EDGE('',*,*,#6040,.F.);
#7739=ORIENTED_EDGE('',*,*,#6048,.F.);
#7740=ORIENTED_EDGE('',*,*,#6045,.F.);
#7741=ORIENTED_EDGE('',*,*,#6049,.T.);
#7742=ORIENTED_EDGE('',*,*,#6041,.F.);
#7743=ORIENTED_EDGE('',*,*,#6049,.F.);
#7744=ORIENTED_EDGE('',*,*,#6044,.F.);
#7745=ORIENTED_EDGE('',*,*,#6050,.T.);
#7746=ORIENTED_EDGE('',*,*,#6042,.F.);
#7747=ORIENTED_EDGE('',*,*,#6050,.F.);
#7748=ORIENTED_EDGE('',*,*,#6043,.F.);
#7749=ORIENTED_EDGE('',*,*,#6047,.F.);
#7750=ORIENTED_EDGE('',*,*,#6051,.T.);
#7751=ORIENTED_EDGE('',*,*,#6052,.T.);
#7752=ORIENTED_EDGE('',*,*,#6053,.T.);
#7753=ORIENTED_EDGE('',*,*,#6054,.T.);
#7754=ORIENTED_EDGE('',*,*,#6055,.T.);
#7755=ORIENTED_EDGE('',*,*,#6056,.T.);
#7756=ORIENTED_EDGE('',*,*,#6057,.T.);
#7757=ORIENTED_EDGE('',*,*,#6058,.T.);
#7758=ORIENTED_EDGE('',*,*,#6059,.T.);
#7759=ORIENTED_EDGE('',*,*,#6060,.T.);
#7760=ORIENTED_EDGE('',*,*,#6061,.T.);
#7761=ORIENTED_EDGE('',*,*,#6062,.T.);
#7762=ORIENTED_EDGE('',*,*,#6063,.T.);
#7763=ORIENTED_EDGE('',*,*,#6064,.T.);
#7764=ORIENTED_EDGE('',*,*,#6065,.T.);
#7765=ORIENTED_EDGE('',*,*,#6066,.T.);
#7766=ORIENTED_EDGE('',*,*,#6051,.F.);
#7767=ORIENTED_EDGE('',*,*,#6067,.T.);
#7768=ORIENTED_EDGE('',*,*,#6066,.F.);
#7769=ORIENTED_EDGE('',*,*,#6068,.T.);
#7770=ORIENTED_EDGE('',*,*,#6053,.F.);
#7771=ORIENTED_EDGE('',*,*,#6069,.T.);
#7772=ORIENTED_EDGE('',*,*,#6064,.F.);
#7773=ORIENTED_EDGE('',*,*,#6070,.T.);
#7774=ORIENTED_EDGE('',*,*,#6055,.F.);
#7775=ORIENTED_EDGE('',*,*,#6071,.T.);
#7776=ORIENTED_EDGE('',*,*,#6062,.F.);
#7777=ORIENTED_EDGE('',*,*,#6072,.T.);
#7778=ORIENTED_EDGE('',*,*,#6057,.F.);
#7779=ORIENTED_EDGE('',*,*,#6073,.T.);
#7780=ORIENTED_EDGE('',*,*,#6060,.F.);
#7781=ORIENTED_EDGE('',*,*,#6074,.T.);
#7782=ORIENTED_EDGE('',*,*,#6052,.F.);
#7783=ORIENTED_EDGE('',*,*,#6068,.F.);
#7784=ORIENTED_EDGE('',*,*,#6065,.F.);
#7785=ORIENTED_EDGE('',*,*,#6069,.F.);
#7786=ORIENTED_EDGE('',*,*,#6054,.F.);
#7787=ORIENTED_EDGE('',*,*,#6070,.F.);
#7788=ORIENTED_EDGE('',*,*,#6063,.F.);
#7789=ORIENTED_EDGE('',*,*,#6071,.F.);
#7790=ORIENTED_EDGE('',*,*,#6058,.F.);
#7791=ORIENTED_EDGE('',*,*,#6074,.F.);
#7792=ORIENTED_EDGE('',*,*,#6059,.F.);
#7793=ORIENTED_EDGE('',*,*,#6067,.F.);
#7794=ORIENTED_EDGE('',*,*,#6056,.F.);
#7795=ORIENTED_EDGE('',*,*,#6072,.F.);
#7796=ORIENTED_EDGE('',*,*,#6061,.F.);
#7797=ORIENTED_EDGE('',*,*,#6073,.F.);
#7798=ORIENTED_EDGE('',*,*,#6075,.T.);
#7799=ORIENTED_EDGE('',*,*,#6076,.T.);
#7800=ORIENTED_EDGE('',*,*,#6077,.T.);
#7801=ORIENTED_EDGE('',*,*,#6078,.T.);
#7802=ORIENTED_EDGE('',*,*,#6079,.T.);
#7803=ORIENTED_EDGE('',*,*,#6080,.T.);
#7804=ORIENTED_EDGE('',*,*,#6081,.T.);
#7805=ORIENTED_EDGE('',*,*,#6082,.T.);
#7806=ORIENTED_EDGE('',*,*,#6083,.T.);
#7807=ORIENTED_EDGE('',*,*,#6084,.T.);
#7808=ORIENTED_EDGE('',*,*,#6085,.T.);
#7809=ORIENTED_EDGE('',*,*,#6086,.T.);
#7810=ORIENTED_EDGE('',*,*,#6087,.T.);
#7811=ORIENTED_EDGE('',*,*,#6088,.T.);
#7812=ORIENTED_EDGE('',*,*,#6075,.F.);
#7813=ORIENTED_EDGE('',*,*,#6089,.T.);
#7814=ORIENTED_EDGE('',*,*,#6090,.F.);
#7815=ORIENTED_EDGE('',*,*,#6091,.T.);
#7816=ORIENTED_EDGE('',*,*,#6076,.F.);
#7817=ORIENTED_EDGE('',*,*,#6091,.F.);
#7818=ORIENTED_EDGE('',*,*,#6092,.F.);
#7819=ORIENTED_EDGE('',*,*,#6093,.T.);
#7820=ORIENTED_EDGE('',*,*,#6077,.F.);
#7821=ORIENTED_EDGE('',*,*,#6093,.F.);
#7822=ORIENTED_EDGE('',*,*,#6094,.F.);
#7823=ORIENTED_EDGE('',*,*,#6095,.T.);
#7824=ORIENTED_EDGE('',*,*,#6078,.F.);
#7825=ORIENTED_EDGE('',*,*,#6095,.F.);
#7826=ORIENTED_EDGE('',*,*,#6096,.F.);
#7827=ORIENTED_EDGE('',*,*,#6097,.T.);
#7828=ORIENTED_EDGE('',*,*,#6079,.F.);
#7829=ORIENTED_EDGE('',*,*,#6097,.F.);
#7830=ORIENTED_EDGE('',*,*,#6098,.F.);
#7831=ORIENTED_EDGE('',*,*,#6099,.T.);
#7832=ORIENTED_EDGE('',*,*,#6080,.F.);
#7833=ORIENTED_EDGE('',*,*,#6099,.F.);
#7834=ORIENTED_EDGE('',*,*,#6100,.F.);
#7835=ORIENTED_EDGE('',*,*,#6101,.T.);
#7836=ORIENTED_EDGE('',*,*,#6081,.F.);
#7837=ORIENTED_EDGE('',*,*,#6101,.F.);
#7838=ORIENTED_EDGE('',*,*,#6102,.F.);
#7839=ORIENTED_EDGE('',*,*,#6103,.T.);
#7840=ORIENTED_EDGE('',*,*,#6082,.F.);
#7841=ORIENTED_EDGE('',*,*,#6103,.F.);
#7842=ORIENTED_EDGE('',*,*,#6104,.F.);
#7843=ORIENTED_EDGE('',*,*,#6105,.T.);
#7844=ORIENTED_EDGE('',*,*,#6083,.F.);
#7845=ORIENTED_EDGE('',*,*,#6105,.F.);
#7846=ORIENTED_EDGE('',*,*,#6106,.F.);
#7847=ORIENTED_EDGE('',*,*,#6107,.T.);
#7848=ORIENTED_EDGE('',*,*,#6084,.F.);
#7849=ORIENTED_EDGE('',*,*,#6107,.F.);
#7850=ORIENTED_EDGE('',*,*,#6108,.F.);
#7851=ORIENTED_EDGE('',*,*,#6089,.F.);
#7852=ORIENTED_EDGE('',*,*,#6085,.F.);
#7853=ORIENTED_EDGE('',*,*,#6109,.T.);
#7854=ORIENTED_EDGE('',*,*,#6110,.F.);
#7855=ORIENTED_EDGE('',*,*,#6111,.T.);
#7856=ORIENTED_EDGE('',*,*,#6086,.F.);
#7857=ORIENTED_EDGE('',*,*,#6111,.F.);
#7858=ORIENTED_EDGE('',*,*,#6112,.F.);
#7859=ORIENTED_EDGE('',*,*,#6113,.T.);
#7860=ORIENTED_EDGE('',*,*,#6087,.F.);
#7861=ORIENTED_EDGE('',*,*,#6113,.F.);
#7862=ORIENTED_EDGE('',*,*,#6114,.F.);
#7863=ORIENTED_EDGE('',*,*,#6115,.T.);
#7864=ORIENTED_EDGE('',*,*,#6088,.F.);
#7865=ORIENTED_EDGE('',*,*,#6115,.F.);
#7866=ORIENTED_EDGE('',*,*,#6116,.F.);
#7867=ORIENTED_EDGE('',*,*,#6109,.F.);
#7868=ORIENTED_EDGE('',*,*,#6108,.T.);
#7869=ORIENTED_EDGE('',*,*,#6106,.T.);
#7870=ORIENTED_EDGE('',*,*,#6104,.T.);
#7871=ORIENTED_EDGE('',*,*,#6102,.T.);
#7872=ORIENTED_EDGE('',*,*,#6100,.T.);
#7873=ORIENTED_EDGE('',*,*,#6098,.T.);
#7874=ORIENTED_EDGE('',*,*,#6096,.T.);
#7875=ORIENTED_EDGE('',*,*,#6094,.T.);
#7876=ORIENTED_EDGE('',*,*,#6092,.T.);
#7877=ORIENTED_EDGE('',*,*,#6090,.T.);
#7878=ORIENTED_EDGE('',*,*,#6116,.T.);
#7879=ORIENTED_EDGE('',*,*,#6114,.T.);
#7880=ORIENTED_EDGE('',*,*,#6112,.T.);
#7881=ORIENTED_EDGE('',*,*,#6110,.T.);
#7882=ORIENTED_EDGE('',*,*,#6117,.T.);
#7883=ORIENTED_EDGE('',*,*,#6118,.T.);
#7884=ORIENTED_EDGE('',*,*,#6119,.T.);
#7885=ORIENTED_EDGE('',*,*,#6120,.T.);
#7886=ORIENTED_EDGE('',*,*,#6121,.T.);
#7887=ORIENTED_EDGE('',*,*,#6122,.T.);
#7888=ORIENTED_EDGE('',*,*,#6123,.T.);
#7889=ORIENTED_EDGE('',*,*,#6124,.T.);
#7890=ORIENTED_EDGE('',*,*,#6125,.T.);
#7891=ORIENTED_EDGE('',*,*,#6126,.T.);
#7892=ORIENTED_EDGE('',*,*,#6127,.T.);
#7893=ORIENTED_EDGE('',*,*,#6128,.T.);
#7894=ORIENTED_EDGE('',*,*,#6129,.T.);
#7895=ORIENTED_EDGE('',*,*,#6130,.T.);
#7896=ORIENTED_EDGE('',*,*,#6131,.T.);
#7897=ORIENTED_EDGE('',*,*,#6132,.T.);
#7898=ORIENTED_EDGE('',*,*,#6133,.T.);
#7899=ORIENTED_EDGE('',*,*,#6117,.F.);
#7900=ORIENTED_EDGE('',*,*,#6134,.T.);
#7901=ORIENTED_EDGE('',*,*,#6135,.F.);
#7902=ORIENTED_EDGE('',*,*,#6136,.T.);
#7903=ORIENTED_EDGE('',*,*,#6118,.F.);
#7904=ORIENTED_EDGE('',*,*,#6136,.F.);
#7905=ORIENTED_EDGE('',*,*,#6137,.F.);
#7906=ORIENTED_EDGE('',*,*,#6138,.T.);
#7907=ORIENTED_EDGE('',*,*,#6119,.F.);
#7908=ORIENTED_EDGE('',*,*,#6138,.F.);
#7909=ORIENTED_EDGE('',*,*,#6139,.F.);
#7910=ORIENTED_EDGE('',*,*,#6140,.T.);
#7911=ORIENTED_EDGE('',*,*,#6120,.F.);
#7912=ORIENTED_EDGE('',*,*,#6140,.F.);
#7913=ORIENTED_EDGE('',*,*,#6141,.F.);
#7914=ORIENTED_EDGE('',*,*,#6142,.T.);
#7915=ORIENTED_EDGE('',*,*,#6121,.F.);
#7916=ORIENTED_EDGE('',*,*,#6142,.F.);
#7917=ORIENTED_EDGE('',*,*,#6143,.F.);
#7918=ORIENTED_EDGE('',*,*,#6144,.T.);
#7919=ORIENTED_EDGE('',*,*,#6122,.F.);
#7920=ORIENTED_EDGE('',*,*,#6144,.F.);
#7921=ORIENTED_EDGE('',*,*,#6145,.F.);
#7922=ORIENTED_EDGE('',*,*,#6146,.T.);
#7923=ORIENTED_EDGE('',*,*,#6123,.F.);
#7924=ORIENTED_EDGE('',*,*,#6146,.F.);
#7925=ORIENTED_EDGE('',*,*,#6147,.F.);
#7926=ORIENTED_EDGE('',*,*,#6148,.T.);
#7927=ORIENTED_EDGE('',*,*,#6124,.F.);
#7928=ORIENTED_EDGE('',*,*,#6148,.F.);
#7929=ORIENTED_EDGE('',*,*,#6149,.F.);
#7930=ORIENTED_EDGE('',*,*,#6150,.T.);
#7931=ORIENTED_EDGE('',*,*,#6125,.F.);
#7932=ORIENTED_EDGE('',*,*,#6150,.F.);
#7933=ORIENTED_EDGE('',*,*,#6151,.F.);
#7934=ORIENTED_EDGE('',*,*,#6134,.F.);
#7935=ORIENTED_EDGE('',*,*,#6126,.F.);
#7936=ORIENTED_EDGE('',*,*,#6152,.T.);
#7937=ORIENTED_EDGE('',*,*,#6153,.F.);
#7938=ORIENTED_EDGE('',*,*,#6154,.T.);
#7939=ORIENTED_EDGE('',*,*,#6127,.F.);
#7940=ORIENTED_EDGE('',*,*,#6154,.F.);
#7941=ORIENTED_EDGE('',*,*,#6155,.F.);
#7942=ORIENTED_EDGE('',*,*,#6156,.T.);
#7943=ORIENTED_EDGE('',*,*,#6128,.F.);
#7944=ORIENTED_EDGE('',*,*,#6156,.F.);
#7945=ORIENTED_EDGE('',*,*,#6157,.F.);
#7946=ORIENTED_EDGE('',*,*,#6158,.T.);
#7947=ORIENTED_EDGE('',*,*,#6129,.F.);
#7948=ORIENTED_EDGE('',*,*,#6158,.F.);
#7949=ORIENTED_EDGE('',*,*,#6159,.F.);
#7950=ORIENTED_EDGE('',*,*,#6160,.T.);
#7951=ORIENTED_EDGE('',*,*,#6130,.F.);
#7952=ORIENTED_EDGE('',*,*,#6160,.F.);
#7953=ORIENTED_EDGE('',*,*,#6161,.F.);
#7954=ORIENTED_EDGE('',*,*,#6162,.T.);
#7955=ORIENTED_EDGE('',*,*,#6131,.F.);
#7956=ORIENTED_EDGE('',*,*,#6162,.F.);
#7957=ORIENTED_EDGE('',*,*,#6163,.F.);
#7958=ORIENTED_EDGE('',*,*,#6164,.T.);
#7959=ORIENTED_EDGE('',*,*,#6132,.F.);
#7960=ORIENTED_EDGE('',*,*,#6164,.F.);
#7961=ORIENTED_EDGE('',*,*,#6165,.F.);
#7962=ORIENTED_EDGE('',*,*,#6166,.T.);
#7963=ORIENTED_EDGE('',*,*,#6133,.F.);
#7964=ORIENTED_EDGE('',*,*,#6166,.F.);
#7965=ORIENTED_EDGE('',*,*,#6167,.F.);
#7966=ORIENTED_EDGE('',*,*,#6152,.F.);
#7967=ORIENTED_EDGE('',*,*,#6151,.T.);
#7968=ORIENTED_EDGE('',*,*,#6149,.T.);
#7969=ORIENTED_EDGE('',*,*,#6147,.T.);
#7970=ORIENTED_EDGE('',*,*,#6145,.T.);
#7971=ORIENTED_EDGE('',*,*,#6143,.T.);
#7972=ORIENTED_EDGE('',*,*,#6141,.T.);
#7973=ORIENTED_EDGE('',*,*,#6139,.T.);
#7974=ORIENTED_EDGE('',*,*,#6137,.T.);
#7975=ORIENTED_EDGE('',*,*,#6135,.T.);
#7976=ORIENTED_EDGE('',*,*,#6167,.T.);
#7977=ORIENTED_EDGE('',*,*,#6165,.T.);
#7978=ORIENTED_EDGE('',*,*,#6163,.T.);
#7979=ORIENTED_EDGE('',*,*,#6161,.T.);
#7980=ORIENTED_EDGE('',*,*,#6159,.T.);
#7981=ORIENTED_EDGE('',*,*,#6157,.T.);
#7982=ORIENTED_EDGE('',*,*,#6155,.T.);
#7983=ORIENTED_EDGE('',*,*,#6153,.T.);
#7984=ORIENTED_EDGE('',*,*,#6168,.T.);
#7985=ORIENTED_EDGE('',*,*,#6169,.T.);
#7986=ORIENTED_EDGE('',*,*,#6170,.T.);
#7987=ORIENTED_EDGE('',*,*,#6171,.T.);
#7988=ORIENTED_EDGE('',*,*,#6172,.T.);
#7989=ORIENTED_EDGE('',*,*,#6173,.T.);
#7990=ORIENTED_EDGE('',*,*,#6174,.T.);
#7991=ORIENTED_EDGE('',*,*,#6175,.T.);
#7992=ORIENTED_EDGE('',*,*,#6176,.T.);
#7993=ORIENTED_EDGE('',*,*,#6177,.T.);
#7994=ORIENTED_EDGE('',*,*,#6178,.T.);
#7995=ORIENTED_EDGE('',*,*,#6179,.T.);
#7996=ORIENTED_EDGE('',*,*,#6180,.T.);
#7997=ORIENTED_EDGE('',*,*,#6181,.T.);
#7998=ORIENTED_EDGE('',*,*,#6182,.T.);
#7999=ORIENTED_EDGE('',*,*,#6183,.T.);
#8000=ORIENTED_EDGE('',*,*,#6168,.F.);
#8001=ORIENTED_EDGE('',*,*,#6184,.T.);
#8002=ORIENTED_EDGE('',*,*,#6185,.F.);
#8003=ORIENTED_EDGE('',*,*,#6186,.T.);
#8004=ORIENTED_EDGE('',*,*,#6169,.F.);
#8005=ORIENTED_EDGE('',*,*,#6186,.F.);
#8006=ORIENTED_EDGE('',*,*,#6187,.F.);
#8007=ORIENTED_EDGE('',*,*,#6188,.T.);
#8008=ORIENTED_EDGE('',*,*,#6170,.F.);
#8009=ORIENTED_EDGE('',*,*,#6188,.F.);
#8010=ORIENTED_EDGE('',*,*,#6189,.F.);
#8011=ORIENTED_EDGE('',*,*,#6190,.T.);
#8012=ORIENTED_EDGE('',*,*,#6171,.F.);
#8013=ORIENTED_EDGE('',*,*,#6190,.F.);
#8014=ORIENTED_EDGE('',*,*,#6191,.F.);
#8015=ORIENTED_EDGE('',*,*,#6192,.T.);
#8016=ORIENTED_EDGE('',*,*,#6172,.F.);
#8017=ORIENTED_EDGE('',*,*,#6192,.F.);
#8018=ORIENTED_EDGE('',*,*,#6193,.F.);
#8019=ORIENTED_EDGE('',*,*,#6194,.T.);
#8020=ORIENTED_EDGE('',*,*,#6173,.F.);
#8021=ORIENTED_EDGE('',*,*,#6194,.F.);
#8022=ORIENTED_EDGE('',*,*,#6195,.F.);
#8023=ORIENTED_EDGE('',*,*,#6196,.T.);
#8024=ORIENTED_EDGE('',*,*,#6174,.F.);
#8025=ORIENTED_EDGE('',*,*,#6196,.F.);
#8026=ORIENTED_EDGE('',*,*,#6197,.F.);
#8027=ORIENTED_EDGE('',*,*,#6198,.T.);
#8028=ORIENTED_EDGE('',*,*,#6175,.F.);
#8029=ORIENTED_EDGE('',*,*,#6198,.F.);
#8030=ORIENTED_EDGE('',*,*,#6199,.F.);
#8031=ORIENTED_EDGE('',*,*,#6184,.F.);
#8032=ORIENTED_EDGE('',*,*,#6176,.F.);
#8033=ORIENTED_EDGE('',*,*,#6200,.T.);
#8034=ORIENTED_EDGE('',*,*,#6201,.F.);
#8035=ORIENTED_EDGE('',*,*,#6202,.T.);
#8036=ORIENTED_EDGE('',*,*,#6177,.F.);
#8037=ORIENTED_EDGE('',*,*,#6202,.F.);
#8038=ORIENTED_EDGE('',*,*,#6203,.F.);
#8039=ORIENTED_EDGE('',*,*,#6204,.T.);
#8040=ORIENTED_EDGE('',*,*,#6178,.F.);
#8041=ORIENTED_EDGE('',*,*,#6204,.F.);
#8042=ORIENTED_EDGE('',*,*,#6205,.F.);
#8043=ORIENTED_EDGE('',*,*,#6206,.T.);
#8044=ORIENTED_EDGE('',*,*,#6179,.F.);
#8045=ORIENTED_EDGE('',*,*,#6206,.F.);
#8046=ORIENTED_EDGE('',*,*,#6207,.F.);
#8047=ORIENTED_EDGE('',*,*,#6200,.F.);
#8048=ORIENTED_EDGE('',*,*,#6180,.F.);
#8049=ORIENTED_EDGE('',*,*,#6208,.T.);
#8050=ORIENTED_EDGE('',*,*,#6209,.F.);
#8051=ORIENTED_EDGE('',*,*,#6210,.T.);
#8052=ORIENTED_EDGE('',*,*,#6181,.F.);
#8053=ORIENTED_EDGE('',*,*,#6210,.F.);
#8054=ORIENTED_EDGE('',*,*,#6211,.F.);
#8055=ORIENTED_EDGE('',*,*,#6212,.T.);
#8056=ORIENTED_EDGE('',*,*,#6182,.F.);
#8057=ORIENTED_EDGE('',*,*,#6212,.F.);
#8058=ORIENTED_EDGE('',*,*,#6213,.F.);
#8059=ORIENTED_EDGE('',*,*,#6214,.T.);
#8060=ORIENTED_EDGE('',*,*,#6183,.F.);
#8061=ORIENTED_EDGE('',*,*,#6214,.F.);
#8062=ORIENTED_EDGE('',*,*,#6215,.F.);
#8063=ORIENTED_EDGE('',*,*,#6208,.F.);
#8064=ORIENTED_EDGE('',*,*,#6199,.T.);
#8065=ORIENTED_EDGE('',*,*,#6197,.T.);
#8066=ORIENTED_EDGE('',*,*,#6195,.T.);
#8067=ORIENTED_EDGE('',*,*,#6193,.T.);
#8068=ORIENTED_EDGE('',*,*,#6191,.T.);
#8069=ORIENTED_EDGE('',*,*,#6189,.T.);
#8070=ORIENTED_EDGE('',*,*,#6187,.T.);
#8071=ORIENTED_EDGE('',*,*,#6185,.T.);
#8072=ORIENTED_EDGE('',*,*,#6207,.T.);
#8073=ORIENTED_EDGE('',*,*,#6205,.T.);
#8074=ORIENTED_EDGE('',*,*,#6203,.T.);
#8075=ORIENTED_EDGE('',*,*,#6201,.T.);
#8076=ORIENTED_EDGE('',*,*,#6215,.T.);
#8077=ORIENTED_EDGE('',*,*,#6213,.T.);
#8078=ORIENTED_EDGE('',*,*,#6211,.T.);
#8079=ORIENTED_EDGE('',*,*,#6209,.T.);
#8080=ORIENTED_EDGE('',*,*,#6216,.T.);
#8081=ORIENTED_EDGE('',*,*,#6217,.T.);
#8082=ORIENTED_EDGE('',*,*,#6218,.T.);
#8083=ORIENTED_EDGE('',*,*,#6219,.T.);
#8084=ORIENTED_EDGE('',*,*,#6220,.T.);
#8085=ORIENTED_EDGE('',*,*,#6221,.T.);
#8086=ORIENTED_EDGE('',*,*,#6222,.T.);
#8087=ORIENTED_EDGE('',*,*,#6223,.T.);
#8088=ORIENTED_EDGE('',*,*,#6224,.T.);
#8089=ORIENTED_EDGE('',*,*,#6225,.T.);
#8090=ORIENTED_EDGE('',*,*,#6216,.F.);
#8091=ORIENTED_EDGE('',*,*,#6226,.T.);
#8092=ORIENTED_EDGE('',*,*,#6227,.F.);
#8093=ORIENTED_EDGE('',*,*,#6228,.T.);
#8094=ORIENTED_EDGE('',*,*,#6217,.F.);
#8095=ORIENTED_EDGE('',*,*,#6228,.F.);
#8096=ORIENTED_EDGE('',*,*,#6229,.F.);
#8097=ORIENTED_EDGE('',*,*,#6230,.T.);
#8098=ORIENTED_EDGE('',*,*,#6218,.F.);
#8099=ORIENTED_EDGE('',*,*,#6230,.F.);
#8100=ORIENTED_EDGE('',*,*,#6231,.F.);
#8101=ORIENTED_EDGE('',*,*,#6232,.T.);
#8102=ORIENTED_EDGE('',*,*,#6219,.F.);
#8103=ORIENTED_EDGE('',*,*,#6232,.F.);
#8104=ORIENTED_EDGE('',*,*,#6233,.F.);
#8105=ORIENTED_EDGE('',*,*,#6234,.T.);
#8106=ORIENTED_EDGE('',*,*,#6220,.F.);
#8107=ORIENTED_EDGE('',*,*,#6234,.F.);
#8108=ORIENTED_EDGE('',*,*,#6235,.F.);
#8109=ORIENTED_EDGE('',*,*,#6236,.T.);
#8110=ORIENTED_EDGE('',*,*,#6221,.F.);
#8111=ORIENTED_EDGE('',*,*,#6236,.F.);
#8112=ORIENTED_EDGE('',*,*,#6237,.F.);
#8113=ORIENTED_EDGE('',*,*,#6238,.T.);
#8114=ORIENTED_EDGE('',*,*,#6222,.F.);
#8115=ORIENTED_EDGE('',*,*,#6238,.F.);
#8116=ORIENTED_EDGE('',*,*,#6239,.F.);
#8117=ORIENTED_EDGE('',*,*,#6240,.T.);
#8118=ORIENTED_EDGE('',*,*,#6223,.F.);
#8119=ORIENTED_EDGE('',*,*,#6240,.F.);
#8120=ORIENTED_EDGE('',*,*,#6241,.F.);
#8121=ORIENTED_EDGE('',*,*,#6242,.T.);
#8122=ORIENTED_EDGE('',*,*,#6224,.F.);
#8123=ORIENTED_EDGE('',*,*,#6242,.F.);
#8124=ORIENTED_EDGE('',*,*,#6243,.F.);
#8125=ORIENTED_EDGE('',*,*,#6244,.T.);
#8126=ORIENTED_EDGE('',*,*,#6225,.F.);
#8127=ORIENTED_EDGE('',*,*,#6244,.F.);
#8128=ORIENTED_EDGE('',*,*,#6245,.F.);
#8129=ORIENTED_EDGE('',*,*,#6226,.F.);
#8130=ORIENTED_EDGE('',*,*,#6245,.T.);
#8131=ORIENTED_EDGE('',*,*,#6243,.T.);
#8132=ORIENTED_EDGE('',*,*,#6241,.T.);
#8133=ORIENTED_EDGE('',*,*,#6239,.T.);
#8134=ORIENTED_EDGE('',*,*,#6237,.T.);
#8135=ORIENTED_EDGE('',*,*,#6235,.T.);
#8136=ORIENTED_EDGE('',*,*,#6233,.T.);
#8137=ORIENTED_EDGE('',*,*,#6231,.T.);
#8138=ORIENTED_EDGE('',*,*,#6229,.T.);
#8139=ORIENTED_EDGE('',*,*,#6227,.T.);
#8140=ORIENTED_EDGE('',*,*,#6246,.T.);
#8141=ORIENTED_EDGE('',*,*,#6247,.T.);
#8142=ORIENTED_EDGE('',*,*,#6248,.T.);
#8143=ORIENTED_EDGE('',*,*,#6249,.T.);
#8144=ORIENTED_EDGE('',*,*,#6250,.T.);
#8145=ORIENTED_EDGE('',*,*,#6251,.T.);
#8146=ORIENTED_EDGE('',*,*,#6252,.T.);
#8147=ORIENTED_EDGE('',*,*,#6253,.T.);
#8148=ORIENTED_EDGE('',*,*,#6254,.T.);
#8149=ORIENTED_EDGE('',*,*,#6255,.T.);
#8150=ORIENTED_EDGE('',*,*,#6256,.T.);
#8151=ORIENTED_EDGE('',*,*,#6257,.T.);
#8152=ORIENTED_EDGE('',*,*,#6258,.T.);
#8153=ORIENTED_EDGE('',*,*,#6259,.T.);
#8154=ORIENTED_EDGE('',*,*,#6260,.T.);
#8155=ORIENTED_EDGE('',*,*,#6261,.T.);
#8156=ORIENTED_EDGE('',*,*,#6262,.T.);
#8157=ORIENTED_EDGE('',*,*,#6263,.T.);
#8158=ORIENTED_EDGE('',*,*,#6264,.T.);
#8159=ORIENTED_EDGE('',*,*,#6265,.T.);
#8160=ORIENTED_EDGE('',*,*,#6266,.T.);
#8161=ORIENTED_EDGE('',*,*,#6267,.T.);
#8162=ORIENTED_EDGE('',*,*,#6268,.T.);
#8163=ORIENTED_EDGE('',*,*,#6246,.F.);
#8164=ORIENTED_EDGE('',*,*,#6269,.T.);
#8165=ORIENTED_EDGE('',*,*,#6270,.F.);
#8166=ORIENTED_EDGE('',*,*,#6271,.T.);
#8167=ORIENTED_EDGE('',*,*,#6247,.F.);
#8168=ORIENTED_EDGE('',*,*,#6271,.F.);
#8169=ORIENTED_EDGE('',*,*,#6272,.F.);
#8170=ORIENTED_EDGE('',*,*,#6273,.T.);
#8171=ORIENTED_EDGE('',*,*,#6248,.F.);
#8172=ORIENTED_EDGE('',*,*,#6273,.F.);
#8173=ORIENTED_EDGE('',*,*,#6274,.F.);
#8174=ORIENTED_EDGE('',*,*,#6275,.T.);
#8175=ORIENTED_EDGE('',*,*,#6249,.F.);
#8176=ORIENTED_EDGE('',*,*,#6275,.F.);
#8177=ORIENTED_EDGE('',*,*,#6276,.F.);
#8178=ORIENTED_EDGE('',*,*,#6277,.T.);
#8179=ORIENTED_EDGE('',*,*,#6250,.F.);
#8180=ORIENTED_EDGE('',*,*,#6277,.F.);
#8181=ORIENTED_EDGE('',*,*,#6278,.F.);
#8182=ORIENTED_EDGE('',*,*,#6279,.T.);
#8183=ORIENTED_EDGE('',*,*,#6251,.F.);
#8184=ORIENTED_EDGE('',*,*,#6279,.F.);
#8185=ORIENTED_EDGE('',*,*,#6280,.F.);
#8186=ORIENTED_EDGE('',*,*,#6281,.T.);
#8187=ORIENTED_EDGE('',*,*,#6252,.F.);
#8188=ORIENTED_EDGE('',*,*,#6281,.F.);
#8189=ORIENTED_EDGE('',*,*,#6282,.F.);
#8190=ORIENTED_EDGE('',*,*,#6283,.T.);
#8191=ORIENTED_EDGE('',*,*,#6253,.F.);
#8192=ORIENTED_EDGE('',*,*,#6283,.F.);
#8193=ORIENTED_EDGE('',*,*,#6284,.F.);
#8194=ORIENTED_EDGE('',*,*,#6285,.T.);
#8195=ORIENTED_EDGE('',*,*,#6254,.F.);
#8196=ORIENTED_EDGE('',*,*,#6285,.F.);
#8197=ORIENTED_EDGE('',*,*,#6286,.F.);
#8198=ORIENTED_EDGE('',*,*,#6287,.T.);
#8199=ORIENTED_EDGE('',*,*,#6255,.F.);
#8200=ORIENTED_EDGE('',*,*,#6287,.F.);
#8201=ORIENTED_EDGE('',*,*,#6288,.F.);
#8202=ORIENTED_EDGE('',*,*,#6289,.T.);
#8203=ORIENTED_EDGE('',*,*,#6256,.F.);
#8204=ORIENTED_EDGE('',*,*,#6289,.F.);
#8205=ORIENTED_EDGE('',*,*,#6290,.F.);
#8206=ORIENTED_EDGE('',*,*,#6291,.T.);
#8207=ORIENTED_EDGE('',*,*,#6257,.F.);
#8208=ORIENTED_EDGE('',*,*,#6291,.F.);
#8209=ORIENTED_EDGE('',*,*,#6292,.F.);
#8210=ORIENTED_EDGE('',*,*,#6293,.T.);
#8211=ORIENTED_EDGE('',*,*,#6258,.F.);
#8212=ORIENTED_EDGE('',*,*,#6293,.F.);
#8213=ORIENTED_EDGE('',*,*,#6294,.F.);
#8214=ORIENTED_EDGE('',*,*,#6295,.T.);
#8215=ORIENTED_EDGE('',*,*,#6259,.F.);
#8216=ORIENTED_EDGE('',*,*,#6295,.F.);
#8217=ORIENTED_EDGE('',*,*,#6296,.F.);
#8218=ORIENTED_EDGE('',*,*,#6297,.T.);
#8219=ORIENTED_EDGE('',*,*,#6260,.F.);
#8220=ORIENTED_EDGE('',*,*,#6297,.F.);
#8221=ORIENTED_EDGE('',*,*,#6298,.F.);
#8222=ORIENTED_EDGE('',*,*,#6269,.F.);
#8223=ORIENTED_EDGE('',*,*,#6261,.F.);
#8224=ORIENTED_EDGE('',*,*,#6299,.T.);
#8225=ORIENTED_EDGE('',*,*,#6300,.F.);
#8226=ORIENTED_EDGE('',*,*,#6301,.T.);
#8227=ORIENTED_EDGE('',*,*,#6262,.F.);
#8228=ORIENTED_EDGE('',*,*,#6301,.F.);
#8229=ORIENTED_EDGE('',*,*,#6302,.F.);
#8230=ORIENTED_EDGE('',*,*,#6303,.T.);
#8231=ORIENTED_EDGE('',*,*,#6263,.F.);
#8232=ORIENTED_EDGE('',*,*,#6303,.F.);
#8233=ORIENTED_EDGE('',*,*,#6304,.F.);
#8234=ORIENTED_EDGE('',*,*,#6305,.T.);
#8235=ORIENTED_EDGE('',*,*,#6264,.F.);
#8236=ORIENTED_EDGE('',*,*,#6305,.F.);
#8237=ORIENTED_EDGE('',*,*,#6306,.F.);
#8238=ORIENTED_EDGE('',*,*,#6307,.T.);
#8239=ORIENTED_EDGE('',*,*,#6265,.F.);
#8240=ORIENTED_EDGE('',*,*,#6307,.F.);
#8241=ORIENTED_EDGE('',*,*,#6308,.F.);
#8242=ORIENTED_EDGE('',*,*,#6309,.T.);
#8243=ORIENTED_EDGE('',*,*,#6266,.F.);
#8244=ORIENTED_EDGE('',*,*,#6309,.F.);
#8245=ORIENTED_EDGE('',*,*,#6310,.F.);
#8246=ORIENTED_EDGE('',*,*,#6311,.T.);
#8247=ORIENTED_EDGE('',*,*,#6267,.F.);
#8248=ORIENTED_EDGE('',*,*,#6311,.F.);
#8249=ORIENTED_EDGE('',*,*,#6312,.F.);
#8250=ORIENTED_EDGE('',*,*,#6313,.T.);
#8251=ORIENTED_EDGE('',*,*,#6268,.F.);
#8252=ORIENTED_EDGE('',*,*,#6313,.F.);
#8253=ORIENTED_EDGE('',*,*,#6314,.F.);
#8254=ORIENTED_EDGE('',*,*,#6299,.F.);
#8255=ORIENTED_EDGE('',*,*,#6298,.T.);
#8256=ORIENTED_EDGE('',*,*,#6296,.T.);
#8257=ORIENTED_EDGE('',*,*,#6294,.T.);
#8258=ORIENTED_EDGE('',*,*,#6292,.T.);
#8259=ORIENTED_EDGE('',*,*,#6290,.T.);
#8260=ORIENTED_EDGE('',*,*,#6288,.T.);
#8261=ORIENTED_EDGE('',*,*,#6286,.T.);
#8262=ORIENTED_EDGE('',*,*,#6284,.T.);
#8263=ORIENTED_EDGE('',*,*,#6282,.T.);
#8264=ORIENTED_EDGE('',*,*,#6280,.T.);
#8265=ORIENTED_EDGE('',*,*,#6278,.T.);
#8266=ORIENTED_EDGE('',*,*,#6276,.T.);
#8267=ORIENTED_EDGE('',*,*,#6274,.T.);
#8268=ORIENTED_EDGE('',*,*,#6272,.T.);
#8269=ORIENTED_EDGE('',*,*,#6270,.T.);
#8270=ORIENTED_EDGE('',*,*,#6314,.T.);
#8271=ORIENTED_EDGE('',*,*,#6312,.T.);
#8272=ORIENTED_EDGE('',*,*,#6310,.T.);
#8273=ORIENTED_EDGE('',*,*,#6308,.T.);
#8274=ORIENTED_EDGE('',*,*,#6306,.T.);
#8275=ORIENTED_EDGE('',*,*,#6304,.T.);
#8276=ORIENTED_EDGE('',*,*,#6302,.T.);
#8277=ORIENTED_EDGE('',*,*,#6300,.T.);
#8278=ORIENTED_EDGE('',*,*,#6315,.T.);
#8279=ORIENTED_EDGE('',*,*,#6316,.T.);
#8280=ORIENTED_EDGE('',*,*,#6317,.T.);
#8281=ORIENTED_EDGE('',*,*,#6318,.T.);
#8282=ORIENTED_EDGE('',*,*,#6319,.T.);
#8283=ORIENTED_EDGE('',*,*,#6320,.T.);
#8284=ORIENTED_EDGE('',*,*,#6321,.T.);
#8285=ORIENTED_EDGE('',*,*,#6322,.T.);
#8286=ORIENTED_EDGE('',*,*,#6315,.F.);
#8287=ORIENTED_EDGE('',*,*,#6323,.T.);
#8288=ORIENTED_EDGE('',*,*,#6324,.F.);
#8289=ORIENTED_EDGE('',*,*,#6325,.T.);
#8290=ORIENTED_EDGE('',*,*,#6316,.F.);
#8291=ORIENTED_EDGE('',*,*,#6325,.F.);
#8292=ORIENTED_EDGE('',*,*,#6326,.F.);
#8293=ORIENTED_EDGE('',*,*,#6327,.T.);
#8294=ORIENTED_EDGE('',*,*,#6317,.F.);
#8295=ORIENTED_EDGE('',*,*,#6327,.F.);
#8296=ORIENTED_EDGE('',*,*,#6328,.F.);
#8297=ORIENTED_EDGE('',*,*,#6329,.T.);
#8298=ORIENTED_EDGE('',*,*,#6318,.F.);
#8299=ORIENTED_EDGE('',*,*,#6329,.F.);
#8300=ORIENTED_EDGE('',*,*,#6330,.F.);
#8301=ORIENTED_EDGE('',*,*,#6331,.T.);
#8302=ORIENTED_EDGE('',*,*,#6319,.F.);
#8303=ORIENTED_EDGE('',*,*,#6331,.F.);
#8304=ORIENTED_EDGE('',*,*,#6332,.F.);
#8305=ORIENTED_EDGE('',*,*,#6333,.T.);
#8306=ORIENTED_EDGE('',*,*,#6320,.F.);
#8307=ORIENTED_EDGE('',*,*,#6333,.F.);
#8308=ORIENTED_EDGE('',*,*,#6334,.F.);
#8309=ORIENTED_EDGE('',*,*,#6335,.T.);
#8310=ORIENTED_EDGE('',*,*,#6321,.F.);
#8311=ORIENTED_EDGE('',*,*,#6335,.F.);
#8312=ORIENTED_EDGE('',*,*,#6336,.F.);
#8313=ORIENTED_EDGE('',*,*,#6337,.T.);
#8314=ORIENTED_EDGE('',*,*,#6322,.F.);
#8315=ORIENTED_EDGE('',*,*,#6337,.F.);
#8316=ORIENTED_EDGE('',*,*,#6338,.F.);
#8317=ORIENTED_EDGE('',*,*,#6323,.F.);
#8318=ORIENTED_EDGE('',*,*,#6338,.T.);
#8319=ORIENTED_EDGE('',*,*,#6336,.T.);
#8320=ORIENTED_EDGE('',*,*,#6334,.T.);
#8321=ORIENTED_EDGE('',*,*,#6332,.T.);
#8322=ORIENTED_EDGE('',*,*,#6330,.T.);
#8323=ORIENTED_EDGE('',*,*,#6328,.T.);
#8324=ORIENTED_EDGE('',*,*,#6326,.T.);
#8325=ORIENTED_EDGE('',*,*,#6324,.T.);
#8326=ORIENTED_EDGE('',*,*,#6339,.T.);
#8327=ORIENTED_EDGE('',*,*,#6340,.T.);
#8328=ORIENTED_EDGE('',*,*,#6341,.T.);
#8329=ORIENTED_EDGE('',*,*,#6342,.T.);
#8330=ORIENTED_EDGE('',*,*,#6343,.T.);
#8331=ORIENTED_EDGE('',*,*,#6344,.T.);
#8332=ORIENTED_EDGE('',*,*,#6345,.T.);
#8333=ORIENTED_EDGE('',*,*,#6346,.T.);
#8334=ORIENTED_EDGE('',*,*,#6347,.T.);
#8335=ORIENTED_EDGE('',*,*,#6348,.T.);
#8336=ORIENTED_EDGE('',*,*,#6339,.F.);
#8337=ORIENTED_EDGE('',*,*,#6349,.T.);
#8338=ORIENTED_EDGE('',*,*,#6350,.F.);
#8339=ORIENTED_EDGE('',*,*,#6351,.T.);
#8340=ORIENTED_EDGE('',*,*,#6340,.F.);
#8341=ORIENTED_EDGE('',*,*,#6351,.F.);
#8342=ORIENTED_EDGE('',*,*,#6352,.F.);
#8343=ORIENTED_EDGE('',*,*,#6353,.T.);
#8344=ORIENTED_EDGE('',*,*,#6341,.F.);
#8345=ORIENTED_EDGE('',*,*,#6353,.F.);
#8346=ORIENTED_EDGE('',*,*,#6354,.F.);
#8347=ORIENTED_EDGE('',*,*,#6355,.T.);
#8348=ORIENTED_EDGE('',*,*,#6342,.F.);
#8349=ORIENTED_EDGE('',*,*,#6355,.F.);
#8350=ORIENTED_EDGE('',*,*,#6356,.F.);
#8351=ORIENTED_EDGE('',*,*,#6357,.T.);
#8352=ORIENTED_EDGE('',*,*,#6343,.F.);
#8353=ORIENTED_EDGE('',*,*,#6357,.F.);
#8354=ORIENTED_EDGE('',*,*,#6358,.F.);
#8355=ORIENTED_EDGE('',*,*,#6359,.T.);
#8356=ORIENTED_EDGE('',*,*,#6344,.F.);
#8357=ORIENTED_EDGE('',*,*,#6359,.F.);
#8358=ORIENTED_EDGE('',*,*,#6360,.F.);
#8359=ORIENTED_EDGE('',*,*,#6361,.T.);
#8360=ORIENTED_EDGE('',*,*,#6345,.F.);
#8361=ORIENTED_EDGE('',*,*,#6361,.F.);
#8362=ORIENTED_EDGE('',*,*,#6362,.F.);
#8363=ORIENTED_EDGE('',*,*,#6363,.T.);
#8364=ORIENTED_EDGE('',*,*,#6346,.F.);
#8365=ORIENTED_EDGE('',*,*,#6363,.F.);
#8366=ORIENTED_EDGE('',*,*,#6364,.F.);
#8367=ORIENTED_EDGE('',*,*,#6365,.T.);
#8368=ORIENTED_EDGE('',*,*,#6347,.F.);
#8369=ORIENTED_EDGE('',*,*,#6365,.F.);
#8370=ORIENTED_EDGE('',*,*,#6366,.F.);
#8371=ORIENTED_EDGE('',*,*,#6367,.T.);
#8372=ORIENTED_EDGE('',*,*,#6348,.F.);
#8373=ORIENTED_EDGE('',*,*,#6367,.F.);
#8374=ORIENTED_EDGE('',*,*,#6368,.F.);
#8375=ORIENTED_EDGE('',*,*,#6349,.F.);
#8376=ORIENTED_EDGE('',*,*,#6368,.T.);
#8377=ORIENTED_EDGE('',*,*,#6366,.T.);
#8378=ORIENTED_EDGE('',*,*,#6364,.T.);
#8379=ORIENTED_EDGE('',*,*,#6362,.T.);
#8380=ORIENTED_EDGE('',*,*,#6360,.T.);
#8381=ORIENTED_EDGE('',*,*,#6358,.T.);
#8382=ORIENTED_EDGE('',*,*,#6356,.T.);
#8383=ORIENTED_EDGE('',*,*,#6354,.T.);
#8384=ORIENTED_EDGE('',*,*,#6352,.T.);
#8385=ORIENTED_EDGE('',*,*,#6350,.T.);
#8386=ORIENTED_EDGE('',*,*,#6369,.T.);
#8387=ORIENTED_EDGE('',*,*,#6370,.T.);
#8388=ORIENTED_EDGE('',*,*,#6371,.T.);
#8389=ORIENTED_EDGE('',*,*,#6372,.T.);
#8390=ORIENTED_EDGE('',*,*,#6369,.F.);
#8391=ORIENTED_EDGE('',*,*,#6373,.T.);
#8392=ORIENTED_EDGE('',*,*,#6374,.F.);
#8393=ORIENTED_EDGE('',*,*,#6375,.T.);
#8394=ORIENTED_EDGE('',*,*,#6370,.F.);
#8395=ORIENTED_EDGE('',*,*,#6375,.F.);
#8396=ORIENTED_EDGE('',*,*,#6376,.F.);
#8397=ORIENTED_EDGE('',*,*,#6377,.T.);
#8398=ORIENTED_EDGE('',*,*,#6371,.F.);
#8399=ORIENTED_EDGE('',*,*,#6377,.F.);
#8400=ORIENTED_EDGE('',*,*,#6378,.F.);
#8401=ORIENTED_EDGE('',*,*,#6379,.T.);
#8402=ORIENTED_EDGE('',*,*,#6372,.F.);
#8403=ORIENTED_EDGE('',*,*,#6379,.F.);
#8404=ORIENTED_EDGE('',*,*,#6380,.F.);
#8405=ORIENTED_EDGE('',*,*,#6373,.F.);
#8406=ORIENTED_EDGE('',*,*,#6380,.T.);
#8407=ORIENTED_EDGE('',*,*,#6378,.T.);
#8408=ORIENTED_EDGE('',*,*,#6376,.T.);
#8409=ORIENTED_EDGE('',*,*,#6374,.T.);
#8410=ORIENTED_EDGE('',*,*,#6381,.T.);
#8411=ORIENTED_EDGE('',*,*,#6382,.T.);
#8412=ORIENTED_EDGE('',*,*,#6383,.T.);
#8413=ORIENTED_EDGE('',*,*,#6384,.T.);
#8414=ORIENTED_EDGE('',*,*,#6385,.T.);
#8415=ORIENTED_EDGE('',*,*,#6386,.T.);
#8416=ORIENTED_EDGE('',*,*,#6387,.T.);
#8417=ORIENTED_EDGE('',*,*,#6388,.T.);
#8418=ORIENTED_EDGE('',*,*,#6389,.T.);
#8419=ORIENTED_EDGE('',*,*,#6390,.T.);
#8420=ORIENTED_EDGE('',*,*,#6381,.F.);
#8421=ORIENTED_EDGE('',*,*,#6391,.T.);
#8422=ORIENTED_EDGE('',*,*,#6392,.F.);
#8423=ORIENTED_EDGE('',*,*,#6393,.T.);
#8424=ORIENTED_EDGE('',*,*,#6382,.F.);
#8425=ORIENTED_EDGE('',*,*,#6393,.F.);
#8426=ORIENTED_EDGE('',*,*,#6394,.F.);
#8427=ORIENTED_EDGE('',*,*,#6395,.T.);
#8428=ORIENTED_EDGE('',*,*,#6383,.F.);
#8429=ORIENTED_EDGE('',*,*,#6395,.F.);
#8430=ORIENTED_EDGE('',*,*,#6396,.F.);
#8431=ORIENTED_EDGE('',*,*,#6397,.T.);
#8432=ORIENTED_EDGE('',*,*,#6384,.F.);
#8433=ORIENTED_EDGE('',*,*,#6397,.F.);
#8434=ORIENTED_EDGE('',*,*,#6398,.F.);
#8435=ORIENTED_EDGE('',*,*,#6399,.T.);
#8436=ORIENTED_EDGE('',*,*,#6385,.F.);
#8437=ORIENTED_EDGE('',*,*,#6399,.F.);
#8438=ORIENTED_EDGE('',*,*,#6400,.F.);
#8439=ORIENTED_EDGE('',*,*,#6401,.T.);
#8440=ORIENTED_EDGE('',*,*,#6386,.F.);
#8441=ORIENTED_EDGE('',*,*,#6401,.F.);
#8442=ORIENTED_EDGE('',*,*,#6402,.F.);
#8443=ORIENTED_EDGE('',*,*,#6403,.T.);
#8444=ORIENTED_EDGE('',*,*,#6387,.F.);
#8445=ORIENTED_EDGE('',*,*,#6403,.F.);
#8446=ORIENTED_EDGE('',*,*,#6404,.F.);
#8447=ORIENTED_EDGE('',*,*,#6405,.T.);
#8448=ORIENTED_EDGE('',*,*,#6388,.F.);
#8449=ORIENTED_EDGE('',*,*,#6405,.F.);
#8450=ORIENTED_EDGE('',*,*,#6406,.F.);
#8451=ORIENTED_EDGE('',*,*,#6407,.T.);
#8452=ORIENTED_EDGE('',*,*,#6389,.F.);
#8453=ORIENTED_EDGE('',*,*,#6407,.F.);
#8454=ORIENTED_EDGE('',*,*,#6408,.F.);
#8455=ORIENTED_EDGE('',*,*,#6409,.T.);
#8456=ORIENTED_EDGE('',*,*,#6390,.F.);
#8457=ORIENTED_EDGE('',*,*,#6409,.F.);
#8458=ORIENTED_EDGE('',*,*,#6410,.F.);
#8459=ORIENTED_EDGE('',*,*,#6391,.F.);
#8460=ORIENTED_EDGE('',*,*,#6410,.T.);
#8461=ORIENTED_EDGE('',*,*,#6408,.T.);
#8462=ORIENTED_EDGE('',*,*,#6406,.T.);
#8463=ORIENTED_EDGE('',*,*,#6404,.T.);
#8464=ORIENTED_EDGE('',*,*,#6402,.T.);
#8465=ORIENTED_EDGE('',*,*,#6400,.T.);
#8466=ORIENTED_EDGE('',*,*,#6398,.T.);
#8467=ORIENTED_EDGE('',*,*,#6396,.T.);
#8468=ORIENTED_EDGE('',*,*,#6394,.T.);
#8469=ORIENTED_EDGE('',*,*,#6392,.T.);
#8470=ORIENTED_EDGE('',*,*,#6411,.T.);
#8471=ORIENTED_EDGE('',*,*,#6412,.T.);
#8472=ORIENTED_EDGE('',*,*,#6413,.T.);
#8473=ORIENTED_EDGE('',*,*,#6414,.T.);
#8474=ORIENTED_EDGE('',*,*,#6415,.T.);
#8475=ORIENTED_EDGE('',*,*,#6416,.T.);
#8476=ORIENTED_EDGE('',*,*,#6417,.T.);
#8477=ORIENTED_EDGE('',*,*,#6418,.T.);
#8478=ORIENTED_EDGE('',*,*,#6419,.T.);
#8479=ORIENTED_EDGE('',*,*,#6420,.T.);
#8480=ORIENTED_EDGE('',*,*,#6421,.T.);
#8481=ORIENTED_EDGE('',*,*,#6422,.T.);
#8482=ORIENTED_EDGE('',*,*,#6423,.T.);
#8483=ORIENTED_EDGE('',*,*,#6411,.F.);
#8484=ORIENTED_EDGE('',*,*,#6424,.T.);
#8485=ORIENTED_EDGE('',*,*,#6425,.F.);
#8486=ORIENTED_EDGE('',*,*,#6426,.T.);
#8487=ORIENTED_EDGE('',*,*,#6412,.F.);
#8488=ORIENTED_EDGE('',*,*,#6426,.F.);
#8489=ORIENTED_EDGE('',*,*,#6427,.F.);
#8490=ORIENTED_EDGE('',*,*,#6428,.T.);
#8491=ORIENTED_EDGE('',*,*,#6413,.F.);
#8492=ORIENTED_EDGE('',*,*,#6428,.F.);
#8493=ORIENTED_EDGE('',*,*,#6429,.F.);
#8494=ORIENTED_EDGE('',*,*,#6430,.T.);
#8495=ORIENTED_EDGE('',*,*,#6414,.F.);
#8496=ORIENTED_EDGE('',*,*,#6430,.F.);
#8497=ORIENTED_EDGE('',*,*,#6431,.F.);
#8498=ORIENTED_EDGE('',*,*,#6432,.T.);
#8499=ORIENTED_EDGE('',*,*,#6415,.F.);
#8500=ORIENTED_EDGE('',*,*,#6432,.F.);
#8501=ORIENTED_EDGE('',*,*,#6433,.F.);
#8502=ORIENTED_EDGE('',*,*,#6434,.T.);
#8503=ORIENTED_EDGE('',*,*,#6416,.F.);
#8504=ORIENTED_EDGE('',*,*,#6434,.F.);
#8505=ORIENTED_EDGE('',*,*,#6435,.F.);
#8506=ORIENTED_EDGE('',*,*,#6436,.T.);
#8507=ORIENTED_EDGE('',*,*,#6417,.F.);
#8508=ORIENTED_EDGE('',*,*,#6436,.F.);
#8509=ORIENTED_EDGE('',*,*,#6437,.F.);
#8510=ORIENTED_EDGE('',*,*,#6438,.T.);
#8511=ORIENTED_EDGE('',*,*,#6418,.F.);
#8512=ORIENTED_EDGE('',*,*,#6438,.F.);
#8513=ORIENTED_EDGE('',*,*,#6439,.F.);
#8514=ORIENTED_EDGE('',*,*,#6440,.T.);
#8515=ORIENTED_EDGE('',*,*,#6419,.F.);
#8516=ORIENTED_EDGE('',*,*,#6440,.F.);
#8517=ORIENTED_EDGE('',*,*,#6441,.F.);
#8518=ORIENTED_EDGE('',*,*,#6442,.T.);
#8519=ORIENTED_EDGE('',*,*,#6420,.F.);
#8520=ORIENTED_EDGE('',*,*,#6442,.F.);
#8521=ORIENTED_EDGE('',*,*,#6443,.F.);
#8522=ORIENTED_EDGE('',*,*,#6444,.T.);
#8523=ORIENTED_EDGE('',*,*,#6421,.F.);
#8524=ORIENTED_EDGE('',*,*,#6444,.F.);
#8525=ORIENTED_EDGE('',*,*,#6445,.F.);
#8526=ORIENTED_EDGE('',*,*,#6446,.T.);
#8527=ORIENTED_EDGE('',*,*,#6422,.F.);
#8528=ORIENTED_EDGE('',*,*,#6446,.F.);
#8529=ORIENTED_EDGE('',*,*,#6447,.F.);
#8530=ORIENTED_EDGE('',*,*,#6448,.T.);
#8531=ORIENTED_EDGE('',*,*,#6423,.F.);
#8532=ORIENTED_EDGE('',*,*,#6448,.F.);
#8533=ORIENTED_EDGE('',*,*,#6449,.F.);
#8534=ORIENTED_EDGE('',*,*,#6424,.F.);
#8535=ORIENTED_EDGE('',*,*,#6449,.T.);
#8536=ORIENTED_EDGE('',*,*,#6447,.T.);
#8537=ORIENTED_EDGE('',*,*,#6445,.T.);
#8538=ORIENTED_EDGE('',*,*,#6443,.T.);
#8539=ORIENTED_EDGE('',*,*,#6441,.T.);
#8540=ORIENTED_EDGE('',*,*,#6439,.T.);
#8541=ORIENTED_EDGE('',*,*,#6437,.T.);
#8542=ORIENTED_EDGE('',*,*,#6435,.T.);
#8543=ORIENTED_EDGE('',*,*,#6433,.T.);
#8544=ORIENTED_EDGE('',*,*,#6431,.T.);
#8545=ORIENTED_EDGE('',*,*,#6429,.T.);
#8546=ORIENTED_EDGE('',*,*,#6427,.T.);
#8547=ORIENTED_EDGE('',*,*,#6425,.T.);
#8548=ORIENTED_EDGE('',*,*,#6450,.T.);
#8549=ORIENTED_EDGE('',*,*,#6451,.T.);
#8550=ORIENTED_EDGE('',*,*,#6452,.T.);
#8551=ORIENTED_EDGE('',*,*,#6453,.T.);
#8552=ORIENTED_EDGE('',*,*,#6454,.T.);
#8553=ORIENTED_EDGE('',*,*,#6455,.T.);
#8554=ORIENTED_EDGE('',*,*,#6456,.T.);
#8555=ORIENTED_EDGE('',*,*,#6457,.T.);
#8556=ORIENTED_EDGE('',*,*,#6458,.T.);
#8557=ORIENTED_EDGE('',*,*,#6459,.T.);
#8558=ORIENTED_EDGE('',*,*,#6460,.T.);
#8559=ORIENTED_EDGE('',*,*,#6461,.T.);
#8560=ORIENTED_EDGE('',*,*,#6462,.T.);
#8561=ORIENTED_EDGE('',*,*,#6463,.T.);
#8562=ORIENTED_EDGE('',*,*,#6464,.T.);
#8563=ORIENTED_EDGE('',*,*,#6465,.T.);
#8564=ORIENTED_EDGE('',*,*,#6466,.T.);
#8565=ORIENTED_EDGE('',*,*,#6450,.F.);
#8566=ORIENTED_EDGE('',*,*,#6467,.T.);
#8567=ORIENTED_EDGE('',*,*,#6468,.F.);
#8568=ORIENTED_EDGE('',*,*,#6469,.T.);
#8569=ORIENTED_EDGE('',*,*,#6451,.F.);
#8570=ORIENTED_EDGE('',*,*,#6469,.F.);
#8571=ORIENTED_EDGE('',*,*,#6470,.F.);
#8572=ORIENTED_EDGE('',*,*,#6471,.T.);
#8573=ORIENTED_EDGE('',*,*,#6452,.F.);
#8574=ORIENTED_EDGE('',*,*,#6471,.F.);
#8575=ORIENTED_EDGE('',*,*,#6472,.F.);
#8576=ORIENTED_EDGE('',*,*,#6473,.T.);
#8577=ORIENTED_EDGE('',*,*,#6453,.F.);
#8578=ORIENTED_EDGE('',*,*,#6473,.F.);
#8579=ORIENTED_EDGE('',*,*,#6474,.F.);
#8580=ORIENTED_EDGE('',*,*,#6475,.T.);
#8581=ORIENTED_EDGE('',*,*,#6454,.F.);
#8582=ORIENTED_EDGE('',*,*,#6475,.F.);
#8583=ORIENTED_EDGE('',*,*,#6476,.F.);
#8584=ORIENTED_EDGE('',*,*,#6477,.T.);
#8585=ORIENTED_EDGE('',*,*,#6455,.F.);
#8586=ORIENTED_EDGE('',*,*,#6477,.F.);
#8587=ORIENTED_EDGE('',*,*,#6478,.F.);
#8588=ORIENTED_EDGE('',*,*,#6479,.T.);
#8589=ORIENTED_EDGE('',*,*,#6456,.F.);
#8590=ORIENTED_EDGE('',*,*,#6479,.F.);
#8591=ORIENTED_EDGE('',*,*,#6480,.F.);
#8592=ORIENTED_EDGE('',*,*,#6481,.T.);
#8593=ORIENTED_EDGE('',*,*,#6457,.F.);
#8594=ORIENTED_EDGE('',*,*,#6481,.F.);
#8595=ORIENTED_EDGE('',*,*,#6482,.F.);
#8596=ORIENTED_EDGE('',*,*,#6483,.T.);
#8597=ORIENTED_EDGE('',*,*,#6458,.F.);
#8598=ORIENTED_EDGE('',*,*,#6483,.F.);
#8599=ORIENTED_EDGE('',*,*,#6484,.F.);
#8600=ORIENTED_EDGE('',*,*,#6485,.T.);
#8601=ORIENTED_EDGE('',*,*,#6459,.F.);
#8602=ORIENTED_EDGE('',*,*,#6485,.F.);
#8603=ORIENTED_EDGE('',*,*,#6486,.F.);
#8604=ORIENTED_EDGE('',*,*,#6487,.T.);
#8605=ORIENTED_EDGE('',*,*,#6460,.F.);
#8606=ORIENTED_EDGE('',*,*,#6487,.F.);
#8607=ORIENTED_EDGE('',*,*,#6488,.F.);
#8608=ORIENTED_EDGE('',*,*,#6489,.T.);
#8609=ORIENTED_EDGE('',*,*,#6461,.F.);
#8610=ORIENTED_EDGE('',*,*,#6489,.F.);
#8611=ORIENTED_EDGE('',*,*,#6490,.F.);
#8612=ORIENTED_EDGE('',*,*,#6491,.T.);
#8613=ORIENTED_EDGE('',*,*,#6462,.F.);
#8614=ORIENTED_EDGE('',*,*,#6491,.F.);
#8615=ORIENTED_EDGE('',*,*,#6492,.F.);
#8616=ORIENTED_EDGE('',*,*,#6493,.T.);
#8617=ORIENTED_EDGE('',*,*,#6463,.F.);
#8618=ORIENTED_EDGE('',*,*,#6493,.F.);
#8619=ORIENTED_EDGE('',*,*,#6494,.F.);
#8620=ORIENTED_EDGE('',*,*,#6495,.T.);
#8621=ORIENTED_EDGE('',*,*,#6464,.F.);
#8622=ORIENTED_EDGE('',*,*,#6495,.F.);
#8623=ORIENTED_EDGE('',*,*,#6496,.F.);
#8624=ORIENTED_EDGE('',*,*,#6497,.T.);
#8625=ORIENTED_EDGE('',*,*,#6465,.F.);
#8626=ORIENTED_EDGE('',*,*,#6497,.F.);
#8627=ORIENTED_EDGE('',*,*,#6498,.F.);
#8628=ORIENTED_EDGE('',*,*,#6499,.T.);
#8629=ORIENTED_EDGE('',*,*,#6466,.F.);
#8630=ORIENTED_EDGE('',*,*,#6499,.F.);
#8631=ORIENTED_EDGE('',*,*,#6500,.F.);
#8632=ORIENTED_EDGE('',*,*,#6467,.F.);
#8633=ORIENTED_EDGE('',*,*,#6500,.T.);
#8634=ORIENTED_EDGE('',*,*,#6498,.T.);
#8635=ORIENTED_EDGE('',*,*,#6496,.T.);
#8636=ORIENTED_EDGE('',*,*,#6494,.T.);
#8637=ORIENTED_EDGE('',*,*,#6492,.T.);
#8638=ORIENTED_EDGE('',*,*,#6490,.T.);
#8639=ORIENTED_EDGE('',*,*,#6488,.T.);
#8640=ORIENTED_EDGE('',*,*,#6486,.T.);
#8641=ORIENTED_EDGE('',*,*,#6484,.T.);
#8642=ORIENTED_EDGE('',*,*,#6482,.T.);
#8643=ORIENTED_EDGE('',*,*,#6480,.T.);
#8644=ORIENTED_EDGE('',*,*,#6478,.T.);
#8645=ORIENTED_EDGE('',*,*,#6476,.T.);
#8646=ORIENTED_EDGE('',*,*,#6474,.T.);
#8647=ORIENTED_EDGE('',*,*,#6472,.T.);
#8648=ORIENTED_EDGE('',*,*,#6470,.T.);
#8649=ORIENTED_EDGE('',*,*,#6468,.T.);
#8650=ORIENTED_EDGE('',*,*,#6501,.T.);
#8651=ORIENTED_EDGE('',*,*,#6502,.T.);
#8652=ORIENTED_EDGE('',*,*,#6503,.T.);
#8653=ORIENTED_EDGE('',*,*,#6504,.T.);
#8654=ORIENTED_EDGE('',*,*,#6505,.T.);
#8655=ORIENTED_EDGE('',*,*,#6506,.T.);
#8656=ORIENTED_EDGE('',*,*,#6507,.T.);
#8657=ORIENTED_EDGE('',*,*,#6508,.T.);
#8658=ORIENTED_EDGE('',*,*,#6509,.T.);
#8659=ORIENTED_EDGE('',*,*,#6510,.T.);
#8660=ORIENTED_EDGE('',*,*,#6511,.T.);
#8661=ORIENTED_EDGE('',*,*,#6512,.T.);
#8662=ORIENTED_EDGE('',*,*,#6513,.T.);
#8663=ORIENTED_EDGE('',*,*,#6514,.T.);
#8664=ORIENTED_EDGE('',*,*,#6515,.T.);
#8665=ORIENTED_EDGE('',*,*,#6516,.T.);
#8666=ORIENTED_EDGE('',*,*,#6517,.T.);
#8667=ORIENTED_EDGE('',*,*,#6518,.T.);
#8668=ORIENTED_EDGE('',*,*,#6519,.T.);
#8669=ORIENTED_EDGE('',*,*,#6501,.F.);
#8670=ORIENTED_EDGE('',*,*,#6520,.T.);
#8671=ORIENTED_EDGE('',*,*,#6521,.F.);
#8672=ORIENTED_EDGE('',*,*,#6522,.T.);
#8673=ORIENTED_EDGE('',*,*,#6502,.F.);
#8674=ORIENTED_EDGE('',*,*,#6522,.F.);
#8675=ORIENTED_EDGE('',*,*,#6523,.F.);
#8676=ORIENTED_EDGE('',*,*,#6524,.T.);
#8677=ORIENTED_EDGE('',*,*,#6503,.F.);
#8678=ORIENTED_EDGE('',*,*,#6524,.F.);
#8679=ORIENTED_EDGE('',*,*,#6525,.F.);
#8680=ORIENTED_EDGE('',*,*,#6526,.T.);
#8681=ORIENTED_EDGE('',*,*,#6504,.F.);
#8682=ORIENTED_EDGE('',*,*,#6526,.F.);
#8683=ORIENTED_EDGE('',*,*,#6527,.F.);
#8684=ORIENTED_EDGE('',*,*,#6528,.T.);
#8685=ORIENTED_EDGE('',*,*,#6505,.F.);
#8686=ORIENTED_EDGE('',*,*,#6528,.F.);
#8687=ORIENTED_EDGE('',*,*,#6529,.F.);
#8688=ORIENTED_EDGE('',*,*,#6530,.T.);
#8689=ORIENTED_EDGE('',*,*,#6506,.F.);
#8690=ORIENTED_EDGE('',*,*,#6530,.F.);
#8691=ORIENTED_EDGE('',*,*,#6531,.F.);
#8692=ORIENTED_EDGE('',*,*,#6532,.T.);
#8693=ORIENTED_EDGE('',*,*,#6507,.F.);
#8694=ORIENTED_EDGE('',*,*,#6532,.F.);
#8695=ORIENTED_EDGE('',*,*,#6533,.F.);
#8696=ORIENTED_EDGE('',*,*,#6534,.T.);
#8697=ORIENTED_EDGE('',*,*,#6508,.F.);
#8698=ORIENTED_EDGE('',*,*,#6534,.F.);
#8699=ORIENTED_EDGE('',*,*,#6535,.F.);
#8700=ORIENTED_EDGE('',*,*,#6536,.T.);
#8701=ORIENTED_EDGE('',*,*,#6509,.F.);
#8702=ORIENTED_EDGE('',*,*,#6536,.F.);
#8703=ORIENTED_EDGE('',*,*,#6537,.F.);
#8704=ORIENTED_EDGE('',*,*,#6538,.T.);
#8705=ORIENTED_EDGE('',*,*,#6510,.F.);
#8706=ORIENTED_EDGE('',*,*,#6538,.F.);
#8707=ORIENTED_EDGE('',*,*,#6539,.F.);
#8708=ORIENTED_EDGE('',*,*,#6540,.T.);
#8709=ORIENTED_EDGE('',*,*,#6511,.F.);
#8710=ORIENTED_EDGE('',*,*,#6540,.F.);
#8711=ORIENTED_EDGE('',*,*,#6541,.F.);
#8712=ORIENTED_EDGE('',*,*,#6542,.T.);
#8713=ORIENTED_EDGE('',*,*,#6512,.F.);
#8714=ORIENTED_EDGE('',*,*,#6542,.F.);
#8715=ORIENTED_EDGE('',*,*,#6543,.F.);
#8716=ORIENTED_EDGE('',*,*,#6544,.T.);
#8717=ORIENTED_EDGE('',*,*,#6513,.F.);
#8718=ORIENTED_EDGE('',*,*,#6544,.F.);
#8719=ORIENTED_EDGE('',*,*,#6545,.F.);
#8720=ORIENTED_EDGE('',*,*,#6546,.T.);
#8721=ORIENTED_EDGE('',*,*,#6514,.F.);
#8722=ORIENTED_EDGE('',*,*,#6546,.F.);
#8723=ORIENTED_EDGE('',*,*,#6547,.F.);
#8724=ORIENTED_EDGE('',*,*,#6520,.F.);
#8725=ORIENTED_EDGE('',*,*,#6515,.F.);
#8726=ORIENTED_EDGE('',*,*,#6548,.T.);
#8727=ORIENTED_EDGE('',*,*,#6549,.F.);
#8728=ORIENTED_EDGE('',*,*,#6550,.T.);
#8729=ORIENTED_EDGE('',*,*,#6516,.F.);
#8730=ORIENTED_EDGE('',*,*,#6550,.F.);
#8731=ORIENTED_EDGE('',*,*,#6551,.F.);
#8732=ORIENTED_EDGE('',*,*,#6552,.T.);
#8733=ORIENTED_EDGE('',*,*,#6517,.F.);
#8734=ORIENTED_EDGE('',*,*,#6552,.F.);
#8735=ORIENTED_EDGE('',*,*,#6553,.F.);
#8736=ORIENTED_EDGE('',*,*,#6554,.T.);
#8737=ORIENTED_EDGE('',*,*,#6518,.F.);
#8738=ORIENTED_EDGE('',*,*,#6554,.F.);
#8739=ORIENTED_EDGE('',*,*,#6555,.F.);
#8740=ORIENTED_EDGE('',*,*,#6556,.T.);
#8741=ORIENTED_EDGE('',*,*,#6519,.F.);
#8742=ORIENTED_EDGE('',*,*,#6556,.F.);
#8743=ORIENTED_EDGE('',*,*,#6557,.F.);
#8744=ORIENTED_EDGE('',*,*,#6548,.F.);
#8745=ORIENTED_EDGE('',*,*,#6547,.T.);
#8746=ORIENTED_EDGE('',*,*,#6545,.T.);
#8747=ORIENTED_EDGE('',*,*,#6543,.T.);
#8748=ORIENTED_EDGE('',*,*,#6541,.T.);
#8749=ORIENTED_EDGE('',*,*,#6539,.T.);
#8750=ORIENTED_EDGE('',*,*,#6537,.T.);
#8751=ORIENTED_EDGE('',*,*,#6535,.T.);
#8752=ORIENTED_EDGE('',*,*,#6533,.T.);
#8753=ORIENTED_EDGE('',*,*,#6531,.T.);
#8754=ORIENTED_EDGE('',*,*,#6529,.T.);
#8755=ORIENTED_EDGE('',*,*,#6527,.T.);
#8756=ORIENTED_EDGE('',*,*,#6525,.T.);
#8757=ORIENTED_EDGE('',*,*,#6523,.T.);
#8758=ORIENTED_EDGE('',*,*,#6521,.T.);
#8759=ORIENTED_EDGE('',*,*,#6557,.T.);
#8760=ORIENTED_EDGE('',*,*,#6555,.T.);
#8761=ORIENTED_EDGE('',*,*,#6553,.T.);
#8762=ORIENTED_EDGE('',*,*,#6551,.T.);
#8763=ORIENTED_EDGE('',*,*,#6549,.T.);
#8764=ORIENTED_EDGE('',*,*,#6558,.T.);
#8765=ORIENTED_EDGE('',*,*,#6559,.T.);
#8766=ORIENTED_EDGE('',*,*,#6560,.T.);
#8767=ORIENTED_EDGE('',*,*,#6561,.T.);
#8768=ORIENTED_EDGE('',*,*,#6562,.T.);
#8769=ORIENTED_EDGE('',*,*,#6563,.T.);
#8770=ORIENTED_EDGE('',*,*,#6564,.T.);
#8771=ORIENTED_EDGE('',*,*,#6565,.T.);
#8772=ORIENTED_EDGE('',*,*,#6566,.T.);
#8773=ORIENTED_EDGE('',*,*,#6567,.T.);
#8774=ORIENTED_EDGE('',*,*,#6568,.T.);
#8775=ORIENTED_EDGE('',*,*,#6569,.T.);
#8776=ORIENTED_EDGE('',*,*,#6570,.T.);
#8777=ORIENTED_EDGE('',*,*,#6571,.T.);
#8778=ORIENTED_EDGE('',*,*,#6558,.F.);
#8779=ORIENTED_EDGE('',*,*,#6572,.T.);
#8780=ORIENTED_EDGE('',*,*,#6573,.F.);
#8781=ORIENTED_EDGE('',*,*,#6574,.T.);
#8782=ORIENTED_EDGE('',*,*,#6559,.F.);
#8783=ORIENTED_EDGE('',*,*,#6574,.F.);
#8784=ORIENTED_EDGE('',*,*,#6575,.F.);
#8785=ORIENTED_EDGE('',*,*,#6576,.T.);
#8786=ORIENTED_EDGE('',*,*,#6560,.F.);
#8787=ORIENTED_EDGE('',*,*,#6576,.F.);
#8788=ORIENTED_EDGE('',*,*,#6577,.F.);
#8789=ORIENTED_EDGE('',*,*,#6578,.T.);
#8790=ORIENTED_EDGE('',*,*,#6561,.F.);
#8791=ORIENTED_EDGE('',*,*,#6578,.F.);
#8792=ORIENTED_EDGE('',*,*,#6579,.F.);
#8793=ORIENTED_EDGE('',*,*,#6580,.T.);
#8794=ORIENTED_EDGE('',*,*,#6562,.F.);
#8795=ORIENTED_EDGE('',*,*,#6580,.F.);
#8796=ORIENTED_EDGE('',*,*,#6581,.F.);
#8797=ORIENTED_EDGE('',*,*,#6582,.T.);
#8798=ORIENTED_EDGE('',*,*,#6563,.F.);
#8799=ORIENTED_EDGE('',*,*,#6582,.F.);
#8800=ORIENTED_EDGE('',*,*,#6583,.F.);
#8801=ORIENTED_EDGE('',*,*,#6584,.T.);
#8802=ORIENTED_EDGE('',*,*,#6564,.F.);
#8803=ORIENTED_EDGE('',*,*,#6584,.F.);
#8804=ORIENTED_EDGE('',*,*,#6585,.F.);
#8805=ORIENTED_EDGE('',*,*,#6586,.T.);
#8806=ORIENTED_EDGE('',*,*,#6565,.F.);
#8807=ORIENTED_EDGE('',*,*,#6586,.F.);
#8808=ORIENTED_EDGE('',*,*,#6587,.F.);
#8809=ORIENTED_EDGE('',*,*,#6588,.T.);
#8810=ORIENTED_EDGE('',*,*,#6566,.F.);
#8811=ORIENTED_EDGE('',*,*,#6588,.F.);
#8812=ORIENTED_EDGE('',*,*,#6589,.F.);
#8813=ORIENTED_EDGE('',*,*,#6590,.T.);
#8814=ORIENTED_EDGE('',*,*,#6567,.F.);
#8815=ORIENTED_EDGE('',*,*,#6590,.F.);
#8816=ORIENTED_EDGE('',*,*,#6591,.F.);
#8817=ORIENTED_EDGE('',*,*,#6592,.T.);
#8818=ORIENTED_EDGE('',*,*,#6568,.F.);
#8819=ORIENTED_EDGE('',*,*,#6592,.F.);
#8820=ORIENTED_EDGE('',*,*,#6593,.F.);
#8821=ORIENTED_EDGE('',*,*,#6594,.T.);
#8822=ORIENTED_EDGE('',*,*,#6569,.F.);
#8823=ORIENTED_EDGE('',*,*,#6594,.F.);
#8824=ORIENTED_EDGE('',*,*,#6595,.F.);
#8825=ORIENTED_EDGE('',*,*,#6596,.T.);
#8826=ORIENTED_EDGE('',*,*,#6570,.F.);
#8827=ORIENTED_EDGE('',*,*,#6596,.F.);
#8828=ORIENTED_EDGE('',*,*,#6597,.F.);
#8829=ORIENTED_EDGE('',*,*,#6598,.T.);
#8830=ORIENTED_EDGE('',*,*,#6571,.F.);
#8831=ORIENTED_EDGE('',*,*,#6598,.F.);
#8832=ORIENTED_EDGE('',*,*,#6599,.F.);
#8833=ORIENTED_EDGE('',*,*,#6572,.F.);
#8834=ORIENTED_EDGE('',*,*,#6599,.T.);
#8835=ORIENTED_EDGE('',*,*,#6597,.T.);
#8836=ORIENTED_EDGE('',*,*,#6595,.T.);
#8837=ORIENTED_EDGE('',*,*,#6593,.T.);
#8838=ORIENTED_EDGE('',*,*,#6591,.T.);
#8839=ORIENTED_EDGE('',*,*,#6589,.T.);
#8840=ORIENTED_EDGE('',*,*,#6587,.T.);
#8841=ORIENTED_EDGE('',*,*,#6585,.T.);
#8842=ORIENTED_EDGE('',*,*,#6583,.T.);
#8843=ORIENTED_EDGE('',*,*,#6581,.T.);
#8844=ORIENTED_EDGE('',*,*,#6579,.T.);
#8845=ORIENTED_EDGE('',*,*,#6577,.T.);
#8846=ORIENTED_EDGE('',*,*,#6575,.T.);
#8847=ORIENTED_EDGE('',*,*,#6573,.T.);
#8848=ORIENTED_EDGE('',*,*,#6600,.T.);
#8849=ORIENTED_EDGE('',*,*,#6601,.T.);
#8850=ORIENTED_EDGE('',*,*,#6602,.T.);
#8851=ORIENTED_EDGE('',*,*,#6603,.T.);
#8852=ORIENTED_EDGE('',*,*,#6604,.T.);
#8853=ORIENTED_EDGE('',*,*,#6605,.T.);
#8854=ORIENTED_EDGE('',*,*,#6606,.T.);
#8855=ORIENTED_EDGE('',*,*,#6607,.T.);
#8856=ORIENTED_EDGE('',*,*,#6608,.T.);
#8857=ORIENTED_EDGE('',*,*,#6609,.T.);
#8858=ORIENTED_EDGE('',*,*,#6600,.F.);
#8859=ORIENTED_EDGE('',*,*,#6610,.T.);
#8860=ORIENTED_EDGE('',*,*,#6611,.F.);
#8861=ORIENTED_EDGE('',*,*,#6612,.T.);
#8862=ORIENTED_EDGE('',*,*,#6601,.F.);
#8863=ORIENTED_EDGE('',*,*,#6612,.F.);
#8864=ORIENTED_EDGE('',*,*,#6613,.F.);
#8865=ORIENTED_EDGE('',*,*,#6614,.T.);
#8866=ORIENTED_EDGE('',*,*,#6602,.F.);
#8867=ORIENTED_EDGE('',*,*,#6614,.F.);
#8868=ORIENTED_EDGE('',*,*,#6615,.F.);
#8869=ORIENTED_EDGE('',*,*,#6616,.T.);
#8870=ORIENTED_EDGE('',*,*,#6603,.F.);
#8871=ORIENTED_EDGE('',*,*,#6616,.F.);
#8872=ORIENTED_EDGE('',*,*,#6617,.F.);
#8873=ORIENTED_EDGE('',*,*,#6618,.T.);
#8874=ORIENTED_EDGE('',*,*,#6604,.F.);
#8875=ORIENTED_EDGE('',*,*,#6618,.F.);
#8876=ORIENTED_EDGE('',*,*,#6619,.F.);
#8877=ORIENTED_EDGE('',*,*,#6620,.T.);
#8878=ORIENTED_EDGE('',*,*,#6605,.F.);
#8879=ORIENTED_EDGE('',*,*,#6620,.F.);
#8880=ORIENTED_EDGE('',*,*,#6621,.F.);
#8881=ORIENTED_EDGE('',*,*,#6622,.T.);
#8882=ORIENTED_EDGE('',*,*,#6606,.F.);
#8883=ORIENTED_EDGE('',*,*,#6622,.F.);
#8884=ORIENTED_EDGE('',*,*,#6623,.F.);
#8885=ORIENTED_EDGE('',*,*,#6624,.T.);
#8886=ORIENTED_EDGE('',*,*,#6607,.F.);
#8887=ORIENTED_EDGE('',*,*,#6624,.F.);
#8888=ORIENTED_EDGE('',*,*,#6625,.F.);
#8889=ORIENTED_EDGE('',*,*,#6626,.T.);
#8890=ORIENTED_EDGE('',*,*,#6608,.F.);
#8891=ORIENTED_EDGE('',*,*,#6626,.F.);
#8892=ORIENTED_EDGE('',*,*,#6627,.F.);
#8893=ORIENTED_EDGE('',*,*,#6628,.T.);
#8894=ORIENTED_EDGE('',*,*,#6609,.F.);
#8895=ORIENTED_EDGE('',*,*,#6628,.F.);
#8896=ORIENTED_EDGE('',*,*,#6629,.F.);
#8897=ORIENTED_EDGE('',*,*,#6610,.F.);
#8898=ORIENTED_EDGE('',*,*,#6629,.T.);
#8899=ORIENTED_EDGE('',*,*,#6627,.T.);
#8900=ORIENTED_EDGE('',*,*,#6625,.T.);
#8901=ORIENTED_EDGE('',*,*,#6623,.T.);
#8902=ORIENTED_EDGE('',*,*,#6621,.T.);
#8903=ORIENTED_EDGE('',*,*,#6619,.T.);
#8904=ORIENTED_EDGE('',*,*,#6617,.T.);
#8905=ORIENTED_EDGE('',*,*,#6615,.T.);
#8906=ORIENTED_EDGE('',*,*,#6613,.T.);
#8907=ORIENTED_EDGE('',*,*,#6611,.T.);
#8908=ORIENTED_EDGE('',*,*,#6630,.T.);
#8909=ORIENTED_EDGE('',*,*,#6631,.T.);
#8910=ORIENTED_EDGE('',*,*,#6632,.T.);
#8911=ORIENTED_EDGE('',*,*,#6633,.T.);
#8912=ORIENTED_EDGE('',*,*,#6634,.T.);
#8913=ORIENTED_EDGE('',*,*,#6635,.T.);
#8914=ORIENTED_EDGE('',*,*,#6636,.T.);
#8915=ORIENTED_EDGE('',*,*,#6637,.T.);
#8916=ORIENTED_EDGE('',*,*,#6638,.T.);
#8917=ORIENTED_EDGE('',*,*,#6639,.T.);
#8918=ORIENTED_EDGE('',*,*,#6640,.T.);
#8919=ORIENTED_EDGE('',*,*,#6641,.T.);
#8920=ORIENTED_EDGE('',*,*,#6642,.T.);
#8921=ORIENTED_EDGE('',*,*,#6643,.T.);
#8922=ORIENTED_EDGE('',*,*,#6644,.T.);
#8923=ORIENTED_EDGE('',*,*,#6645,.T.);
#8924=ORIENTED_EDGE('',*,*,#6646,.T.);
#8925=ORIENTED_EDGE('',*,*,#6647,.T.);
#8926=ORIENTED_EDGE('',*,*,#6648,.T.);
#8927=ORIENTED_EDGE('',*,*,#6649,.T.);
#8928=ORIENTED_EDGE('',*,*,#6650,.T.);
#8929=ORIENTED_EDGE('',*,*,#6651,.T.);
#8930=ORIENTED_EDGE('',*,*,#6652,.T.);
#8931=ORIENTED_EDGE('',*,*,#6630,.F.);
#8932=ORIENTED_EDGE('',*,*,#6653,.T.);
#8933=ORIENTED_EDGE('',*,*,#6654,.F.);
#8934=ORIENTED_EDGE('',*,*,#6655,.T.);
#8935=ORIENTED_EDGE('',*,*,#6631,.F.);
#8936=ORIENTED_EDGE('',*,*,#6655,.F.);
#8937=ORIENTED_EDGE('',*,*,#6656,.F.);
#8938=ORIENTED_EDGE('',*,*,#6657,.T.);
#8939=ORIENTED_EDGE('',*,*,#6632,.F.);
#8940=ORIENTED_EDGE('',*,*,#6657,.F.);
#8941=ORIENTED_EDGE('',*,*,#6658,.F.);
#8942=ORIENTED_EDGE('',*,*,#6659,.T.);
#8943=ORIENTED_EDGE('',*,*,#6633,.F.);
#8944=ORIENTED_EDGE('',*,*,#6659,.F.);
#8945=ORIENTED_EDGE('',*,*,#6660,.F.);
#8946=ORIENTED_EDGE('',*,*,#6661,.T.);
#8947=ORIENTED_EDGE('',*,*,#6634,.F.);
#8948=ORIENTED_EDGE('',*,*,#6661,.F.);
#8949=ORIENTED_EDGE('',*,*,#6662,.F.);
#8950=ORIENTED_EDGE('',*,*,#6663,.T.);
#8951=ORIENTED_EDGE('',*,*,#6635,.F.);
#8952=ORIENTED_EDGE('',*,*,#6663,.F.);
#8953=ORIENTED_EDGE('',*,*,#6664,.F.);
#8954=ORIENTED_EDGE('',*,*,#6665,.T.);
#8955=ORIENTED_EDGE('',*,*,#6636,.F.);
#8956=ORIENTED_EDGE('',*,*,#6665,.F.);
#8957=ORIENTED_EDGE('',*,*,#6666,.F.);
#8958=ORIENTED_EDGE('',*,*,#6667,.T.);
#8959=ORIENTED_EDGE('',*,*,#6637,.F.);
#8960=ORIENTED_EDGE('',*,*,#6667,.F.);
#8961=ORIENTED_EDGE('',*,*,#6668,.F.);
#8962=ORIENTED_EDGE('',*,*,#6669,.T.);
#8963=ORIENTED_EDGE('',*,*,#6638,.F.);
#8964=ORIENTED_EDGE('',*,*,#6669,.F.);
#8965=ORIENTED_EDGE('',*,*,#6670,.F.);
#8966=ORIENTED_EDGE('',*,*,#6671,.T.);
#8967=ORIENTED_EDGE('',*,*,#6639,.F.);
#8968=ORIENTED_EDGE('',*,*,#6671,.F.);
#8969=ORIENTED_EDGE('',*,*,#6672,.F.);
#8970=ORIENTED_EDGE('',*,*,#6673,.T.);
#8971=ORIENTED_EDGE('',*,*,#6640,.F.);
#8972=ORIENTED_EDGE('',*,*,#6673,.F.);
#8973=ORIENTED_EDGE('',*,*,#6674,.F.);
#8974=ORIENTED_EDGE('',*,*,#6675,.T.);
#8975=ORIENTED_EDGE('',*,*,#6641,.F.);
#8976=ORIENTED_EDGE('',*,*,#6675,.F.);
#8977=ORIENTED_EDGE('',*,*,#6676,.F.);
#8978=ORIENTED_EDGE('',*,*,#6677,.T.);
#8979=ORIENTED_EDGE('',*,*,#6642,.F.);
#8980=ORIENTED_EDGE('',*,*,#6677,.F.);
#8981=ORIENTED_EDGE('',*,*,#6678,.F.);
#8982=ORIENTED_EDGE('',*,*,#6679,.T.);
#8983=ORIENTED_EDGE('',*,*,#6643,.F.);
#8984=ORIENTED_EDGE('',*,*,#6679,.F.);
#8985=ORIENTED_EDGE('',*,*,#6680,.F.);
#8986=ORIENTED_EDGE('',*,*,#6681,.T.);
#8987=ORIENTED_EDGE('',*,*,#6644,.F.);
#8988=ORIENTED_EDGE('',*,*,#6681,.F.);
#8989=ORIENTED_EDGE('',*,*,#6682,.F.);
#8990=ORIENTED_EDGE('',*,*,#6653,.F.);
#8991=ORIENTED_EDGE('',*,*,#6645,.F.);
#8992=ORIENTED_EDGE('',*,*,#6683,.T.);
#8993=ORIENTED_EDGE('',*,*,#6684,.F.);
#8994=ORIENTED_EDGE('',*,*,#6685,.T.);
#8995=ORIENTED_EDGE('',*,*,#6646,.F.);
#8996=ORIENTED_EDGE('',*,*,#6685,.F.);
#8997=ORIENTED_EDGE('',*,*,#6686,.F.);
#8998=ORIENTED_EDGE('',*,*,#6687,.T.);
#8999=ORIENTED_EDGE('',*,*,#6647,.F.);
#9000=ORIENTED_EDGE('',*,*,#6687,.F.);
#9001=ORIENTED_EDGE('',*,*,#6688,.F.);
#9002=ORIENTED_EDGE('',*,*,#6689,.T.);
#9003=ORIENTED_EDGE('',*,*,#6648,.F.);
#9004=ORIENTED_EDGE('',*,*,#6689,.F.);
#9005=ORIENTED_EDGE('',*,*,#6690,.F.);
#9006=ORIENTED_EDGE('',*,*,#6691,.T.);
#9007=ORIENTED_EDGE('',*,*,#6649,.F.);
#9008=ORIENTED_EDGE('',*,*,#6691,.F.);
#9009=ORIENTED_EDGE('',*,*,#6692,.F.);
#9010=ORIENTED_EDGE('',*,*,#6693,.T.);
#9011=ORIENTED_EDGE('',*,*,#6650,.F.);
#9012=ORIENTED_EDGE('',*,*,#6693,.F.);
#9013=ORIENTED_EDGE('',*,*,#6694,.F.);
#9014=ORIENTED_EDGE('',*,*,#6695,.T.);
#9015=ORIENTED_EDGE('',*,*,#6651,.F.);
#9016=ORIENTED_EDGE('',*,*,#6695,.F.);
#9017=ORIENTED_EDGE('',*,*,#6696,.F.);
#9018=ORIENTED_EDGE('',*,*,#6697,.T.);
#9019=ORIENTED_EDGE('',*,*,#6652,.F.);
#9020=ORIENTED_EDGE('',*,*,#6697,.F.);
#9021=ORIENTED_EDGE('',*,*,#6698,.F.);
#9022=ORIENTED_EDGE('',*,*,#6683,.F.);
#9023=ORIENTED_EDGE('',*,*,#6682,.T.);
#9024=ORIENTED_EDGE('',*,*,#6680,.T.);
#9025=ORIENTED_EDGE('',*,*,#6678,.T.);
#9026=ORIENTED_EDGE('',*,*,#6676,.T.);
#9027=ORIENTED_EDGE('',*,*,#6674,.T.);
#9028=ORIENTED_EDGE('',*,*,#6672,.T.);
#9029=ORIENTED_EDGE('',*,*,#6670,.T.);
#9030=ORIENTED_EDGE('',*,*,#6668,.T.);
#9031=ORIENTED_EDGE('',*,*,#6666,.T.);
#9032=ORIENTED_EDGE('',*,*,#6664,.T.);
#9033=ORIENTED_EDGE('',*,*,#6662,.T.);
#9034=ORIENTED_EDGE('',*,*,#6660,.T.);
#9035=ORIENTED_EDGE('',*,*,#6658,.T.);
#9036=ORIENTED_EDGE('',*,*,#6656,.T.);
#9037=ORIENTED_EDGE('',*,*,#6654,.T.);
#9038=ORIENTED_EDGE('',*,*,#6698,.T.);
#9039=ORIENTED_EDGE('',*,*,#6696,.T.);
#9040=ORIENTED_EDGE('',*,*,#6694,.T.);
#9041=ORIENTED_EDGE('',*,*,#6692,.T.);
#9042=ORIENTED_EDGE('',*,*,#6690,.T.);
#9043=ORIENTED_EDGE('',*,*,#6688,.T.);
#9044=ORIENTED_EDGE('',*,*,#6686,.T.);
#9045=ORIENTED_EDGE('',*,*,#6684,.T.);
#9046=ORIENTED_EDGE('',*,*,#6699,.T.);
#9047=ORIENTED_EDGE('',*,*,#6700,.T.);
#9048=ORIENTED_EDGE('',*,*,#6701,.T.);
#9049=ORIENTED_EDGE('',*,*,#6702,.T.);
#9050=ORIENTED_EDGE('',*,*,#6703,.T.);
#9051=ORIENTED_EDGE('',*,*,#6704,.T.);
#9052=ORIENTED_EDGE('',*,*,#6705,.T.);
#9053=ORIENTED_EDGE('',*,*,#6706,.T.);
#9054=ORIENTED_EDGE('',*,*,#6699,.F.);
#9055=ORIENTED_EDGE('',*,*,#6707,.T.);
#9056=ORIENTED_EDGE('',*,*,#6708,.F.);
#9057=ORIENTED_EDGE('',*,*,#6709,.T.);
#9058=ORIENTED_EDGE('',*,*,#6700,.F.);
#9059=ORIENTED_EDGE('',*,*,#6709,.F.);
#9060=ORIENTED_EDGE('',*,*,#6710,.F.);
#9061=ORIENTED_EDGE('',*,*,#6711,.T.);
#9062=ORIENTED_EDGE('',*,*,#6701,.F.);
#9063=ORIENTED_EDGE('',*,*,#6711,.F.);
#9064=ORIENTED_EDGE('',*,*,#6712,.F.);
#9065=ORIENTED_EDGE('',*,*,#6713,.T.);
#9066=ORIENTED_EDGE('',*,*,#6702,.F.);
#9067=ORIENTED_EDGE('',*,*,#6713,.F.);
#9068=ORIENTED_EDGE('',*,*,#6714,.F.);
#9069=ORIENTED_EDGE('',*,*,#6715,.T.);
#9070=ORIENTED_EDGE('',*,*,#6703,.F.);
#9071=ORIENTED_EDGE('',*,*,#6715,.F.);
#9072=ORIENTED_EDGE('',*,*,#6716,.F.);
#9073=ORIENTED_EDGE('',*,*,#6717,.T.);
#9074=ORIENTED_EDGE('',*,*,#6704,.F.);
#9075=ORIENTED_EDGE('',*,*,#6717,.F.);
#9076=ORIENTED_EDGE('',*,*,#6718,.F.);
#9077=ORIENTED_EDGE('',*,*,#6719,.T.);
#9078=ORIENTED_EDGE('',*,*,#6705,.F.);
#9079=ORIENTED_EDGE('',*,*,#6719,.F.);
#9080=ORIENTED_EDGE('',*,*,#6720,.F.);
#9081=ORIENTED_EDGE('',*,*,#6721,.T.);
#9082=ORIENTED_EDGE('',*,*,#6706,.F.);
#9083=ORIENTED_EDGE('',*,*,#6721,.F.);
#9084=ORIENTED_EDGE('',*,*,#6722,.F.);
#9085=ORIENTED_EDGE('',*,*,#6707,.F.);
#9086=ORIENTED_EDGE('',*,*,#6722,.T.);
#9087=ORIENTED_EDGE('',*,*,#6720,.T.);
#9088=ORIENTED_EDGE('',*,*,#6718,.T.);
#9089=ORIENTED_EDGE('',*,*,#6716,.T.);
#9090=ORIENTED_EDGE('',*,*,#6714,.T.);
#9091=ORIENTED_EDGE('',*,*,#6712,.T.);
#9092=ORIENTED_EDGE('',*,*,#6710,.T.);
#9093=ORIENTED_EDGE('',*,*,#6708,.T.);
#9094=ORIENTED_EDGE('',*,*,#6723,.T.);
#9095=ORIENTED_EDGE('',*,*,#6724,.T.);
#9096=ORIENTED_EDGE('',*,*,#6725,.T.);
#9097=ORIENTED_EDGE('',*,*,#6726,.T.);
#9098=ORIENTED_EDGE('',*,*,#6727,.T.);
#9099=ORIENTED_EDGE('',*,*,#6728,.T.);
#9100=ORIENTED_EDGE('',*,*,#6729,.T.);
#9101=ORIENTED_EDGE('',*,*,#6730,.T.);
#9102=ORIENTED_EDGE('',*,*,#6731,.T.);
#9103=ORIENTED_EDGE('',*,*,#6732,.T.);
#9104=ORIENTED_EDGE('',*,*,#6733,.T.);
#9105=ORIENTED_EDGE('',*,*,#6734,.T.);
#9106=ORIENTED_EDGE('',*,*,#6735,.T.);
#9107=ORIENTED_EDGE('',*,*,#6723,.F.);
#9108=ORIENTED_EDGE('',*,*,#6736,.T.);
#9109=ORIENTED_EDGE('',*,*,#6737,.F.);
#9110=ORIENTED_EDGE('',*,*,#6738,.T.);
#9111=ORIENTED_EDGE('',*,*,#6724,.F.);
#9112=ORIENTED_EDGE('',*,*,#6738,.F.);
#9113=ORIENTED_EDGE('',*,*,#6739,.F.);
#9114=ORIENTED_EDGE('',*,*,#6740,.T.);
#9115=ORIENTED_EDGE('',*,*,#6725,.F.);
#9116=ORIENTED_EDGE('',*,*,#6740,.F.);
#9117=ORIENTED_EDGE('',*,*,#6741,.F.);
#9118=ORIENTED_EDGE('',*,*,#6742,.T.);
#9119=ORIENTED_EDGE('',*,*,#6726,.F.);
#9120=ORIENTED_EDGE('',*,*,#6742,.F.);
#9121=ORIENTED_EDGE('',*,*,#6743,.F.);
#9122=ORIENTED_EDGE('',*,*,#6744,.T.);
#9123=ORIENTED_EDGE('',*,*,#6727,.F.);
#9124=ORIENTED_EDGE('',*,*,#6744,.F.);
#9125=ORIENTED_EDGE('',*,*,#6745,.F.);
#9126=ORIENTED_EDGE('',*,*,#6746,.T.);
#9127=ORIENTED_EDGE('',*,*,#6728,.F.);
#9128=ORIENTED_EDGE('',*,*,#6746,.F.);
#9129=ORIENTED_EDGE('',*,*,#6747,.F.);
#9130=ORIENTED_EDGE('',*,*,#6748,.T.);
#9131=ORIENTED_EDGE('',*,*,#6729,.F.);
#9132=ORIENTED_EDGE('',*,*,#6748,.F.);
#9133=ORIENTED_EDGE('',*,*,#6749,.F.);
#9134=ORIENTED_EDGE('',*,*,#6750,.T.);
#9135=ORIENTED_EDGE('',*,*,#6730,.F.);
#9136=ORIENTED_EDGE('',*,*,#6750,.F.);
#9137=ORIENTED_EDGE('',*,*,#6751,.F.);
#9138=ORIENTED_EDGE('',*,*,#6752,.T.);
#9139=ORIENTED_EDGE('',*,*,#6731,.F.);
#9140=ORIENTED_EDGE('',*,*,#6752,.F.);
#9141=ORIENTED_EDGE('',*,*,#6753,.F.);
#9142=ORIENTED_EDGE('',*,*,#6754,.T.);
#9143=ORIENTED_EDGE('',*,*,#6732,.F.);
#9144=ORIENTED_EDGE('',*,*,#6754,.F.);
#9145=ORIENTED_EDGE('',*,*,#6755,.F.);
#9146=ORIENTED_EDGE('',*,*,#6756,.T.);
#9147=ORIENTED_EDGE('',*,*,#6733,.F.);
#9148=ORIENTED_EDGE('',*,*,#6756,.F.);
#9149=ORIENTED_EDGE('',*,*,#6757,.F.);
#9150=ORIENTED_EDGE('',*,*,#6758,.T.);
#9151=ORIENTED_EDGE('',*,*,#6734,.F.);
#9152=ORIENTED_EDGE('',*,*,#6758,.F.);
#9153=ORIENTED_EDGE('',*,*,#6759,.F.);
#9154=ORIENTED_EDGE('',*,*,#6760,.T.);
#9155=ORIENTED_EDGE('',*,*,#6735,.F.);
#9156=ORIENTED_EDGE('',*,*,#6760,.F.);
#9157=ORIENTED_EDGE('',*,*,#6761,.F.);
#9158=ORIENTED_EDGE('',*,*,#6736,.F.);
#9159=ORIENTED_EDGE('',*,*,#6761,.T.);
#9160=ORIENTED_EDGE('',*,*,#6759,.T.);
#9161=ORIENTED_EDGE('',*,*,#6757,.T.);
#9162=ORIENTED_EDGE('',*,*,#6755,.T.);
#9163=ORIENTED_EDGE('',*,*,#6753,.T.);
#9164=ORIENTED_EDGE('',*,*,#6751,.T.);
#9165=ORIENTED_EDGE('',*,*,#6749,.T.);
#9166=ORIENTED_EDGE('',*,*,#6747,.T.);
#9167=ORIENTED_EDGE('',*,*,#6745,.T.);
#9168=ORIENTED_EDGE('',*,*,#6743,.T.);
#9169=ORIENTED_EDGE('',*,*,#6741,.T.);
#9170=ORIENTED_EDGE('',*,*,#6739,.T.);
#9171=ORIENTED_EDGE('',*,*,#6737,.T.);
#9172=ORIENTED_EDGE('',*,*,#6762,.T.);
#9173=ORIENTED_EDGE('',*,*,#6763,.T.);
#9174=ORIENTED_EDGE('',*,*,#6764,.T.);
#9175=ORIENTED_EDGE('',*,*,#6765,.T.);
#9176=ORIENTED_EDGE('',*,*,#6766,.T.);
#9177=ORIENTED_EDGE('',*,*,#6767,.T.);
#9178=ORIENTED_EDGE('',*,*,#6768,.T.);
#9179=ORIENTED_EDGE('',*,*,#6769,.T.);
#9180=ORIENTED_EDGE('',*,*,#6770,.T.);
#9181=ORIENTED_EDGE('',*,*,#6771,.T.);
#9182=ORIENTED_EDGE('',*,*,#6772,.T.);
#9183=ORIENTED_EDGE('',*,*,#6773,.T.);
#9184=ORIENTED_EDGE('',*,*,#6774,.T.);
#9185=ORIENTED_EDGE('',*,*,#6775,.T.);
#9186=ORIENTED_EDGE('',*,*,#6776,.T.);
#9187=ORIENTED_EDGE('',*,*,#6777,.T.);
#9188=ORIENTED_EDGE('',*,*,#6778,.T.);
#9189=ORIENTED_EDGE('',*,*,#6779,.T.);
#9190=ORIENTED_EDGE('',*,*,#6780,.T.);
#9191=ORIENTED_EDGE('',*,*,#6762,.F.);
#9192=ORIENTED_EDGE('',*,*,#6781,.T.);
#9193=ORIENTED_EDGE('',*,*,#6782,.F.);
#9194=ORIENTED_EDGE('',*,*,#6783,.T.);
#9195=ORIENTED_EDGE('',*,*,#6763,.F.);
#9196=ORIENTED_EDGE('',*,*,#6783,.F.);
#9197=ORIENTED_EDGE('',*,*,#6784,.F.);
#9198=ORIENTED_EDGE('',*,*,#6785,.T.);
#9199=ORIENTED_EDGE('',*,*,#6764,.F.);
#9200=ORIENTED_EDGE('',*,*,#6785,.F.);
#9201=ORIENTED_EDGE('',*,*,#6786,.F.);
#9202=ORIENTED_EDGE('',*,*,#6787,.T.);
#9203=ORIENTED_EDGE('',*,*,#6765,.F.);
#9204=ORIENTED_EDGE('',*,*,#6787,.F.);
#9205=ORIENTED_EDGE('',*,*,#6788,.F.);
#9206=ORIENTED_EDGE('',*,*,#6789,.T.);
#9207=ORIENTED_EDGE('',*,*,#6766,.F.);
#9208=ORIENTED_EDGE('',*,*,#6789,.F.);
#9209=ORIENTED_EDGE('',*,*,#6790,.F.);
#9210=ORIENTED_EDGE('',*,*,#6791,.T.);
#9211=ORIENTED_EDGE('',*,*,#6767,.F.);
#9212=ORIENTED_EDGE('',*,*,#6791,.F.);
#9213=ORIENTED_EDGE('',*,*,#6792,.F.);
#9214=ORIENTED_EDGE('',*,*,#6793,.T.);
#9215=ORIENTED_EDGE('',*,*,#6768,.F.);
#9216=ORIENTED_EDGE('',*,*,#6793,.F.);
#9217=ORIENTED_EDGE('',*,*,#6794,.F.);
#9218=ORIENTED_EDGE('',*,*,#6795,.T.);
#9219=ORIENTED_EDGE('',*,*,#6769,.F.);
#9220=ORIENTED_EDGE('',*,*,#6795,.F.);
#9221=ORIENTED_EDGE('',*,*,#6796,.F.);
#9222=ORIENTED_EDGE('',*,*,#6797,.T.);
#9223=ORIENTED_EDGE('',*,*,#6770,.F.);
#9224=ORIENTED_EDGE('',*,*,#6797,.F.);
#9225=ORIENTED_EDGE('',*,*,#6798,.F.);
#9226=ORIENTED_EDGE('',*,*,#6799,.T.);
#9227=ORIENTED_EDGE('',*,*,#6771,.F.);
#9228=ORIENTED_EDGE('',*,*,#6799,.F.);
#9229=ORIENTED_EDGE('',*,*,#6800,.F.);
#9230=ORIENTED_EDGE('',*,*,#6801,.T.);
#9231=ORIENTED_EDGE('',*,*,#6772,.F.);
#9232=ORIENTED_EDGE('',*,*,#6801,.F.);
#9233=ORIENTED_EDGE('',*,*,#6802,.F.);
#9234=ORIENTED_EDGE('',*,*,#6803,.T.);
#9235=ORIENTED_EDGE('',*,*,#6773,.F.);
#9236=ORIENTED_EDGE('',*,*,#6803,.F.);
#9237=ORIENTED_EDGE('',*,*,#6804,.F.);
#9238=ORIENTED_EDGE('',*,*,#6805,.T.);
#9239=ORIENTED_EDGE('',*,*,#6774,.F.);
#9240=ORIENTED_EDGE('',*,*,#6805,.F.);
#9241=ORIENTED_EDGE('',*,*,#6806,.F.);
#9242=ORIENTED_EDGE('',*,*,#6807,.T.);
#9243=ORIENTED_EDGE('',*,*,#6775,.F.);
#9244=ORIENTED_EDGE('',*,*,#6807,.F.);
#9245=ORIENTED_EDGE('',*,*,#6808,.F.);
#9246=ORIENTED_EDGE('',*,*,#6781,.F.);
#9247=ORIENTED_EDGE('',*,*,#6776,.F.);
#9248=ORIENTED_EDGE('',*,*,#6809,.T.);
#9249=ORIENTED_EDGE('',*,*,#6810,.F.);
#9250=ORIENTED_EDGE('',*,*,#6811,.T.);
#9251=ORIENTED_EDGE('',*,*,#6777,.F.);
#9252=ORIENTED_EDGE('',*,*,#6811,.F.);
#9253=ORIENTED_EDGE('',*,*,#6812,.F.);
#9254=ORIENTED_EDGE('',*,*,#6813,.T.);
#9255=ORIENTED_EDGE('',*,*,#6778,.F.);
#9256=ORIENTED_EDGE('',*,*,#6813,.F.);
#9257=ORIENTED_EDGE('',*,*,#6814,.F.);
#9258=ORIENTED_EDGE('',*,*,#6815,.T.);
#9259=ORIENTED_EDGE('',*,*,#6779,.F.);
#9260=ORIENTED_EDGE('',*,*,#6815,.F.);
#9261=ORIENTED_EDGE('',*,*,#6816,.F.);
#9262=ORIENTED_EDGE('',*,*,#6817,.T.);
#9263=ORIENTED_EDGE('',*,*,#6780,.F.);
#9264=ORIENTED_EDGE('',*,*,#6817,.F.);
#9265=ORIENTED_EDGE('',*,*,#6818,.F.);
#9266=ORIENTED_EDGE('',*,*,#6809,.F.);
#9267=ORIENTED_EDGE('',*,*,#6808,.T.);
#9268=ORIENTED_EDGE('',*,*,#6806,.T.);
#9269=ORIENTED_EDGE('',*,*,#6804,.T.);
#9270=ORIENTED_EDGE('',*,*,#6802,.T.);
#9271=ORIENTED_EDGE('',*,*,#6800,.T.);
#9272=ORIENTED_EDGE('',*,*,#6798,.T.);
#9273=ORIENTED_EDGE('',*,*,#6796,.T.);
#9274=ORIENTED_EDGE('',*,*,#6794,.T.);
#9275=ORIENTED_EDGE('',*,*,#6792,.T.);
#9276=ORIENTED_EDGE('',*,*,#6790,.T.);
#9277=ORIENTED_EDGE('',*,*,#6788,.T.);
#9278=ORIENTED_EDGE('',*,*,#6786,.T.);
#9279=ORIENTED_EDGE('',*,*,#6784,.T.);
#9280=ORIENTED_EDGE('',*,*,#6782,.T.);
#9281=ORIENTED_EDGE('',*,*,#6818,.T.);
#9282=ORIENTED_EDGE('',*,*,#6816,.T.);
#9283=ORIENTED_EDGE('',*,*,#6814,.T.);
#9284=ORIENTED_EDGE('',*,*,#6812,.T.);
#9285=ORIENTED_EDGE('',*,*,#6810,.T.);
#9286=ORIENTED_EDGE('',*,*,#6819,.T.);
#9287=ORIENTED_EDGE('',*,*,#6820,.T.);
#9288=ORIENTED_EDGE('',*,*,#6821,.T.);
#9289=ORIENTED_EDGE('',*,*,#6822,.T.);
#9290=ORIENTED_EDGE('',*,*,#6823,.T.);
#9291=ORIENTED_EDGE('',*,*,#6824,.T.);
#9292=ORIENTED_EDGE('',*,*,#6825,.T.);
#9293=ORIENTED_EDGE('',*,*,#6826,.T.);
#9294=ORIENTED_EDGE('',*,*,#6827,.T.);
#9295=ORIENTED_EDGE('',*,*,#6828,.T.);
#9296=ORIENTED_EDGE('',*,*,#6819,.F.);
#9297=ORIENTED_EDGE('',*,*,#6829,.T.);
#9298=ORIENTED_EDGE('',*,*,#6830,.F.);
#9299=ORIENTED_EDGE('',*,*,#6831,.T.);
#9300=ORIENTED_EDGE('',*,*,#6820,.F.);
#9301=ORIENTED_EDGE('',*,*,#6831,.F.);
#9302=ORIENTED_EDGE('',*,*,#6832,.F.);
#9303=ORIENTED_EDGE('',*,*,#6833,.T.);
#9304=ORIENTED_EDGE('',*,*,#6821,.F.);
#9305=ORIENTED_EDGE('',*,*,#6833,.F.);
#9306=ORIENTED_EDGE('',*,*,#6834,.F.);
#9307=ORIENTED_EDGE('',*,*,#6835,.T.);
#9308=ORIENTED_EDGE('',*,*,#6822,.F.);
#9309=ORIENTED_EDGE('',*,*,#6835,.F.);
#9310=ORIENTED_EDGE('',*,*,#6836,.F.);
#9311=ORIENTED_EDGE('',*,*,#6837,.T.);
#9312=ORIENTED_EDGE('',*,*,#6823,.F.);
#9313=ORIENTED_EDGE('',*,*,#6837,.F.);
#9314=ORIENTED_EDGE('',*,*,#6838,.F.);
#9315=ORIENTED_EDGE('',*,*,#6839,.T.);
#9316=ORIENTED_EDGE('',*,*,#6824,.F.);
#9317=ORIENTED_EDGE('',*,*,#6839,.F.);
#9318=ORIENTED_EDGE('',*,*,#6840,.F.);
#9319=ORIENTED_EDGE('',*,*,#6841,.T.);
#9320=ORIENTED_EDGE('',*,*,#6825,.F.);
#9321=ORIENTED_EDGE('',*,*,#6841,.F.);
#9322=ORIENTED_EDGE('',*,*,#6842,.F.);
#9323=ORIENTED_EDGE('',*,*,#6843,.T.);
#9324=ORIENTED_EDGE('',*,*,#6826,.F.);
#9325=ORIENTED_EDGE('',*,*,#6843,.F.);
#9326=ORIENTED_EDGE('',*,*,#6844,.F.);
#9327=ORIENTED_EDGE('',*,*,#6845,.T.);
#9328=ORIENTED_EDGE('',*,*,#6827,.F.);
#9329=ORIENTED_EDGE('',*,*,#6845,.F.);
#9330=ORIENTED_EDGE('',*,*,#6846,.F.);
#9331=ORIENTED_EDGE('',*,*,#6847,.T.);
#9332=ORIENTED_EDGE('',*,*,#6828,.F.);
#9333=ORIENTED_EDGE('',*,*,#6847,.F.);
#9334=ORIENTED_EDGE('',*,*,#6848,.F.);
#9335=ORIENTED_EDGE('',*,*,#6829,.F.);
#9336=ORIENTED_EDGE('',*,*,#6848,.T.);
#9337=ORIENTED_EDGE('',*,*,#6846,.T.);
#9338=ORIENTED_EDGE('',*,*,#6844,.T.);
#9339=ORIENTED_EDGE('',*,*,#6842,.T.);
#9340=ORIENTED_EDGE('',*,*,#6840,.T.);
#9341=ORIENTED_EDGE('',*,*,#6838,.T.);
#9342=ORIENTED_EDGE('',*,*,#6836,.T.);
#9343=ORIENTED_EDGE('',*,*,#6834,.T.);
#9344=ORIENTED_EDGE('',*,*,#6832,.T.);
#9345=ORIENTED_EDGE('',*,*,#6830,.T.);
#9346=ORIENTED_EDGE('',*,*,#6849,.T.);
#9347=ORIENTED_EDGE('',*,*,#6850,.T.);
#9348=ORIENTED_EDGE('',*,*,#6851,.T.);
#9349=ORIENTED_EDGE('',*,*,#6852,.T.);
#9350=ORIENTED_EDGE('',*,*,#6853,.T.);
#9351=ORIENTED_EDGE('',*,*,#6854,.T.);
#9352=ORIENTED_EDGE('',*,*,#6855,.T.);
#9353=ORIENTED_EDGE('',*,*,#6856,.T.);
#9354=ORIENTED_EDGE('',*,*,#6857,.T.);
#9355=ORIENTED_EDGE('',*,*,#6858,.T.);
#9356=ORIENTED_EDGE('',*,*,#6859,.T.);
#9357=ORIENTED_EDGE('',*,*,#6860,.T.);
#9358=ORIENTED_EDGE('',*,*,#6861,.T.);
#9359=ORIENTED_EDGE('',*,*,#6862,.T.);
#9360=ORIENTED_EDGE('',*,*,#6863,.T.);
#9361=ORIENTED_EDGE('',*,*,#6864,.T.);
#9362=ORIENTED_EDGE('',*,*,#6865,.T.);
#9363=ORIENTED_EDGE('',*,*,#6866,.T.);
#9364=ORIENTED_EDGE('',*,*,#6867,.T.);
#9365=ORIENTED_EDGE('',*,*,#6849,.F.);
#9366=ORIENTED_EDGE('',*,*,#6868,.T.);
#9367=ORIENTED_EDGE('',*,*,#6869,.F.);
#9368=ORIENTED_EDGE('',*,*,#6870,.T.);
#9369=ORIENTED_EDGE('',*,*,#6850,.F.);
#9370=ORIENTED_EDGE('',*,*,#6870,.F.);
#9371=ORIENTED_EDGE('',*,*,#6871,.F.);
#9372=ORIENTED_EDGE('',*,*,#6872,.T.);
#9373=ORIENTED_EDGE('',*,*,#6851,.F.);
#9374=ORIENTED_EDGE('',*,*,#6872,.F.);
#9375=ORIENTED_EDGE('',*,*,#6873,.F.);
#9376=ORIENTED_EDGE('',*,*,#6874,.T.);
#9377=ORIENTED_EDGE('',*,*,#6852,.F.);
#9378=ORIENTED_EDGE('',*,*,#6874,.F.);
#9379=ORIENTED_EDGE('',*,*,#6875,.F.);
#9380=ORIENTED_EDGE('',*,*,#6876,.T.);
#9381=ORIENTED_EDGE('',*,*,#6853,.F.);
#9382=ORIENTED_EDGE('',*,*,#6876,.F.);
#9383=ORIENTED_EDGE('',*,*,#6877,.F.);
#9384=ORIENTED_EDGE('',*,*,#6878,.T.);
#9385=ORIENTED_EDGE('',*,*,#6854,.F.);
#9386=ORIENTED_EDGE('',*,*,#6878,.F.);
#9387=ORIENTED_EDGE('',*,*,#6879,.F.);
#9388=ORIENTED_EDGE('',*,*,#6880,.T.);
#9389=ORIENTED_EDGE('',*,*,#6855,.F.);
#9390=ORIENTED_EDGE('',*,*,#6880,.F.);
#9391=ORIENTED_EDGE('',*,*,#6881,.F.);
#9392=ORIENTED_EDGE('',*,*,#6882,.T.);
#9393=ORIENTED_EDGE('',*,*,#6856,.F.);
#9394=ORIENTED_EDGE('',*,*,#6882,.F.);
#9395=ORIENTED_EDGE('',*,*,#6883,.F.);
#9396=ORIENTED_EDGE('',*,*,#6884,.T.);
#9397=ORIENTED_EDGE('',*,*,#6857,.F.);
#9398=ORIENTED_EDGE('',*,*,#6884,.F.);
#9399=ORIENTED_EDGE('',*,*,#6885,.F.);
#9400=ORIENTED_EDGE('',*,*,#6886,.T.);
#9401=ORIENTED_EDGE('',*,*,#6858,.F.);
#9402=ORIENTED_EDGE('',*,*,#6886,.F.);
#9403=ORIENTED_EDGE('',*,*,#6887,.F.);
#9404=ORIENTED_EDGE('',*,*,#6888,.T.);
#9405=ORIENTED_EDGE('',*,*,#6859,.F.);
#9406=ORIENTED_EDGE('',*,*,#6888,.F.);
#9407=ORIENTED_EDGE('',*,*,#6889,.F.);
#9408=ORIENTED_EDGE('',*,*,#6890,.T.);
#9409=ORIENTED_EDGE('',*,*,#6860,.F.);
#9410=ORIENTED_EDGE('',*,*,#6890,.F.);
#9411=ORIENTED_EDGE('',*,*,#6891,.F.);
#9412=ORIENTED_EDGE('',*,*,#6892,.T.);
#9413=ORIENTED_EDGE('',*,*,#6861,.F.);
#9414=ORIENTED_EDGE('',*,*,#6892,.F.);
#9415=ORIENTED_EDGE('',*,*,#6893,.F.);
#9416=ORIENTED_EDGE('',*,*,#6894,.T.);
#9417=ORIENTED_EDGE('',*,*,#6862,.F.);
#9418=ORIENTED_EDGE('',*,*,#6894,.F.);
#9419=ORIENTED_EDGE('',*,*,#6895,.F.);
#9420=ORIENTED_EDGE('',*,*,#6896,.T.);
#9421=ORIENTED_EDGE('',*,*,#6863,.F.);
#9422=ORIENTED_EDGE('',*,*,#6896,.F.);
#9423=ORIENTED_EDGE('',*,*,#6897,.F.);
#9424=ORIENTED_EDGE('',*,*,#6898,.T.);
#9425=ORIENTED_EDGE('',*,*,#6864,.F.);
#9426=ORIENTED_EDGE('',*,*,#6898,.F.);
#9427=ORIENTED_EDGE('',*,*,#6899,.F.);
#9428=ORIENTED_EDGE('',*,*,#6900,.T.);
#9429=ORIENTED_EDGE('',*,*,#6865,.F.);
#9430=ORIENTED_EDGE('',*,*,#6900,.F.);
#9431=ORIENTED_EDGE('',*,*,#6901,.F.);
#9432=ORIENTED_EDGE('',*,*,#6902,.T.);
#9433=ORIENTED_EDGE('',*,*,#6866,.F.);
#9434=ORIENTED_EDGE('',*,*,#6902,.F.);
#9435=ORIENTED_EDGE('',*,*,#6903,.F.);
#9436=ORIENTED_EDGE('',*,*,#6904,.T.);
#9437=ORIENTED_EDGE('',*,*,#6867,.F.);
#9438=ORIENTED_EDGE('',*,*,#6904,.F.);
#9439=ORIENTED_EDGE('',*,*,#6905,.F.);
#9440=ORIENTED_EDGE('',*,*,#6868,.F.);
#9441=ORIENTED_EDGE('',*,*,#6905,.T.);
#9442=ORIENTED_EDGE('',*,*,#6903,.T.);
#9443=ORIENTED_EDGE('',*,*,#6901,.T.);
#9444=ORIENTED_EDGE('',*,*,#6899,.T.);
#9445=ORIENTED_EDGE('',*,*,#6897,.T.);
#9446=ORIENTED_EDGE('',*,*,#6895,.T.);
#9447=ORIENTED_EDGE('',*,*,#6893,.T.);
#9448=ORIENTED_EDGE('',*,*,#6891,.T.);
#9449=ORIENTED_EDGE('',*,*,#6889,.T.);
#9450=ORIENTED_EDGE('',*,*,#6887,.T.);
#9451=ORIENTED_EDGE('',*,*,#6885,.T.);
#9452=ORIENTED_EDGE('',*,*,#6883,.T.);
#9453=ORIENTED_EDGE('',*,*,#6881,.T.);
#9454=ORIENTED_EDGE('',*,*,#6879,.T.);
#9455=ORIENTED_EDGE('',*,*,#6877,.T.);
#9456=ORIENTED_EDGE('',*,*,#6875,.T.);
#9457=ORIENTED_EDGE('',*,*,#6873,.T.);
#9458=ORIENTED_EDGE('',*,*,#6871,.T.);
#9459=ORIENTED_EDGE('',*,*,#6869,.T.);
#9460=ORIENTED_EDGE('',*,*,#6906,.T.);
#9461=ORIENTED_EDGE('',*,*,#6907,.T.);
#9462=ORIENTED_EDGE('',*,*,#6908,.T.);
#9463=ORIENTED_EDGE('',*,*,#6909,.T.);
#9464=ORIENTED_EDGE('',*,*,#6910,.T.);
#9465=ORIENTED_EDGE('',*,*,#6911,.T.);
#9466=ORIENTED_EDGE('',*,*,#6912,.T.);
#9467=ORIENTED_EDGE('',*,*,#6913,.T.);
#9468=ORIENTED_EDGE('',*,*,#6914,.T.);
#9469=ORIENTED_EDGE('',*,*,#6915,.T.);
#9470=ORIENTED_EDGE('',*,*,#6916,.T.);
#9471=ORIENTED_EDGE('',*,*,#6917,.T.);
#9472=ORIENTED_EDGE('',*,*,#6918,.T.);
#9473=ORIENTED_EDGE('',*,*,#6919,.T.);
#9474=ORIENTED_EDGE('',*,*,#6920,.T.);
#9475=ORIENTED_EDGE('',*,*,#6921,.T.);
#9476=ORIENTED_EDGE('',*,*,#6922,.T.);
#9477=ORIENTED_EDGE('',*,*,#6906,.F.);
#9478=ORIENTED_EDGE('',*,*,#6923,.T.);
#9479=ORIENTED_EDGE('',*,*,#6924,.F.);
#9480=ORIENTED_EDGE('',*,*,#6925,.T.);
#9481=ORIENTED_EDGE('',*,*,#6907,.F.);
#9482=ORIENTED_EDGE('',*,*,#6925,.F.);
#9483=ORIENTED_EDGE('',*,*,#6926,.F.);
#9484=ORIENTED_EDGE('',*,*,#6927,.T.);
#9485=ORIENTED_EDGE('',*,*,#6908,.F.);
#9486=ORIENTED_EDGE('',*,*,#6927,.F.);
#9487=ORIENTED_EDGE('',*,*,#6928,.F.);
#9488=ORIENTED_EDGE('',*,*,#6929,.T.);
#9489=ORIENTED_EDGE('',*,*,#6909,.F.);
#9490=ORIENTED_EDGE('',*,*,#6929,.F.);
#9491=ORIENTED_EDGE('',*,*,#6930,.F.);
#9492=ORIENTED_EDGE('',*,*,#6931,.T.);
#9493=ORIENTED_EDGE('',*,*,#6910,.F.);
#9494=ORIENTED_EDGE('',*,*,#6931,.F.);
#9495=ORIENTED_EDGE('',*,*,#6932,.F.);
#9496=ORIENTED_EDGE('',*,*,#6933,.T.);
#9497=ORIENTED_EDGE('',*,*,#6911,.F.);
#9498=ORIENTED_EDGE('',*,*,#6933,.F.);
#9499=ORIENTED_EDGE('',*,*,#6934,.F.);
#9500=ORIENTED_EDGE('',*,*,#6935,.T.);
#9501=ORIENTED_EDGE('',*,*,#6912,.F.);
#9502=ORIENTED_EDGE('',*,*,#6935,.F.);
#9503=ORIENTED_EDGE('',*,*,#6936,.F.);
#9504=ORIENTED_EDGE('',*,*,#6937,.T.);
#9505=ORIENTED_EDGE('',*,*,#6913,.F.);
#9506=ORIENTED_EDGE('',*,*,#6937,.F.);
#9507=ORIENTED_EDGE('',*,*,#6938,.F.);
#9508=ORIENTED_EDGE('',*,*,#6939,.T.);
#9509=ORIENTED_EDGE('',*,*,#6914,.F.);
#9510=ORIENTED_EDGE('',*,*,#6939,.F.);
#9511=ORIENTED_EDGE('',*,*,#6940,.F.);
#9512=ORIENTED_EDGE('',*,*,#6941,.T.);
#9513=ORIENTED_EDGE('',*,*,#6915,.F.);
#9514=ORIENTED_EDGE('',*,*,#6941,.F.);
#9515=ORIENTED_EDGE('',*,*,#6942,.F.);
#9516=ORIENTED_EDGE('',*,*,#6943,.T.);
#9517=ORIENTED_EDGE('',*,*,#6916,.F.);
#9518=ORIENTED_EDGE('',*,*,#6943,.F.);
#9519=ORIENTED_EDGE('',*,*,#6944,.F.);
#9520=ORIENTED_EDGE('',*,*,#6945,.T.);
#9521=ORIENTED_EDGE('',*,*,#6917,.F.);
#9522=ORIENTED_EDGE('',*,*,#6945,.F.);
#9523=ORIENTED_EDGE('',*,*,#6946,.F.);
#9524=ORIENTED_EDGE('',*,*,#6947,.T.);
#9525=ORIENTED_EDGE('',*,*,#6918,.F.);
#9526=ORIENTED_EDGE('',*,*,#6947,.F.);
#9527=ORIENTED_EDGE('',*,*,#6948,.F.);
#9528=ORIENTED_EDGE('',*,*,#6949,.T.);
#9529=ORIENTED_EDGE('',*,*,#6919,.F.);
#9530=ORIENTED_EDGE('',*,*,#6949,.F.);
#9531=ORIENTED_EDGE('',*,*,#6950,.F.);
#9532=ORIENTED_EDGE('',*,*,#6951,.T.);
#9533=ORIENTED_EDGE('',*,*,#6920,.F.);
#9534=ORIENTED_EDGE('',*,*,#6951,.F.);
#9535=ORIENTED_EDGE('',*,*,#6952,.F.);
#9536=ORIENTED_EDGE('',*,*,#6953,.T.);
#9537=ORIENTED_EDGE('',*,*,#6921,.F.);
#9538=ORIENTED_EDGE('',*,*,#6953,.F.);
#9539=ORIENTED_EDGE('',*,*,#6954,.F.);
#9540=ORIENTED_EDGE('',*,*,#6955,.T.);
#9541=ORIENTED_EDGE('',*,*,#6922,.F.);
#9542=ORIENTED_EDGE('',*,*,#6955,.F.);
#9543=ORIENTED_EDGE('',*,*,#6956,.F.);
#9544=ORIENTED_EDGE('',*,*,#6923,.F.);
#9545=ORIENTED_EDGE('',*,*,#6956,.T.);
#9546=ORIENTED_EDGE('',*,*,#6954,.T.);
#9547=ORIENTED_EDGE('',*,*,#6952,.T.);
#9548=ORIENTED_EDGE('',*,*,#6950,.T.);
#9549=ORIENTED_EDGE('',*,*,#6948,.T.);
#9550=ORIENTED_EDGE('',*,*,#6946,.T.);
#9551=ORIENTED_EDGE('',*,*,#6944,.T.);
#9552=ORIENTED_EDGE('',*,*,#6942,.T.);
#9553=ORIENTED_EDGE('',*,*,#6940,.T.);
#9554=ORIENTED_EDGE('',*,*,#6938,.T.);
#9555=ORIENTED_EDGE('',*,*,#6936,.T.);
#9556=ORIENTED_EDGE('',*,*,#6934,.T.);
#9557=ORIENTED_EDGE('',*,*,#6932,.T.);
#9558=ORIENTED_EDGE('',*,*,#6930,.T.);
#9559=ORIENTED_EDGE('',*,*,#6928,.T.);
#9560=ORIENTED_EDGE('',*,*,#6926,.T.);
#9561=ORIENTED_EDGE('',*,*,#6924,.T.);
#9562=ORIENTED_EDGE('',*,*,#6957,.T.);
#9563=ORIENTED_EDGE('',*,*,#6958,.T.);
#9564=ORIENTED_EDGE('',*,*,#6959,.T.);
#9565=ORIENTED_EDGE('',*,*,#6960,.T.);
#9566=ORIENTED_EDGE('',*,*,#6957,.F.);
#9567=ORIENTED_EDGE('',*,*,#6961,.T.);
#9568=ORIENTED_EDGE('',*,*,#6962,.F.);
#9569=ORIENTED_EDGE('',*,*,#6963,.T.);
#9570=ORIENTED_EDGE('',*,*,#6958,.F.);
#9571=ORIENTED_EDGE('',*,*,#6963,.F.);
#9572=ORIENTED_EDGE('',*,*,#6964,.F.);
#9573=ORIENTED_EDGE('',*,*,#6965,.T.);
#9574=ORIENTED_EDGE('',*,*,#6959,.F.);
#9575=ORIENTED_EDGE('',*,*,#6965,.F.);
#9576=ORIENTED_EDGE('',*,*,#6966,.F.);
#9577=ORIENTED_EDGE('',*,*,#6967,.T.);
#9578=ORIENTED_EDGE('',*,*,#6960,.F.);
#9579=ORIENTED_EDGE('',*,*,#6967,.F.);
#9580=ORIENTED_EDGE('',*,*,#6968,.F.);
#9581=ORIENTED_EDGE('',*,*,#6961,.F.);
#9582=ORIENTED_EDGE('',*,*,#6968,.T.);
#9583=ORIENTED_EDGE('',*,*,#6966,.T.);
#9584=ORIENTED_EDGE('',*,*,#6964,.T.);
#9585=ORIENTED_EDGE('',*,*,#6962,.T.);
#9586=ORIENTED_EDGE('',*,*,#6969,.T.);
#9587=ORIENTED_EDGE('',*,*,#6970,.T.);
#9588=ORIENTED_EDGE('',*,*,#6971,.T.);
#9589=ORIENTED_EDGE('',*,*,#6972,.T.);
#9590=ORIENTED_EDGE('',*,*,#6969,.F.);
#9591=ORIENTED_EDGE('',*,*,#6973,.T.);
#9592=ORIENTED_EDGE('',*,*,#6974,.F.);
#9593=ORIENTED_EDGE('',*,*,#6975,.T.);
#9594=ORIENTED_EDGE('',*,*,#6970,.F.);
#9595=ORIENTED_EDGE('',*,*,#6975,.F.);
#9596=ORIENTED_EDGE('',*,*,#6976,.F.);
#9597=ORIENTED_EDGE('',*,*,#6977,.T.);
#9598=ORIENTED_EDGE('',*,*,#6971,.F.);
#9599=ORIENTED_EDGE('',*,*,#6977,.F.);
#9600=ORIENTED_EDGE('',*,*,#6978,.F.);
#9601=ORIENTED_EDGE('',*,*,#6979,.T.);
#9602=ORIENTED_EDGE('',*,*,#6972,.F.);
#9603=ORIENTED_EDGE('',*,*,#6979,.F.);
#9604=ORIENTED_EDGE('',*,*,#6980,.F.);
#9605=ORIENTED_EDGE('',*,*,#6973,.F.);
#9606=ORIENTED_EDGE('',*,*,#6980,.T.);
#9607=ORIENTED_EDGE('',*,*,#6978,.T.);
#9608=ORIENTED_EDGE('',*,*,#6976,.T.);
#9609=ORIENTED_EDGE('',*,*,#6974,.T.);
#9610=ORIENTED_EDGE('',*,*,#6981,.T.);
#9611=ORIENTED_EDGE('',*,*,#6982,.T.);
#9612=ORIENTED_EDGE('',*,*,#6983,.T.);
#9613=ORIENTED_EDGE('',*,*,#6984,.T.);
#9614=ORIENTED_EDGE('',*,*,#6985,.T.);
#9615=ORIENTED_EDGE('',*,*,#6986,.T.);
#9616=ORIENTED_EDGE('',*,*,#6987,.T.);
#9617=ORIENTED_EDGE('',*,*,#6988,.T.);
#9618=ORIENTED_EDGE('',*,*,#6989,.T.);
#9619=ORIENTED_EDGE('',*,*,#6990,.T.);
#9620=ORIENTED_EDGE('',*,*,#6991,.T.);
#9621=ORIENTED_EDGE('',*,*,#6992,.T.);
#9622=ORIENTED_EDGE('',*,*,#6993,.T.);
#9623=ORIENTED_EDGE('',*,*,#6994,.T.);
#9624=ORIENTED_EDGE('',*,*,#6995,.T.);
#9625=ORIENTED_EDGE('',*,*,#6996,.T.);
#9626=ORIENTED_EDGE('',*,*,#6997,.T.);
#9627=ORIENTED_EDGE('',*,*,#6998,.T.);
#9628=ORIENTED_EDGE('',*,*,#6999,.T.);
#9629=ORIENTED_EDGE('',*,*,#7000,.T.);
#9630=ORIENTED_EDGE('',*,*,#7001,.T.);
#9631=ORIENTED_EDGE('',*,*,#7002,.T.);
#9632=ORIENTED_EDGE('',*,*,#6981,.F.);
#9633=ORIENTED_EDGE('',*,*,#7003,.F.);
#9634=ORIENTED_EDGE('',*,*,#7004,.F.);
#9635=ORIENTED_EDGE('',*,*,#7005,.T.);
#9636=ORIENTED_EDGE('',*,*,#6982,.F.);
#9637=ORIENTED_EDGE('',*,*,#7005,.F.);
#9638=ORIENTED_EDGE('',*,*,#7006,.F.);
#9639=ORIENTED_EDGE('',*,*,#7007,.T.);
#9640=ORIENTED_EDGE('',*,*,#6983,.F.);
#9641=ORIENTED_EDGE('',*,*,#7007,.F.);
#9642=ORIENTED_EDGE('',*,*,#7008,.F.);
#9643=ORIENTED_EDGE('',*,*,#7009,.T.);
#9644=ORIENTED_EDGE('',*,*,#6984,.F.);
#9645=ORIENTED_EDGE('',*,*,#7009,.F.);
#9646=ORIENTED_EDGE('',*,*,#7010,.F.);
#9647=ORIENTED_EDGE('',*,*,#7011,.T.);
#9648=ORIENTED_EDGE('',*,*,#6985,.F.);
#9649=ORIENTED_EDGE('',*,*,#7011,.F.);
#9650=ORIENTED_EDGE('',*,*,#7012,.F.);
#9651=ORIENTED_EDGE('',*,*,#7013,.T.);
#9652=ORIENTED_EDGE('',*,*,#6986,.F.);
#9653=ORIENTED_EDGE('',*,*,#7013,.F.);
#9654=ORIENTED_EDGE('',*,*,#7014,.F.);
#9655=ORIENTED_EDGE('',*,*,#7015,.T.);
#9656=ORIENTED_EDGE('',*,*,#6987,.F.);
#9657=ORIENTED_EDGE('',*,*,#7015,.F.);
#9658=ORIENTED_EDGE('',*,*,#7016,.F.);
#9659=ORIENTED_EDGE('',*,*,#7017,.T.);
#9660=ORIENTED_EDGE('',*,*,#6988,.F.);
#9661=ORIENTED_EDGE('',*,*,#7017,.F.);
#9662=ORIENTED_EDGE('',*,*,#7018,.F.);
#9663=ORIENTED_EDGE('',*,*,#7019,.T.);
#9664=ORIENTED_EDGE('',*,*,#6989,.F.);
#9665=ORIENTED_EDGE('',*,*,#7019,.F.);
#9666=ORIENTED_EDGE('',*,*,#7020,.F.);
#9667=ORIENTED_EDGE('',*,*,#7021,.T.);
#9668=ORIENTED_EDGE('',*,*,#6990,.F.);
#9669=ORIENTED_EDGE('',*,*,#7021,.F.);
#9670=ORIENTED_EDGE('',*,*,#7022,.F.);
#9671=ORIENTED_EDGE('',*,*,#7023,.T.);
#9672=ORIENTED_EDGE('',*,*,#6991,.F.);
#9673=ORIENTED_EDGE('',*,*,#7023,.F.);
#9674=ORIENTED_EDGE('',*,*,#7024,.F.);
#9675=ORIENTED_EDGE('',*,*,#7025,.T.);
#9676=ORIENTED_EDGE('',*,*,#6992,.F.);
#9677=ORIENTED_EDGE('',*,*,#7025,.F.);
#9678=ORIENTED_EDGE('',*,*,#7026,.F.);
#9679=ORIENTED_EDGE('',*,*,#7027,.T.);
#9680=ORIENTED_EDGE('',*,*,#6993,.F.);
#9681=ORIENTED_EDGE('',*,*,#7027,.F.);
#9682=ORIENTED_EDGE('',*,*,#7028,.F.);
#9683=ORIENTED_EDGE('',*,*,#7029,.T.);
#9684=ORIENTED_EDGE('',*,*,#6994,.F.);
#9685=ORIENTED_EDGE('',*,*,#7029,.F.);
#9686=ORIENTED_EDGE('',*,*,#7030,.F.);
#9687=ORIENTED_EDGE('',*,*,#7031,.T.);
#9688=ORIENTED_EDGE('',*,*,#6995,.F.);
#9689=ORIENTED_EDGE('',*,*,#7031,.F.);
#9690=ORIENTED_EDGE('',*,*,#7032,.F.);
#9691=ORIENTED_EDGE('',*,*,#7033,.T.);
#9692=ORIENTED_EDGE('',*,*,#6996,.F.);
#9693=ORIENTED_EDGE('',*,*,#7033,.F.);
#9694=ORIENTED_EDGE('',*,*,#7034,.F.);
#9695=ORIENTED_EDGE('',*,*,#7035,.T.);
#9696=ORIENTED_EDGE('',*,*,#6997,.F.);
#9697=ORIENTED_EDGE('',*,*,#7035,.F.);
#9698=ORIENTED_EDGE('',*,*,#7036,.F.);
#9699=ORIENTED_EDGE('',*,*,#7037,.T.);
#9700=ORIENTED_EDGE('',*,*,#6998,.F.);
#9701=ORIENTED_EDGE('',*,*,#7037,.F.);
#9702=ORIENTED_EDGE('',*,*,#7038,.F.);
#9703=ORIENTED_EDGE('',*,*,#7039,.T.);
#9704=ORIENTED_EDGE('',*,*,#6999,.F.);
#9705=ORIENTED_EDGE('',*,*,#7039,.F.);
#9706=ORIENTED_EDGE('',*,*,#7040,.F.);
#9707=ORIENTED_EDGE('',*,*,#7041,.T.);
#9708=ORIENTED_EDGE('',*,*,#7000,.F.);
#9709=ORIENTED_EDGE('',*,*,#7041,.F.);
#9710=ORIENTED_EDGE('',*,*,#7042,.F.);
#9711=ORIENTED_EDGE('',*,*,#7043,.F.);
#9712=ORIENTED_EDGE('',*,*,#7001,.F.);
#9713=ORIENTED_EDGE('',*,*,#7043,.T.);
#9714=ORIENTED_EDGE('',*,*,#7044,.F.);
#9715=ORIENTED_EDGE('',*,*,#7045,.F.);
#9716=ORIENTED_EDGE('',*,*,#7002,.F.);
#9717=ORIENTED_EDGE('',*,*,#7045,.T.);
#9718=ORIENTED_EDGE('',*,*,#7046,.F.);
#9719=ORIENTED_EDGE('',*,*,#7003,.T.);
#9720=ORIENTED_EDGE('',*,*,#7046,.T.);
#9721=ORIENTED_EDGE('',*,*,#7044,.T.);
#9722=ORIENTED_EDGE('',*,*,#7042,.T.);
#9723=ORIENTED_EDGE('',*,*,#7040,.T.);
#9724=ORIENTED_EDGE('',*,*,#7038,.T.);
#9725=ORIENTED_EDGE('',*,*,#7036,.T.);
#9726=ORIENTED_EDGE('',*,*,#7034,.T.);
#9727=ORIENTED_EDGE('',*,*,#7032,.T.);
#9728=ORIENTED_EDGE('',*,*,#7030,.T.);
#9729=ORIENTED_EDGE('',*,*,#7028,.T.);
#9730=ORIENTED_EDGE('',*,*,#7026,.T.);
#9731=ORIENTED_EDGE('',*,*,#7024,.T.);
#9732=ORIENTED_EDGE('',*,*,#7022,.T.);
#9733=ORIENTED_EDGE('',*,*,#7020,.T.);
#9734=ORIENTED_EDGE('',*,*,#7018,.T.);
#9735=ORIENTED_EDGE('',*,*,#7016,.T.);
#9736=ORIENTED_EDGE('',*,*,#7014,.T.);
#9737=ORIENTED_EDGE('',*,*,#7012,.T.);
#9738=ORIENTED_EDGE('',*,*,#7010,.T.);
#9739=ORIENTED_EDGE('',*,*,#7008,.T.);
#9740=ORIENTED_EDGE('',*,*,#7006,.T.);
#9741=ORIENTED_EDGE('',*,*,#7004,.T.);
#9742=ORIENTED_EDGE('',*,*,#7047,.T.);
#9743=ORIENTED_EDGE('',*,*,#7048,.T.);
#9744=ORIENTED_EDGE('',*,*,#7049,.T.);
#9745=ORIENTED_EDGE('',*,*,#7050,.T.);
#9746=ORIENTED_EDGE('',*,*,#7051,.T.);
#9747=ORIENTED_EDGE('',*,*,#7052,.T.);
#9748=ORIENTED_EDGE('',*,*,#7053,.T.);
#9749=ORIENTED_EDGE('',*,*,#7054,.T.);
#9750=ORIENTED_EDGE('',*,*,#7055,.T.);
#9751=ORIENTED_EDGE('',*,*,#7056,.T.);
#9752=ORIENTED_EDGE('',*,*,#7057,.T.);
#9753=ORIENTED_EDGE('',*,*,#7058,.T.);
#9754=ORIENTED_EDGE('',*,*,#7059,.T.);
#9755=ORIENTED_EDGE('',*,*,#7060,.T.);
#9756=ORIENTED_EDGE('',*,*,#7061,.T.);
#9757=ORIENTED_EDGE('',*,*,#7062,.T.);
#9758=ORIENTED_EDGE('',*,*,#7063,.T.);
#9759=ORIENTED_EDGE('',*,*,#7064,.T.);
#9760=ORIENTED_EDGE('',*,*,#7065,.T.);
#9761=ORIENTED_EDGE('',*,*,#7047,.F.);
#9762=ORIENTED_EDGE('',*,*,#7066,.T.);
#9763=ORIENTED_EDGE('',*,*,#7067,.F.);
#9764=ORIENTED_EDGE('',*,*,#7068,.T.);
#9765=ORIENTED_EDGE('',*,*,#7048,.F.);
#9766=ORIENTED_EDGE('',*,*,#7068,.F.);
#9767=ORIENTED_EDGE('',*,*,#7069,.F.);
#9768=ORIENTED_EDGE('',*,*,#7070,.T.);
#9769=ORIENTED_EDGE('',*,*,#7049,.F.);
#9770=ORIENTED_EDGE('',*,*,#7070,.F.);
#9771=ORIENTED_EDGE('',*,*,#7071,.F.);
#9772=ORIENTED_EDGE('',*,*,#7072,.T.);
#9773=ORIENTED_EDGE('',*,*,#7050,.F.);
#9774=ORIENTED_EDGE('',*,*,#7072,.F.);
#9775=ORIENTED_EDGE('',*,*,#7073,.F.);
#9776=ORIENTED_EDGE('',*,*,#7074,.T.);
#9777=ORIENTED_EDGE('',*,*,#7051,.F.);
#9778=ORIENTED_EDGE('',*,*,#7074,.F.);
#9779=ORIENTED_EDGE('',*,*,#7075,.F.);
#9780=ORIENTED_EDGE('',*,*,#7076,.T.);
#9781=ORIENTED_EDGE('',*,*,#7052,.F.);
#9782=ORIENTED_EDGE('',*,*,#7076,.F.);
#9783=ORIENTED_EDGE('',*,*,#7077,.F.);
#9784=ORIENTED_EDGE('',*,*,#7078,.T.);
#9785=ORIENTED_EDGE('',*,*,#7053,.F.);
#9786=ORIENTED_EDGE('',*,*,#7078,.F.);
#9787=ORIENTED_EDGE('',*,*,#7079,.F.);
#9788=ORIENTED_EDGE('',*,*,#7080,.T.);
#9789=ORIENTED_EDGE('',*,*,#7054,.F.);
#9790=ORIENTED_EDGE('',*,*,#7080,.F.);
#9791=ORIENTED_EDGE('',*,*,#7081,.F.);
#9792=ORIENTED_EDGE('',*,*,#7082,.T.);
#9793=ORIENTED_EDGE('',*,*,#7055,.F.);
#9794=ORIENTED_EDGE('',*,*,#7082,.F.);
#9795=ORIENTED_EDGE('',*,*,#7083,.F.);
#9796=ORIENTED_EDGE('',*,*,#7084,.T.);
#9797=ORIENTED_EDGE('',*,*,#7056,.F.);
#9798=ORIENTED_EDGE('',*,*,#7084,.F.);
#9799=ORIENTED_EDGE('',*,*,#7085,.F.);
#9800=ORIENTED_EDGE('',*,*,#7086,.T.);
#9801=ORIENTED_EDGE('',*,*,#7057,.F.);
#9802=ORIENTED_EDGE('',*,*,#7086,.F.);
#9803=ORIENTED_EDGE('',*,*,#7087,.F.);
#9804=ORIENTED_EDGE('',*,*,#7088,.T.);
#9805=ORIENTED_EDGE('',*,*,#7058,.F.);
#9806=ORIENTED_EDGE('',*,*,#7088,.F.);
#9807=ORIENTED_EDGE('',*,*,#7089,.F.);
#9808=ORIENTED_EDGE('',*,*,#7090,.T.);
#9809=ORIENTED_EDGE('',*,*,#7059,.F.);
#9810=ORIENTED_EDGE('',*,*,#7090,.F.);
#9811=ORIENTED_EDGE('',*,*,#7091,.F.);
#9812=ORIENTED_EDGE('',*,*,#7092,.T.);
#9813=ORIENTED_EDGE('',*,*,#7060,.F.);
#9814=ORIENTED_EDGE('',*,*,#7092,.F.);
#9815=ORIENTED_EDGE('',*,*,#7093,.F.);
#9816=ORIENTED_EDGE('',*,*,#7066,.F.);
#9817=ORIENTED_EDGE('',*,*,#7061,.F.);
#9818=ORIENTED_EDGE('',*,*,#7094,.T.);
#9819=ORIENTED_EDGE('',*,*,#7095,.F.);
#9820=ORIENTED_EDGE('',*,*,#7096,.T.);
#9821=ORIENTED_EDGE('',*,*,#7062,.F.);
#9822=ORIENTED_EDGE('',*,*,#7096,.F.);
#9823=ORIENTED_EDGE('',*,*,#7097,.F.);
#9824=ORIENTED_EDGE('',*,*,#7098,.T.);
#9825=ORIENTED_EDGE('',*,*,#7063,.F.);
#9826=ORIENTED_EDGE('',*,*,#7098,.F.);
#9827=ORIENTED_EDGE('',*,*,#7099,.F.);
#9828=ORIENTED_EDGE('',*,*,#7100,.T.);
#9829=ORIENTED_EDGE('',*,*,#7064,.F.);
#9830=ORIENTED_EDGE('',*,*,#7100,.F.);
#9831=ORIENTED_EDGE('',*,*,#7101,.F.);
#9832=ORIENTED_EDGE('',*,*,#7102,.T.);
#9833=ORIENTED_EDGE('',*,*,#7065,.F.);
#9834=ORIENTED_EDGE('',*,*,#7102,.F.);
#9835=ORIENTED_EDGE('',*,*,#7103,.F.);
#9836=ORIENTED_EDGE('',*,*,#7094,.F.);
#9837=ORIENTED_EDGE('',*,*,#7093,.T.);
#9838=ORIENTED_EDGE('',*,*,#7091,.T.);
#9839=ORIENTED_EDGE('',*,*,#7089,.T.);
#9840=ORIENTED_EDGE('',*,*,#7087,.T.);
#9841=ORIENTED_EDGE('',*,*,#7085,.T.);
#9842=ORIENTED_EDGE('',*,*,#7083,.T.);
#9843=ORIENTED_EDGE('',*,*,#7081,.T.);
#9844=ORIENTED_EDGE('',*,*,#7079,.T.);
#9845=ORIENTED_EDGE('',*,*,#7077,.T.);
#9846=ORIENTED_EDGE('',*,*,#7075,.T.);
#9847=ORIENTED_EDGE('',*,*,#7073,.T.);
#9848=ORIENTED_EDGE('',*,*,#7071,.T.);
#9849=ORIENTED_EDGE('',*,*,#7069,.T.);
#9850=ORIENTED_EDGE('',*,*,#7067,.T.);
#9851=ORIENTED_EDGE('',*,*,#7103,.T.);
#9852=ORIENTED_EDGE('',*,*,#7101,.T.);
#9853=ORIENTED_EDGE('',*,*,#7099,.T.);
#9854=ORIENTED_EDGE('',*,*,#7097,.T.);
#9855=ORIENTED_EDGE('',*,*,#7095,.T.);
#9856=ORIENTED_EDGE('',*,*,#7104,.T.);
#9857=ORIENTED_EDGE('',*,*,#7105,.T.);
#9858=ORIENTED_EDGE('',*,*,#7106,.T.);
#9859=ORIENTED_EDGE('',*,*,#7107,.T.);
#9860=ORIENTED_EDGE('',*,*,#7108,.T.);
#9861=ORIENTED_EDGE('',*,*,#7109,.T.);
#9862=ORIENTED_EDGE('',*,*,#7110,.T.);
#9863=ORIENTED_EDGE('',*,*,#7111,.T.);
#9864=ORIENTED_EDGE('',*,*,#7112,.T.);
#9865=ORIENTED_EDGE('',*,*,#7113,.T.);
#9866=ORIENTED_EDGE('',*,*,#7114,.T.);
#9867=ORIENTED_EDGE('',*,*,#7115,.T.);
#9868=ORIENTED_EDGE('',*,*,#7116,.T.);
#9869=ORIENTED_EDGE('',*,*,#7117,.T.);
#9870=ORIENTED_EDGE('',*,*,#7118,.T.);
#9871=ORIENTED_EDGE('',*,*,#7119,.T.);
#9872=ORIENTED_EDGE('',*,*,#7120,.T.);
#9873=ORIENTED_EDGE('',*,*,#7121,.T.);
#9874=ORIENTED_EDGE('',*,*,#7122,.T.);
#9875=ORIENTED_EDGE('',*,*,#7123,.T.);
#9876=ORIENTED_EDGE('',*,*,#7124,.T.);
#9877=ORIENTED_EDGE('',*,*,#7125,.T.);
#9878=ORIENTED_EDGE('',*,*,#7104,.F.);
#9879=ORIENTED_EDGE('',*,*,#7126,.T.);
#9880=ORIENTED_EDGE('',*,*,#7127,.F.);
#9881=ORIENTED_EDGE('',*,*,#7128,.T.);
#9882=ORIENTED_EDGE('',*,*,#7105,.F.);
#9883=ORIENTED_EDGE('',*,*,#7128,.F.);
#9884=ORIENTED_EDGE('',*,*,#7129,.F.);
#9885=ORIENTED_EDGE('',*,*,#7130,.T.);
#9886=ORIENTED_EDGE('',*,*,#7106,.F.);
#9887=ORIENTED_EDGE('',*,*,#7130,.F.);
#9888=ORIENTED_EDGE('',*,*,#7131,.F.);
#9889=ORIENTED_EDGE('',*,*,#7132,.T.);
#9890=ORIENTED_EDGE('',*,*,#7107,.F.);
#9891=ORIENTED_EDGE('',*,*,#7132,.F.);
#9892=ORIENTED_EDGE('',*,*,#7133,.F.);
#9893=ORIENTED_EDGE('',*,*,#7134,.T.);
#9894=ORIENTED_EDGE('',*,*,#7108,.F.);
#9895=ORIENTED_EDGE('',*,*,#7134,.F.);
#9896=ORIENTED_EDGE('',*,*,#7135,.F.);
#9897=ORIENTED_EDGE('',*,*,#7136,.T.);
#9898=ORIENTED_EDGE('',*,*,#7109,.F.);
#9899=ORIENTED_EDGE('',*,*,#7136,.F.);
#9900=ORIENTED_EDGE('',*,*,#7137,.F.);
#9901=ORIENTED_EDGE('',*,*,#7138,.T.);
#9902=ORIENTED_EDGE('',*,*,#7110,.F.);
#9903=ORIENTED_EDGE('',*,*,#7138,.F.);
#9904=ORIENTED_EDGE('',*,*,#7139,.F.);
#9905=ORIENTED_EDGE('',*,*,#7140,.T.);
#9906=ORIENTED_EDGE('',*,*,#7111,.F.);
#9907=ORIENTED_EDGE('',*,*,#7140,.F.);
#9908=ORIENTED_EDGE('',*,*,#7141,.F.);
#9909=ORIENTED_EDGE('',*,*,#7142,.T.);
#9910=ORIENTED_EDGE('',*,*,#7112,.F.);
#9911=ORIENTED_EDGE('',*,*,#7142,.F.);
#9912=ORIENTED_EDGE('',*,*,#7143,.F.);
#9913=ORIENTED_EDGE('',*,*,#7144,.T.);
#9914=ORIENTED_EDGE('',*,*,#7113,.F.);
#9915=ORIENTED_EDGE('',*,*,#7144,.F.);
#9916=ORIENTED_EDGE('',*,*,#7145,.F.);
#9917=ORIENTED_EDGE('',*,*,#7146,.T.);
#9918=ORIENTED_EDGE('',*,*,#7114,.F.);
#9919=ORIENTED_EDGE('',*,*,#7146,.F.);
#9920=ORIENTED_EDGE('',*,*,#7147,.F.);
#9921=ORIENTED_EDGE('',*,*,#7148,.T.);
#9922=ORIENTED_EDGE('',*,*,#7115,.F.);
#9923=ORIENTED_EDGE('',*,*,#7148,.F.);
#9924=ORIENTED_EDGE('',*,*,#7149,.F.);
#9925=ORIENTED_EDGE('',*,*,#7150,.T.);
#9926=ORIENTED_EDGE('',*,*,#7116,.F.);
#9927=ORIENTED_EDGE('',*,*,#7150,.F.);
#9928=ORIENTED_EDGE('',*,*,#7151,.F.);
#9929=ORIENTED_EDGE('',*,*,#7152,.T.);
#9930=ORIENTED_EDGE('',*,*,#7117,.F.);
#9931=ORIENTED_EDGE('',*,*,#7152,.F.);
#9932=ORIENTED_EDGE('',*,*,#7153,.F.);
#9933=ORIENTED_EDGE('',*,*,#7126,.F.);
#9934=ORIENTED_EDGE('',*,*,#7118,.F.);
#9935=ORIENTED_EDGE('',*,*,#7154,.F.);
#9936=ORIENTED_EDGE('',*,*,#7155,.F.);
#9937=ORIENTED_EDGE('',*,*,#7156,.T.);
#9938=ORIENTED_EDGE('',*,*,#7119,.F.);
#9939=ORIENTED_EDGE('',*,*,#7156,.F.);
#9940=ORIENTED_EDGE('',*,*,#7157,.F.);
#9941=ORIENTED_EDGE('',*,*,#7158,.T.);
#9942=ORIENTED_EDGE('',*,*,#7120,.F.);
#9943=ORIENTED_EDGE('',*,*,#7158,.F.);
#9944=ORIENTED_EDGE('',*,*,#7159,.F.);
#9945=ORIENTED_EDGE('',*,*,#7160,.T.);
#9946=ORIENTED_EDGE('',*,*,#7121,.F.);
#9947=ORIENTED_EDGE('',*,*,#7160,.F.);
#9948=ORIENTED_EDGE('',*,*,#7161,.F.);
#9949=ORIENTED_EDGE('',*,*,#7162,.T.);
#9950=ORIENTED_EDGE('',*,*,#7122,.F.);
#9951=ORIENTED_EDGE('',*,*,#7162,.F.);
#9952=ORIENTED_EDGE('',*,*,#7163,.F.);
#9953=ORIENTED_EDGE('',*,*,#7164,.T.);
#9954=ORIENTED_EDGE('',*,*,#7123,.F.);
#9955=ORIENTED_EDGE('',*,*,#7164,.F.);
#9956=ORIENTED_EDGE('',*,*,#7165,.F.);
#9957=ORIENTED_EDGE('',*,*,#7166,.F.);
#9958=ORIENTED_EDGE('',*,*,#7124,.F.);
#9959=ORIENTED_EDGE('',*,*,#7166,.T.);
#9960=ORIENTED_EDGE('',*,*,#7167,.F.);
#9961=ORIENTED_EDGE('',*,*,#7168,.F.);
#9962=ORIENTED_EDGE('',*,*,#7125,.F.);
#9963=ORIENTED_EDGE('',*,*,#7168,.T.);
#9964=ORIENTED_EDGE('',*,*,#7169,.F.);
#9965=ORIENTED_EDGE('',*,*,#7154,.T.);
#9966=ORIENTED_EDGE('',*,*,#7153,.T.);
#9967=ORIENTED_EDGE('',*,*,#7151,.T.);
#9968=ORIENTED_EDGE('',*,*,#7149,.T.);
#9969=ORIENTED_EDGE('',*,*,#7147,.T.);
#9970=ORIENTED_EDGE('',*,*,#7145,.T.);
#9971=ORIENTED_EDGE('',*,*,#7143,.T.);
#9972=ORIENTED_EDGE('',*,*,#7141,.T.);
#9973=ORIENTED_EDGE('',*,*,#7139,.T.);
#9974=ORIENTED_EDGE('',*,*,#7137,.T.);
#9975=ORIENTED_EDGE('',*,*,#7135,.T.);
#9976=ORIENTED_EDGE('',*,*,#7133,.T.);
#9977=ORIENTED_EDGE('',*,*,#7131,.T.);
#9978=ORIENTED_EDGE('',*,*,#7129,.T.);
#9979=ORIENTED_EDGE('',*,*,#7127,.T.);
#9980=ORIENTED_EDGE('',*,*,#7169,.T.);
#9981=ORIENTED_EDGE('',*,*,#7167,.T.);
#9982=ORIENTED_EDGE('',*,*,#7165,.T.);
#9983=ORIENTED_EDGE('',*,*,#7163,.T.);
#9984=ORIENTED_EDGE('',*,*,#7161,.T.);
#9985=ORIENTED_EDGE('',*,*,#7159,.T.);
#9986=ORIENTED_EDGE('',*,*,#7157,.T.);
#9987=ORIENTED_EDGE('',*,*,#7155,.T.);
#9988=ORIENTED_EDGE('',*,*,#7170,.T.);
#9989=ORIENTED_EDGE('',*,*,#7171,.T.);
#9990=ORIENTED_EDGE('',*,*,#7172,.T.);
#9991=ORIENTED_EDGE('',*,*,#7173,.T.);
#9992=ORIENTED_EDGE('',*,*,#7174,.T.);
#9993=ORIENTED_EDGE('',*,*,#7175,.T.);
#9994=ORIENTED_EDGE('',*,*,#7176,.T.);
#9995=ORIENTED_EDGE('',*,*,#7177,.T.);
#9996=ORIENTED_EDGE('',*,*,#7178,.T.);
#9997=ORIENTED_EDGE('',*,*,#7179,.T.);
#9998=ORIENTED_EDGE('',*,*,#7180,.T.);
#9999=ORIENTED_EDGE('',*,*,#7181,.T.);
#10000=ORIENTED_EDGE('',*,*,#7182,.T.);
#10001=ORIENTED_EDGE('',*,*,#7183,.T.);
#10002=ORIENTED_EDGE('',*,*,#7184,.T.);
#10003=ORIENTED_EDGE('',*,*,#7185,.T.);
#10004=ORIENTED_EDGE('',*,*,#7186,.T.);
#10005=ORIENTED_EDGE('',*,*,#7187,.T.);
#10006=ORIENTED_EDGE('',*,*,#7170,.F.);
#10007=ORIENTED_EDGE('',*,*,#7188,.F.);
#10008=ORIENTED_EDGE('',*,*,#7189,.F.);
#10009=ORIENTED_EDGE('',*,*,#7190,.T.);
#10010=ORIENTED_EDGE('',*,*,#7171,.F.);
#10011=ORIENTED_EDGE('',*,*,#7190,.F.);
#10012=ORIENTED_EDGE('',*,*,#7191,.F.);
#10013=ORIENTED_EDGE('',*,*,#7192,.T.);
#10014=ORIENTED_EDGE('',*,*,#7172,.F.);
#10015=ORIENTED_EDGE('',*,*,#7192,.F.);
#10016=ORIENTED_EDGE('',*,*,#7193,.F.);
#10017=ORIENTED_EDGE('',*,*,#7194,.T.);
#10018=ORIENTED_EDGE('',*,*,#7173,.F.);
#10019=ORIENTED_EDGE('',*,*,#7194,.F.);
#10020=ORIENTED_EDGE('',*,*,#7195,.F.);
#10021=ORIENTED_EDGE('',*,*,#7196,.T.);
#10022=ORIENTED_EDGE('',*,*,#7174,.F.);
#10023=ORIENTED_EDGE('',*,*,#7196,.F.);
#10024=ORIENTED_EDGE('',*,*,#7197,.F.);
#10025=ORIENTED_EDGE('',*,*,#7198,.T.);
#10026=ORIENTED_EDGE('',*,*,#7175,.F.);
#10027=ORIENTED_EDGE('',*,*,#7198,.F.);
#10028=ORIENTED_EDGE('',*,*,#7199,.F.);
#10029=ORIENTED_EDGE('',*,*,#7200,.T.);
#10030=ORIENTED_EDGE('',*,*,#7176,.F.);
#10031=ORIENTED_EDGE('',*,*,#7200,.F.);
#10032=ORIENTED_EDGE('',*,*,#7201,.F.);
#10033=ORIENTED_EDGE('',*,*,#7202,.F.);
#10034=ORIENTED_EDGE('',*,*,#7177,.F.);
#10035=ORIENTED_EDGE('',*,*,#7202,.T.);
#10036=ORIENTED_EDGE('',*,*,#7203,.F.);
#10037=ORIENTED_EDGE('',*,*,#7204,.T.);
#10038=ORIENTED_EDGE('',*,*,#7178,.F.);
#10039=ORIENTED_EDGE('',*,*,#7204,.F.);
#10040=ORIENTED_EDGE('',*,*,#7205,.F.);
#10041=ORIENTED_EDGE('',*,*,#7206,.T.);
#10042=ORIENTED_EDGE('',*,*,#7179,.F.);
#10043=ORIENTED_EDGE('',*,*,#7206,.F.);
#10044=ORIENTED_EDGE('',*,*,#7207,.F.);
#10045=ORIENTED_EDGE('',*,*,#7208,.T.);
#10046=ORIENTED_EDGE('',*,*,#7180,.F.);
#10047=ORIENTED_EDGE('',*,*,#7208,.F.);
#10048=ORIENTED_EDGE('',*,*,#7209,.F.);
#10049=ORIENTED_EDGE('',*,*,#7210,.T.);
#10050=ORIENTED_EDGE('',*,*,#7181,.F.);
#10051=ORIENTED_EDGE('',*,*,#7210,.F.);
#10052=ORIENTED_EDGE('',*,*,#7211,.F.);
#10053=ORIENTED_EDGE('',*,*,#7212,.T.);
#10054=ORIENTED_EDGE('',*,*,#7182,.F.);
#10055=ORIENTED_EDGE('',*,*,#7212,.F.);
#10056=ORIENTED_EDGE('',*,*,#7213,.F.);
#10057=ORIENTED_EDGE('',*,*,#7214,.T.);
#10058=ORIENTED_EDGE('',*,*,#7183,.F.);
#10059=ORIENTED_EDGE('',*,*,#7214,.F.);
#10060=ORIENTED_EDGE('',*,*,#7215,.F.);
#10061=ORIENTED_EDGE('',*,*,#7216,.T.);
#10062=ORIENTED_EDGE('',*,*,#7184,.F.);
#10063=ORIENTED_EDGE('',*,*,#7216,.F.);
#10064=ORIENTED_EDGE('',*,*,#7217,.F.);
#10065=ORIENTED_EDGE('',*,*,#7188,.T.);
#10066=ORIENTED_EDGE('',*,*,#7185,.F.);
#10067=ORIENTED_EDGE('',*,*,#7218,.T.);
#10068=ORIENTED_EDGE('',*,*,#7219,.F.);
#10069=ORIENTED_EDGE('',*,*,#7220,.T.);
#10070=ORIENTED_EDGE('',*,*,#7186,.F.);
#10071=ORIENTED_EDGE('',*,*,#7220,.F.);
#10072=ORIENTED_EDGE('',*,*,#7221,.F.);
#10073=ORIENTED_EDGE('',*,*,#7222,.T.);
#10074=ORIENTED_EDGE('',*,*,#7187,.F.);
#10075=ORIENTED_EDGE('',*,*,#7222,.F.);
#10076=ORIENTED_EDGE('',*,*,#7223,.F.);
#10077=ORIENTED_EDGE('',*,*,#7218,.F.);
#10078=ORIENTED_EDGE('',*,*,#7217,.T.);
#10079=ORIENTED_EDGE('',*,*,#7215,.T.);
#10080=ORIENTED_EDGE('',*,*,#7213,.T.);
#10081=ORIENTED_EDGE('',*,*,#7211,.T.);
#10082=ORIENTED_EDGE('',*,*,#7209,.T.);
#10083=ORIENTED_EDGE('',*,*,#7207,.T.);
#10084=ORIENTED_EDGE('',*,*,#7205,.T.);
#10085=ORIENTED_EDGE('',*,*,#7203,.T.);
#10086=ORIENTED_EDGE('',*,*,#7201,.T.);
#10087=ORIENTED_EDGE('',*,*,#7199,.T.);
#10088=ORIENTED_EDGE('',*,*,#7197,.T.);
#10089=ORIENTED_EDGE('',*,*,#7195,.T.);
#10090=ORIENTED_EDGE('',*,*,#7193,.T.);
#10091=ORIENTED_EDGE('',*,*,#7191,.T.);
#10092=ORIENTED_EDGE('',*,*,#7189,.T.);
#10093=ORIENTED_EDGE('',*,*,#7223,.T.);
#10094=ORIENTED_EDGE('',*,*,#7221,.T.);
#10095=ORIENTED_EDGE('',*,*,#7219,.T.);
#10096=ORIENTED_EDGE('',*,*,#7224,.T.);
#10097=ORIENTED_EDGE('',*,*,#7225,.T.);
#10098=ORIENTED_EDGE('',*,*,#7226,.T.);
#10099=ORIENTED_EDGE('',*,*,#7227,.T.);
#10100=ORIENTED_EDGE('',*,*,#7228,.T.);
#10101=ORIENTED_EDGE('',*,*,#7229,.T.);
#10102=ORIENTED_EDGE('',*,*,#7230,.T.);
#10103=ORIENTED_EDGE('',*,*,#7231,.T.);
#10104=ORIENTED_EDGE('',*,*,#7232,.T.);
#10105=ORIENTED_EDGE('',*,*,#7233,.T.);
#10106=ORIENTED_EDGE('',*,*,#7234,.T.);
#10107=ORIENTED_EDGE('',*,*,#7235,.T.);
#10108=ORIENTED_EDGE('',*,*,#7236,.T.);
#10109=ORIENTED_EDGE('',*,*,#7224,.F.);
#10110=ORIENTED_EDGE('',*,*,#7237,.F.);
#10111=ORIENTED_EDGE('',*,*,#7238,.F.);
#10112=ORIENTED_EDGE('',*,*,#7239,.F.);
#10113=ORIENTED_EDGE('',*,*,#7225,.F.);
#10114=ORIENTED_EDGE('',*,*,#7239,.T.);
#10115=ORIENTED_EDGE('',*,*,#7240,.F.);
#10116=ORIENTED_EDGE('',*,*,#7241,.T.);
#10117=ORIENTED_EDGE('',*,*,#7226,.F.);
#10118=ORIENTED_EDGE('',*,*,#7241,.F.);
#10119=ORIENTED_EDGE('',*,*,#7242,.F.);
#10120=ORIENTED_EDGE('',*,*,#7243,.T.);
#10121=ORIENTED_EDGE('',*,*,#7227,.F.);
#10122=ORIENTED_EDGE('',*,*,#7243,.F.);
#10123=ORIENTED_EDGE('',*,*,#7244,.F.);
#10124=ORIENTED_EDGE('',*,*,#7245,.T.);
#10125=ORIENTED_EDGE('',*,*,#7228,.F.);
#10126=ORIENTED_EDGE('',*,*,#7245,.F.);
#10127=ORIENTED_EDGE('',*,*,#7246,.F.);
#10128=ORIENTED_EDGE('',*,*,#7247,.T.);
#10129=ORIENTED_EDGE('',*,*,#7229,.F.);
#10130=ORIENTED_EDGE('',*,*,#7247,.F.);
#10131=ORIENTED_EDGE('',*,*,#7248,.F.);
#10132=ORIENTED_EDGE('',*,*,#7249,.T.);
#10133=ORIENTED_EDGE('',*,*,#7230,.F.);
#10134=ORIENTED_EDGE('',*,*,#7249,.F.);
#10135=ORIENTED_EDGE('',*,*,#7250,.F.);
#10136=ORIENTED_EDGE('',*,*,#7251,.T.);
#10137=ORIENTED_EDGE('',*,*,#7231,.F.);
#10138=ORIENTED_EDGE('',*,*,#7251,.F.);
#10139=ORIENTED_EDGE('',*,*,#7252,.F.);
#10140=ORIENTED_EDGE('',*,*,#7253,.T.);
#10141=ORIENTED_EDGE('',*,*,#7232,.F.);
#10142=ORIENTED_EDGE('',*,*,#7253,.F.);
#10143=ORIENTED_EDGE('',*,*,#7254,.F.);
#10144=ORIENTED_EDGE('',*,*,#7255,.T.);
#10145=ORIENTED_EDGE('',*,*,#7233,.F.);
#10146=ORIENTED_EDGE('',*,*,#7255,.F.);
#10147=ORIENTED_EDGE('',*,*,#7256,.F.);
#10148=ORIENTED_EDGE('',*,*,#7257,.T.);
#10149=ORIENTED_EDGE('',*,*,#7234,.F.);
#10150=ORIENTED_EDGE('',*,*,#7257,.F.);
#10151=ORIENTED_EDGE('',*,*,#7258,.F.);
#10152=ORIENTED_EDGE('',*,*,#7259,.T.);
#10153=ORIENTED_EDGE('',*,*,#7235,.F.);
#10154=ORIENTED_EDGE('',*,*,#7259,.F.);
#10155=ORIENTED_EDGE('',*,*,#7260,.F.);
#10156=ORIENTED_EDGE('',*,*,#7261,.T.);
#10157=ORIENTED_EDGE('',*,*,#7236,.F.);
#10158=ORIENTED_EDGE('',*,*,#7261,.F.);
#10159=ORIENTED_EDGE('',*,*,#7262,.F.);
#10160=ORIENTED_EDGE('',*,*,#7237,.T.);
#10161=ORIENTED_EDGE('',*,*,#7262,.T.);
#10162=ORIENTED_EDGE('',*,*,#7260,.T.);
#10163=ORIENTED_EDGE('',*,*,#7258,.T.);
#10164=ORIENTED_EDGE('',*,*,#7256,.T.);
#10165=ORIENTED_EDGE('',*,*,#7254,.T.);
#10166=ORIENTED_EDGE('',*,*,#7252,.T.);
#10167=ORIENTED_EDGE('',*,*,#7250,.T.);
#10168=ORIENTED_EDGE('',*,*,#7248,.T.);
#10169=ORIENTED_EDGE('',*,*,#7246,.T.);
#10170=ORIENTED_EDGE('',*,*,#7244,.T.);
#10171=ORIENTED_EDGE('',*,*,#7242,.T.);
#10172=ORIENTED_EDGE('',*,*,#7240,.T.);
#10173=ORIENTED_EDGE('',*,*,#7238,.T.);
#10174=ORIENTED_EDGE('',*,*,#7263,.T.);
#10175=ORIENTED_EDGE('',*,*,#7264,.T.);
#10176=ORIENTED_EDGE('',*,*,#7265,.T.);
#10177=ORIENTED_EDGE('',*,*,#7266,.T.);
#10178=ORIENTED_EDGE('',*,*,#7267,.T.);
#10179=ORIENTED_EDGE('',*,*,#7268,.T.);
#10180=ORIENTED_EDGE('',*,*,#7269,.T.);
#10181=ORIENTED_EDGE('',*,*,#7270,.T.);
#10182=ORIENTED_EDGE('',*,*,#7271,.T.);
#10183=ORIENTED_EDGE('',*,*,#7272,.T.);
#10184=ORIENTED_EDGE('',*,*,#7273,.T.);
#10185=ORIENTED_EDGE('',*,*,#7274,.T.);
#10186=ORIENTED_EDGE('',*,*,#7275,.T.);
#10187=ORIENTED_EDGE('',*,*,#7276,.T.);
#10188=ORIENTED_EDGE('',*,*,#7277,.T.);
#10189=ORIENTED_EDGE('',*,*,#7278,.T.);
#10190=ORIENTED_EDGE('',*,*,#7279,.T.);
#10191=ORIENTED_EDGE('',*,*,#7280,.T.);
#10192=ORIENTED_EDGE('',*,*,#7281,.T.);
#10193=ORIENTED_EDGE('',*,*,#7282,.T.);
#10194=ORIENTED_EDGE('',*,*,#7283,.T.);
#10195=ORIENTED_EDGE('',*,*,#7263,.F.);
#10196=ORIENTED_EDGE('',*,*,#7284,.F.);
#10197=ORIENTED_EDGE('',*,*,#7285,.F.);
#10198=ORIENTED_EDGE('',*,*,#7286,.F.);
#10199=ORIENTED_EDGE('',*,*,#7264,.F.);
#10200=ORIENTED_EDGE('',*,*,#7286,.T.);
#10201=ORIENTED_EDGE('',*,*,#7287,.F.);
#10202=ORIENTED_EDGE('',*,*,#7288,.T.);
#10203=ORIENTED_EDGE('',*,*,#7265,.F.);
#10204=ORIENTED_EDGE('',*,*,#7288,.F.);
#10205=ORIENTED_EDGE('',*,*,#7289,.F.);
#10206=ORIENTED_EDGE('',*,*,#7290,.T.);
#10207=ORIENTED_EDGE('',*,*,#7266,.F.);
#10208=ORIENTED_EDGE('',*,*,#7290,.F.);
#10209=ORIENTED_EDGE('',*,*,#7291,.F.);
#10210=ORIENTED_EDGE('',*,*,#7292,.T.);
#10211=ORIENTED_EDGE('',*,*,#7267,.F.);
#10212=ORIENTED_EDGE('',*,*,#7292,.F.);
#10213=ORIENTED_EDGE('',*,*,#7293,.F.);
#10214=ORIENTED_EDGE('',*,*,#7294,.T.);
#10215=ORIENTED_EDGE('',*,*,#7268,.F.);
#10216=ORIENTED_EDGE('',*,*,#7294,.F.);
#10217=ORIENTED_EDGE('',*,*,#7295,.F.);
#10218=ORIENTED_EDGE('',*,*,#7296,.T.);
#10219=ORIENTED_EDGE('',*,*,#7269,.F.);
#10220=ORIENTED_EDGE('',*,*,#7296,.F.);
#10221=ORIENTED_EDGE('',*,*,#7297,.F.);
#10222=ORIENTED_EDGE('',*,*,#7298,.T.);
#10223=ORIENTED_EDGE('',*,*,#7270,.F.);
#10224=ORIENTED_EDGE('',*,*,#7298,.F.);
#10225=ORIENTED_EDGE('',*,*,#7299,.F.);
#10226=ORIENTED_EDGE('',*,*,#7300,.T.);
#10227=ORIENTED_EDGE('',*,*,#7271,.F.);
#10228=ORIENTED_EDGE('',*,*,#7300,.F.);
#10229=ORIENTED_EDGE('',*,*,#7301,.F.);
#10230=ORIENTED_EDGE('',*,*,#7302,.T.);
#10231=ORIENTED_EDGE('',*,*,#7272,.F.);
#10232=ORIENTED_EDGE('',*,*,#7302,.F.);
#10233=ORIENTED_EDGE('',*,*,#7303,.F.);
#10234=ORIENTED_EDGE('',*,*,#7304,.T.);
#10235=ORIENTED_EDGE('',*,*,#7273,.F.);
#10236=ORIENTED_EDGE('',*,*,#7304,.F.);
#10237=ORIENTED_EDGE('',*,*,#7305,.F.);
#10238=ORIENTED_EDGE('',*,*,#7306,.T.);
#10239=ORIENTED_EDGE('',*,*,#7274,.F.);
#10240=ORIENTED_EDGE('',*,*,#7306,.F.);
#10241=ORIENTED_EDGE('',*,*,#7307,.F.);
#10242=ORIENTED_EDGE('',*,*,#7308,.T.);
#10243=ORIENTED_EDGE('',*,*,#7275,.F.);
#10244=ORIENTED_EDGE('',*,*,#7308,.F.);
#10245=ORIENTED_EDGE('',*,*,#7309,.F.);
#10246=ORIENTED_EDGE('',*,*,#7284,.T.);
#10247=ORIENTED_EDGE('',*,*,#7276,.F.);
#10248=ORIENTED_EDGE('',*,*,#7310,.T.);
#10249=ORIENTED_EDGE('',*,*,#7311,.F.);
#10250=ORIENTED_EDGE('',*,*,#7312,.T.);
#10251=ORIENTED_EDGE('',*,*,#7277,.F.);
#10252=ORIENTED_EDGE('',*,*,#7312,.F.);
#10253=ORIENTED_EDGE('',*,*,#7313,.F.);
#10254=ORIENTED_EDGE('',*,*,#7314,.T.);
#10255=ORIENTED_EDGE('',*,*,#7278,.F.);
#10256=ORIENTED_EDGE('',*,*,#7314,.F.);
#10257=ORIENTED_EDGE('',*,*,#7315,.F.);
#10258=ORIENTED_EDGE('',*,*,#7316,.T.);
#10259=ORIENTED_EDGE('',*,*,#7279,.F.);
#10260=ORIENTED_EDGE('',*,*,#7316,.F.);
#10261=ORIENTED_EDGE('',*,*,#7317,.F.);
#10262=ORIENTED_EDGE('',*,*,#7318,.T.);
#10263=ORIENTED_EDGE('',*,*,#7280,.F.);
#10264=ORIENTED_EDGE('',*,*,#7318,.F.);
#10265=ORIENTED_EDGE('',*,*,#7319,.F.);
#10266=ORIENTED_EDGE('',*,*,#7320,.T.);
#10267=ORIENTED_EDGE('',*,*,#7281,.F.);
#10268=ORIENTED_EDGE('',*,*,#7320,.F.);
#10269=ORIENTED_EDGE('',*,*,#7321,.F.);
#10270=ORIENTED_EDGE('',*,*,#7322,.T.);
#10271=ORIENTED_EDGE('',*,*,#7282,.F.);
#10272=ORIENTED_EDGE('',*,*,#7322,.F.);
#10273=ORIENTED_EDGE('',*,*,#7323,.F.);
#10274=ORIENTED_EDGE('',*,*,#7324,.T.);
#10275=ORIENTED_EDGE('',*,*,#7283,.F.);
#10276=ORIENTED_EDGE('',*,*,#7324,.F.);
#10277=ORIENTED_EDGE('',*,*,#7325,.F.);
#10278=ORIENTED_EDGE('',*,*,#7310,.F.);
#10279=ORIENTED_EDGE('',*,*,#7309,.T.);
#10280=ORIENTED_EDGE('',*,*,#7307,.T.);
#10281=ORIENTED_EDGE('',*,*,#7305,.T.);
#10282=ORIENTED_EDGE('',*,*,#7303,.T.);
#10283=ORIENTED_EDGE('',*,*,#7301,.T.);
#10284=ORIENTED_EDGE('',*,*,#7299,.T.);
#10285=ORIENTED_EDGE('',*,*,#7297,.T.);
#10286=ORIENTED_EDGE('',*,*,#7295,.T.);
#10287=ORIENTED_EDGE('',*,*,#7293,.T.);
#10288=ORIENTED_EDGE('',*,*,#7291,.T.);
#10289=ORIENTED_EDGE('',*,*,#7289,.T.);
#10290=ORIENTED_EDGE('',*,*,#7287,.T.);
#10291=ORIENTED_EDGE('',*,*,#7285,.T.);
#10292=ORIENTED_EDGE('',*,*,#7325,.T.);
#10293=ORIENTED_EDGE('',*,*,#7323,.T.);
#10294=ORIENTED_EDGE('',*,*,#7321,.T.);
#10295=ORIENTED_EDGE('',*,*,#7319,.T.);
#10296=ORIENTED_EDGE('',*,*,#7317,.T.);
#10297=ORIENTED_EDGE('',*,*,#7315,.T.);
#10298=ORIENTED_EDGE('',*,*,#7313,.T.);
#10299=ORIENTED_EDGE('',*,*,#7311,.T.);
#10300=ORIENTED_EDGE('',*,*,#7326,.T.);
#10301=ORIENTED_EDGE('',*,*,#7327,.T.);
#10302=ORIENTED_EDGE('',*,*,#7328,.T.);
#10303=ORIENTED_EDGE('',*,*,#7329,.T.);
#10304=ORIENTED_EDGE('',*,*,#7330,.T.);
#10305=ORIENTED_EDGE('',*,*,#7331,.T.);
#10306=ORIENTED_EDGE('',*,*,#7332,.T.);
#10307=ORIENTED_EDGE('',*,*,#7333,.T.);
#10308=ORIENTED_EDGE('',*,*,#7334,.T.);
#10309=ORIENTED_EDGE('',*,*,#7335,.T.);
#10310=ORIENTED_EDGE('',*,*,#7336,.T.);
#10311=ORIENTED_EDGE('',*,*,#7337,.T.);
#10312=ORIENTED_EDGE('',*,*,#7326,.F.);
#10313=ORIENTED_EDGE('',*,*,#7338,.T.);
#10314=ORIENTED_EDGE('',*,*,#7339,.F.);
#10315=ORIENTED_EDGE('',*,*,#7340,.T.);
#10316=ORIENTED_EDGE('',*,*,#7327,.F.);
#10317=ORIENTED_EDGE('',*,*,#7340,.F.);
#10318=ORIENTED_EDGE('',*,*,#7341,.F.);
#10319=ORIENTED_EDGE('',*,*,#7342,.T.);
#10320=ORIENTED_EDGE('',*,*,#7328,.F.);
#10321=ORIENTED_EDGE('',*,*,#7342,.F.);
#10322=ORIENTED_EDGE('',*,*,#7343,.F.);
#10323=ORIENTED_EDGE('',*,*,#7344,.T.);
#10324=ORIENTED_EDGE('',*,*,#7329,.F.);
#10325=ORIENTED_EDGE('',*,*,#7344,.F.);
#10326=ORIENTED_EDGE('',*,*,#7345,.F.);
#10327=ORIENTED_EDGE('',*,*,#7346,.T.);
#10328=ORIENTED_EDGE('',*,*,#7330,.F.);
#10329=ORIENTED_EDGE('',*,*,#7346,.F.);
#10330=ORIENTED_EDGE('',*,*,#7347,.F.);
#10331=ORIENTED_EDGE('',*,*,#7348,.T.);
#10332=ORIENTED_EDGE('',*,*,#7331,.F.);
#10333=ORIENTED_EDGE('',*,*,#7348,.F.);
#10334=ORIENTED_EDGE('',*,*,#7349,.F.);
#10335=ORIENTED_EDGE('',*,*,#7350,.T.);
#10336=ORIENTED_EDGE('',*,*,#7332,.F.);
#10337=ORIENTED_EDGE('',*,*,#7350,.F.);
#10338=ORIENTED_EDGE('',*,*,#7351,.F.);
#10339=ORIENTED_EDGE('',*,*,#7338,.F.);
#10340=ORIENTED_EDGE('',*,*,#7333,.F.);
#10341=ORIENTED_EDGE('',*,*,#7352,.T.);
#10342=ORIENTED_EDGE('',*,*,#7353,.F.);
#10343=ORIENTED_EDGE('',*,*,#7354,.T.);
#10344=ORIENTED_EDGE('',*,*,#7334,.F.);
#10345=ORIENTED_EDGE('',*,*,#7354,.F.);
#10346=ORIENTED_EDGE('',*,*,#7355,.F.);
#10347=ORIENTED_EDGE('',*,*,#7356,.T.);
#10348=ORIENTED_EDGE('',*,*,#7335,.F.);
#10349=ORIENTED_EDGE('',*,*,#7356,.F.);
#10350=ORIENTED_EDGE('',*,*,#7357,.F.);
#10351=ORIENTED_EDGE('',*,*,#7358,.T.);
#10352=ORIENTED_EDGE('',*,*,#7336,.F.);
#10353=ORIENTED_EDGE('',*,*,#7358,.F.);
#10354=ORIENTED_EDGE('',*,*,#7359,.F.);
#10355=ORIENTED_EDGE('',*,*,#7360,.T.);
#10356=ORIENTED_EDGE('',*,*,#7337,.F.);
#10357=ORIENTED_EDGE('',*,*,#7360,.F.);
#10358=ORIENTED_EDGE('',*,*,#7361,.F.);
#10359=ORIENTED_EDGE('',*,*,#7352,.F.);
#10360=ORIENTED_EDGE('',*,*,#7351,.T.);
#10361=ORIENTED_EDGE('',*,*,#7349,.T.);
#10362=ORIENTED_EDGE('',*,*,#7347,.T.);
#10363=ORIENTED_EDGE('',*,*,#7345,.T.);
#10364=ORIENTED_EDGE('',*,*,#7343,.T.);
#10365=ORIENTED_EDGE('',*,*,#7341,.T.);
#10366=ORIENTED_EDGE('',*,*,#7339,.T.);
#10367=ORIENTED_EDGE('',*,*,#7361,.T.);
#10368=ORIENTED_EDGE('',*,*,#7359,.T.);
#10369=ORIENTED_EDGE('',*,*,#7357,.T.);
#10370=ORIENTED_EDGE('',*,*,#7355,.T.);
#10371=ORIENTED_EDGE('',*,*,#7353,.T.);
#10372=ORIENTED_EDGE('',*,*,#7362,.T.);
#10373=ORIENTED_EDGE('',*,*,#7363,.T.);
#10374=ORIENTED_EDGE('',*,*,#7364,.T.);
#10375=ORIENTED_EDGE('',*,*,#7365,.T.);
#10376=ORIENTED_EDGE('',*,*,#7366,.T.);
#10377=ORIENTED_EDGE('',*,*,#7367,.T.);
#10378=ORIENTED_EDGE('',*,*,#7368,.T.);
#10379=ORIENTED_EDGE('',*,*,#7369,.T.);
#10380=ORIENTED_EDGE('',*,*,#7362,.F.);
#10381=ORIENTED_EDGE('',*,*,#7370,.T.);
#10382=ORIENTED_EDGE('',*,*,#7369,.F.);
#10383=ORIENTED_EDGE('',*,*,#7371,.T.);
#10384=ORIENTED_EDGE('',*,*,#7363,.F.);
#10385=ORIENTED_EDGE('',*,*,#7371,.F.);
#10386=ORIENTED_EDGE('',*,*,#7368,.F.);
#10387=ORIENTED_EDGE('',*,*,#7372,.T.);
#10388=ORIENTED_EDGE('',*,*,#7364,.F.);
#10389=ORIENTED_EDGE('',*,*,#7372,.F.);
#10390=ORIENTED_EDGE('',*,*,#7367,.F.);
#10391=ORIENTED_EDGE('',*,*,#7373,.T.);
#10392=ORIENTED_EDGE('',*,*,#7365,.F.);
#10393=ORIENTED_EDGE('',*,*,#7373,.F.);
#10394=ORIENTED_EDGE('',*,*,#7366,.F.);
#10395=ORIENTED_EDGE('',*,*,#7370,.F.);
#10396=ORIENTED_EDGE('',*,*,#7374,.T.);
#10397=ORIENTED_EDGE('',*,*,#7375,.T.);
#10398=ORIENTED_EDGE('',*,*,#7376,.T.);
#10399=ORIENTED_EDGE('',*,*,#7377,.T.);
#10400=ORIENTED_EDGE('',*,*,#7378,.T.);
#10401=ORIENTED_EDGE('',*,*,#7379,.T.);
#10402=ORIENTED_EDGE('',*,*,#7380,.T.);
#10403=ORIENTED_EDGE('',*,*,#7381,.T.);
#10404=ORIENTED_EDGE('',*,*,#7382,.T.);
#10405=ORIENTED_EDGE('',*,*,#7383,.T.);
#10406=ORIENTED_EDGE('',*,*,#7384,.T.);
#10407=ORIENTED_EDGE('',*,*,#7385,.T.);
#10408=ORIENTED_EDGE('',*,*,#7374,.F.);
#10409=ORIENTED_EDGE('',*,*,#7386,.T.);
#10410=ORIENTED_EDGE('',*,*,#7385,.F.);
#10411=ORIENTED_EDGE('',*,*,#7387,.T.);
#10412=ORIENTED_EDGE('',*,*,#7375,.F.);
#10413=ORIENTED_EDGE('',*,*,#7387,.F.);
#10414=ORIENTED_EDGE('',*,*,#7384,.F.);
#10415=ORIENTED_EDGE('',*,*,#7388,.T.);
#10416=ORIENTED_EDGE('',*,*,#7376,.F.);
#10417=ORIENTED_EDGE('',*,*,#7388,.F.);
#10418=ORIENTED_EDGE('',*,*,#7383,.F.);
#10419=ORIENTED_EDGE('',*,*,#7389,.T.);
#10420=ORIENTED_EDGE('',*,*,#7377,.F.);
#10421=ORIENTED_EDGE('',*,*,#7389,.F.);
#10422=ORIENTED_EDGE('',*,*,#7382,.F.);
#10423=ORIENTED_EDGE('',*,*,#7390,.T.);
#10424=ORIENTED_EDGE('',*,*,#7378,.F.);
#10425=ORIENTED_EDGE('',*,*,#7390,.F.);
#10426=ORIENTED_EDGE('',*,*,#7381,.F.);
#10427=ORIENTED_EDGE('',*,*,#7391,.T.);
#10428=ORIENTED_EDGE('',*,*,#7379,.F.);
#10429=ORIENTED_EDGE('',*,*,#7391,.F.);
#10430=ORIENTED_EDGE('',*,*,#7380,.F.);
#10431=ORIENTED_EDGE('',*,*,#7386,.F.);
#10432=ORIENTED_EDGE('',*,*,#7392,.T.);
#10433=ORIENTED_EDGE('',*,*,#7393,.T.);
#10434=ORIENTED_EDGE('',*,*,#7394,.T.);
#10435=ORIENTED_EDGE('',*,*,#7395,.T.);
#10436=ORIENTED_EDGE('',*,*,#7392,.F.);
#10437=ORIENTED_EDGE('',*,*,#7396,.T.);
#10438=ORIENTED_EDGE('',*,*,#7395,.F.);
#10439=ORIENTED_EDGE('',*,*,#7397,.T.);
#10440=ORIENTED_EDGE('',*,*,#7393,.F.);
#10441=ORIENTED_EDGE('',*,*,#7397,.F.);
#10442=ORIENTED_EDGE('',*,*,#7394,.F.);
#10443=ORIENTED_EDGE('',*,*,#7396,.F.);
#10444=ORIENTED_EDGE('',*,*,#7398,.T.);
#10445=ORIENTED_EDGE('',*,*,#7399,.T.);
#10446=ORIENTED_EDGE('',*,*,#7400,.T.);
#10447=ORIENTED_EDGE('',*,*,#7401,.T.);
#10448=ORIENTED_EDGE('',*,*,#7402,.T.);
#10449=ORIENTED_EDGE('',*,*,#7403,.T.);
#10450=ORIENTED_EDGE('',*,*,#7404,.T.);
#10451=ORIENTED_EDGE('',*,*,#7405,.T.);
#10452=ORIENTED_EDGE('',*,*,#7406,.T.);
#10453=ORIENTED_EDGE('',*,*,#7407,.T.);
#10454=ORIENTED_EDGE('',*,*,#7408,.T.);
#10455=ORIENTED_EDGE('',*,*,#7409,.T.);
#10456=ORIENTED_EDGE('',*,*,#7410,.T.);
#10457=ORIENTED_EDGE('',*,*,#7411,.T.);
#10458=ORIENTED_EDGE('',*,*,#7412,.T.);
#10459=ORIENTED_EDGE('',*,*,#7413,.T.);
#10460=ORIENTED_EDGE('',*,*,#7398,.F.);
#10461=ORIENTED_EDGE('',*,*,#7414,.T.);
#10462=ORIENTED_EDGE('',*,*,#7413,.F.);
#10463=ORIENTED_EDGE('',*,*,#7415,.T.);
#10464=ORIENTED_EDGE('',*,*,#7400,.F.);
#10465=ORIENTED_EDGE('',*,*,#7416,.T.);
#10466=ORIENTED_EDGE('',*,*,#7411,.F.);
#10467=ORIENTED_EDGE('',*,*,#7417,.T.);
#10468=ORIENTED_EDGE('',*,*,#7402,.F.);
#10469=ORIENTED_EDGE('',*,*,#7418,.T.);
#10470=ORIENTED_EDGE('',*,*,#7409,.F.);
#10471=ORIENTED_EDGE('',*,*,#7419,.T.);
#10472=ORIENTED_EDGE('',*,*,#7404,.F.);
#10473=ORIENTED_EDGE('',*,*,#7420,.T.);
#10474=ORIENTED_EDGE('',*,*,#7407,.F.);
#10475=ORIENTED_EDGE('',*,*,#7421,.T.);
#10476=ORIENTED_EDGE('',*,*,#7399,.F.);
#10477=ORIENTED_EDGE('',*,*,#7415,.F.);
#10478=ORIENTED_EDGE('',*,*,#7412,.F.);
#10479=ORIENTED_EDGE('',*,*,#7416,.F.);
#10480=ORIENTED_EDGE('',*,*,#7401,.F.);
#10481=ORIENTED_EDGE('',*,*,#7417,.F.);
#10482=ORIENTED_EDGE('',*,*,#7410,.F.);
#10483=ORIENTED_EDGE('',*,*,#7418,.F.);
#10484=ORIENTED_EDGE('',*,*,#7403,.F.);
#10485=ORIENTED_EDGE('',*,*,#7419,.F.);
#10486=ORIENTED_EDGE('',*,*,#7408,.F.);
#10487=ORIENTED_EDGE('',*,*,#7420,.F.);
#10488=ORIENTED_EDGE('',*,*,#7405,.F.);
#10489=ORIENTED_EDGE('',*,*,#7421,.F.);
#10490=ORIENTED_EDGE('',*,*,#7406,.F.);
#10491=ORIENTED_EDGE('',*,*,#7414,.F.);
#10492=CYLINDRICAL_SURFACE('',#11793,15.9999999999996);
#10493=CYLINDRICAL_SURFACE('',#11796,15.9999999999996);
#10494=CYLINDRICAL_SURFACE('',#11803,29.9999999999995);
#10495=CYLINDRICAL_SURFACE('',#11806,29.9999999999995);
#10496=CYLINDRICAL_SURFACE('',#11815,24.9999999999994);
#10497=CYLINDRICAL_SURFACE('',#11816,24.9999999999994);
#10498=CYLINDRICAL_SURFACE('',#11817,24.9999999999994);
#10499=CYLINDRICAL_SURFACE('',#11818,24.9999999999994);
#10500=CYLINDRICAL_SURFACE('',#11819,24.9999999999994);
#10501=CYLINDRICAL_SURFACE('',#11823,24.9999999999994);
#10502=CYLINDRICAL_SURFACE('',#11824,24.9999999999994);
#10503=CYLINDRICAL_SURFACE('',#11825,24.9999999999994);
#10504=CYLINDRICAL_SURFACE('',#11826,24.9999999999994);
#10505=CYLINDRICAL_SURFACE('',#11827,24.9999999999994);
#10506=CYLINDRICAL_SURFACE('',#11841,16.0000000000002);
#10507=CYLINDRICAL_SURFACE('',#11843,16.0000000000002);
#10508=CYLINDRICAL_SURFACE('',#11851,29.9999999999995);
#10509=CYLINDRICAL_SURFACE('',#11853,29.9999999999995);
#10510=CYLINDRICAL_SURFACE('',#11881,3.25);
#10511=CYLINDRICAL_SURFACE('',#11882,3.25);
#10512=CYLINDRICAL_SURFACE('',#11885,3.25);
#10513=CYLINDRICAL_SURFACE('',#11886,3.25);
#10514=CYLINDRICAL_SURFACE('',#11889,3.25);
#10515=CYLINDRICAL_SURFACE('',#11890,3.25);
#10516=CYLINDRICAL_SURFACE('',#11893,3.25);
#10517=CYLINDRICAL_SURFACE('',#11894,3.25);
#10518=CYLINDRICAL_SURFACE('',#11897,1.25);
#10519=CYLINDRICAL_SURFACE('',#11898,1.25);
#10520=CYLINDRICAL_SURFACE('',#11899,1.25);
#10521=CYLINDRICAL_SURFACE('',#11900,1.25);
#10522=CYLINDRICAL_SURFACE('',#11901,1.25);
#10523=CYLINDRICAL_SURFACE('',#11902,1.25);
#10524=CYLINDRICAL_SURFACE('',#11903,1.25);
#10525=CYLINDRICAL_SURFACE('',#11904,1.25);
#10526=CYLINDRICAL_SURFACE('',#11905,1.25);
#10527=CYLINDRICAL_SURFACE('',#11906,1.25);
#10528=CYLINDRICAL_SURFACE('',#11907,1.25);
#10529=CYLINDRICAL_SURFACE('',#11908,1.25);
#10530=CYLINDRICAL_SURFACE('',#11909,1.25);
#10531=CYLINDRICAL_SURFACE('',#11910,1.25);
#10532=CYLINDRICAL_SURFACE('',#11911,1.25);
#10533=CYLINDRICAL_SURFACE('',#11912,1.25);
#10534=CYLINDRICAL_SURFACE('',#11934,17.3099349120586);
#10535=CYLINDRICAL_SURFACE('',#11935,18.8377672806378);
#10536=CYLINDRICAL_SURFACE('',#11936,17.4015242978518);
#10537=CYLINDRICAL_SURFACE('',#11937,12.4137844779044);
#10538=CYLINDRICAL_SURFACE('',#12447,6.47899747454174);
#10539=CYLINDRICAL_SURFACE('',#12448,6.47899747454174);
#10540=CYLINDRICAL_SURFACE('',#12463,8.12991227765871);
#10541=CYLINDRICAL_SURFACE('',#12464,11.0723464686293);
#10542=CYLINDRICAL_SURFACE('',#12465,10.8251994782213);
#10543=CYLINDRICAL_SURFACE('',#12466,10.4248777007822);
#10544=STYLED_ITEM('',(#18905),#11149);
#10545=STYLED_ITEM('',(#18905),#11150);
#10546=STYLED_ITEM('',(#18905),#11151);
#10547=STYLED_ITEM('',(#18905),#11152);
#10548=STYLED_ITEM('',(#18905),#11153);
#10549=STYLED_ITEM('',(#18905),#11154);
#10550=STYLED_ITEM('',(#18905),#11155);
#10551=STYLED_ITEM('',(#18905),#11156);
#10552=STYLED_ITEM('',(#18905),#11157);
#10553=STYLED_ITEM('',(#18905),#11158);
#10554=STYLED_ITEM('',(#18905),#11159);
#10555=STYLED_ITEM('',(#18905),#11160);
#10556=STYLED_ITEM('',(#18905),#11161);
#10557=STYLED_ITEM('',(#18905),#11162);
#10558=STYLED_ITEM('',(#18905),#11163);
#10559=STYLED_ITEM('',(#18905),#11164);
#10560=STYLED_ITEM('',(#18905),#11165);
#10561=STYLED_ITEM('',(#18905),#11166);
#10562=STYLED_ITEM('',(#18905),#11167);
#10563=STYLED_ITEM('',(#18905),#11168);
#10564=STYLED_ITEM('',(#18905),#11169);
#10565=STYLED_ITEM('',(#18905),#11170);
#10566=STYLED_ITEM('',(#18905),#11171);
#10567=STYLED_ITEM('',(#18905),#11172);
#10568=STYLED_ITEM('',(#18905),#11173);
#10569=STYLED_ITEM('',(#18905),#11174);
#10570=STYLED_ITEM('',(#18905),#11175);
#10571=STYLED_ITEM('',(#18905),#11176);
#10572=STYLED_ITEM('',(#18905),#11177);
#10573=STYLED_ITEM('',(#18905),#11178);
#10574=STYLED_ITEM('',(#18905),#11179);
#10575=STYLED_ITEM('',(#18905),#11180);
#10576=STYLED_ITEM('',(#18905),#11181);
#10577=STYLED_ITEM('',(#18905),#11182);
#10578=STYLED_ITEM('',(#18905),#11183);
#10579=STYLED_ITEM('',(#18905),#11184);
#10580=STYLED_ITEM('',(#18905),#11185);
#10581=STYLED_ITEM('',(#18905),#11186);
#10582=STYLED_ITEM('',(#18905),#11187);
#10583=STYLED_ITEM('',(#18905),#11188);
#10584=STYLED_ITEM('',(#18905),#11189);
#10585=STYLED_ITEM('',(#18905),#11190);
#10586=STYLED_ITEM('',(#18905),#11191);
#10587=STYLED_ITEM('',(#18905),#11192);
#10588=STYLED_ITEM('',(#18905),#11193);
#10589=STYLED_ITEM('',(#18905),#11194);
#10590=STYLED_ITEM('',(#18905),#11195);
#10591=STYLED_ITEM('',(#18905),#11196);
#10592=STYLED_ITEM('',(#18905),#11197);
#10593=STYLED_ITEM('',(#18905),#11198);
#10594=STYLED_ITEM('',(#18905),#11199);
#10595=STYLED_ITEM('',(#18905),#11200);
#10596=STYLED_ITEM('',(#18905),#11201);
#10597=STYLED_ITEM('',(#18905),#11202);
#10598=STYLED_ITEM('',(#18905),#11203);
#10599=STYLED_ITEM('',(#18905),#11204);
#10600=STYLED_ITEM('',(#18905),#11205);
#10601=STYLED_ITEM('',(#18905),#11206);
#10602=STYLED_ITEM('',(#18905),#11207);
#10603=STYLED_ITEM('',(#18905),#11208);
#10604=STYLED_ITEM('',(#18905),#11209);
#10605=STYLED_ITEM('',(#18905),#11210);
#10606=STYLED_ITEM('',(#18905),#11211);
#10607=STYLED_ITEM('',(#18905),#11212);
#10608=STYLED_ITEM('',(#18905),#11213);
#10609=STYLED_ITEM('',(#18905),#11214);
#10610=STYLED_ITEM('',(#18905),#11215);
#10611=STYLED_ITEM('',(#18905),#11216);
#10612=STYLED_ITEM('',(#18905),#11217);
#10613=STYLED_ITEM('',(#18905),#11218);
#10614=STYLED_ITEM('',(#18905),#11219);
#10615=STYLED_ITEM('',(#18905),#11220);
#10616=STYLED_ITEM('',(#18906),#11221);
#10617=STYLED_ITEM('',(#18906),#11222);
#10618=STYLED_ITEM('',(#18906),#11223);
#10619=STYLED_ITEM('',(#18906),#11224);
#10620=STYLED_ITEM('',(#18906),#11225);
#10621=STYLED_ITEM('',(#18906),#11226);
#10622=STYLED_ITEM('',(#18906),#11227);
#10623=STYLED_ITEM('',(#18906),#11228);
#10624=STYLED_ITEM('',(#18906),#11229);
#10625=STYLED_ITEM('',(#18906),#11230);
#10626=STYLED_ITEM('',(#18906),#11231);
#10627=STYLED_ITEM('',(#18906),#11232);
#10628=STYLED_ITEM('',(#18906),#11233);
#10629=STYLED_ITEM('',(#18906),#11234);
#10630=STYLED_ITEM('',(#18906),#11235);
#10631=STYLED_ITEM('',(#18906),#11236);
#10632=STYLED_ITEM('',(#18907),#11237);
#10633=STYLED_ITEM('',(#18907),#11238);
#10634=STYLED_ITEM('',(#18907),#11239);
#10635=STYLED_ITEM('',(#18907),#11240);
#10636=STYLED_ITEM('',(#18907),#11241);
#10637=STYLED_ITEM('',(#18907),#11242);
#10638=STYLED_ITEM('',(#18907),#11243);
#10639=STYLED_ITEM('',(#18907),#11244);
#10640=STYLED_ITEM('',(#18907),#11245);
#10641=STYLED_ITEM('',(#18907),#11246);
#10642=STYLED_ITEM('',(#18907),#11247);
#10643=STYLED_ITEM('',(#18907),#11248);
#10644=STYLED_ITEM('',(#18907),#11249);
#10645=STYLED_ITEM('',(#18907),#11250);
#10646=STYLED_ITEM('',(#18907),#11251);
#10647=STYLED_ITEM('',(#18907),#11252);
#10648=STYLED_ITEM('',(#18907),#11253);
#10649=STYLED_ITEM('',(#18907),#11254);
#10650=STYLED_ITEM('',(#18907),#11255);
#10651=STYLED_ITEM('',(#18907),#11256);
#10652=STYLED_ITEM('',(#18907),#11257);
#10653=STYLED_ITEM('',(#18907),#11258);
#10654=STYLED_ITEM('',(#18907),#11259);
#10655=STYLED_ITEM('',(#18907),#11260);
#10656=STYLED_ITEM('',(#18907),#11261);
#10657=STYLED_ITEM('',(#18907),#11262);
#10658=STYLED_ITEM('',(#18907),#11263);
#10659=STYLED_ITEM('',(#18907),#11264);
#10660=STYLED_ITEM('',(#18907),#11265);
#10661=STYLED_ITEM('',(#18907),#11266);
#10662=STYLED_ITEM('',(#18907),#11267);
#10663=STYLED_ITEM('',(#18907),#11268);
#10664=STYLED_ITEM('',(#18907),#11269);
#10665=STYLED_ITEM('',(#18907),#11270);
#10666=STYLED_ITEM('',(#18907),#11271);
#10667=STYLED_ITEM('',(#18907),#11272);
#10668=STYLED_ITEM('',(#18907),#11273);
#10669=STYLED_ITEM('',(#18907),#11274);
#10670=STYLED_ITEM('',(#18907),#11275);
#10671=STYLED_ITEM('',(#18907),#11276);
#10672=STYLED_ITEM('',(#18907),#11277);
#10673=STYLED_ITEM('',(#18907),#11278);
#10674=STYLED_ITEM('',(#18907),#11279);
#10675=STYLED_ITEM('',(#18907),#11280);
#10676=STYLED_ITEM('',(#18907),#11281);
#10677=STYLED_ITEM('',(#18907),#11282);
#10678=STYLED_ITEM('',(#18907),#11283);
#10679=STYLED_ITEM('',(#18907),#11284);
#10680=STYLED_ITEM('',(#18907),#11285);
#10681=STYLED_ITEM('',(#18907),#11286);
#10682=STYLED_ITEM('',(#18907),#11287);
#10683=STYLED_ITEM('',(#18907),#11288);
#10684=STYLED_ITEM('',(#18907),#11289);
#10685=STYLED_ITEM('',(#18907),#11290);
#10686=STYLED_ITEM('',(#18907),#11291);
#10687=STYLED_ITEM('',(#18907),#11292);
#10688=STYLED_ITEM('',(#18907),#11293);
#10689=STYLED_ITEM('',(#18907),#11294);
#10690=STYLED_ITEM('',(#18907),#11295);
#10691=STYLED_ITEM('',(#18907),#11296);
#10692=STYLED_ITEM('',(#18907),#11297);
#10693=STYLED_ITEM('',(#18907),#11298);
#10694=STYLED_ITEM('',(#18907),#11299);
#10695=STYLED_ITEM('',(#18907),#11300);
#10696=STYLED_ITEM('',(#18907),#11301);
#10697=STYLED_ITEM('',(#18907),#11302);
#10698=STYLED_ITEM('',(#18907),#11303);
#10699=STYLED_ITEM('',(#18907),#11304);
#10700=STYLED_ITEM('',(#18907),#11305);
#10701=STYLED_ITEM('',(#18907),#11306);
#10702=STYLED_ITEM('',(#18907),#11307);
#10703=STYLED_ITEM('',(#18907),#11308);
#10704=STYLED_ITEM('',(#18907),#11309);
#10705=STYLED_ITEM('',(#18907),#11310);
#10706=STYLED_ITEM('',(#18907),#11311);
#10707=STYLED_ITEM('',(#18907),#11312);
#10708=STYLED_ITEM('',(#18907),#11313);
#10709=STYLED_ITEM('',(#18907),#11314);
#10710=STYLED_ITEM('',(#18907),#11315);
#10711=STYLED_ITEM('',(#18907),#11316);
#10712=STYLED_ITEM('',(#18907),#11317);
#10713=STYLED_ITEM('',(#18907),#11318);
#10714=STYLED_ITEM('',(#18907),#11319);
#10715=STYLED_ITEM('',(#18907),#11320);
#10716=STYLED_ITEM('',(#18907),#11321);
#10717=STYLED_ITEM('',(#18907),#11322);
#10718=STYLED_ITEM('',(#18907),#11323);
#10719=STYLED_ITEM('',(#18907),#11324);
#10720=STYLED_ITEM('',(#18907),#11325);
#10721=STYLED_ITEM('',(#18907),#11326);
#10722=STYLED_ITEM('',(#18907),#11327);
#10723=STYLED_ITEM('',(#18907),#11328);
#10724=STYLED_ITEM('',(#18907),#11329);
#10725=STYLED_ITEM('',(#18907),#11330);
#10726=STYLED_ITEM('',(#18907),#11331);
#10727=STYLED_ITEM('',(#18907),#11332);
#10728=STYLED_ITEM('',(#18907),#11333);
#10729=STYLED_ITEM('',(#18907),#11334);
#10730=STYLED_ITEM('',(#18907),#11335);
#10731=STYLED_ITEM('',(#18907),#11336);
#10732=STYLED_ITEM('',(#18907),#11337);
#10733=STYLED_ITEM('',(#18907),#11338);
#10734=STYLED_ITEM('',(#18907),#11339);
#10735=STYLED_ITEM('',(#18907),#11340);
#10736=STYLED_ITEM('',(#18907),#11341);
#10737=STYLED_ITEM('',(#18907),#11342);
#10738=STYLED_ITEM('',(#18907),#11343);
#10739=STYLED_ITEM('',(#18907),#11344);
#10740=STYLED_ITEM('',(#18907),#11345);
#10741=STYLED_ITEM('',(#18907),#11346);
#10742=STYLED_ITEM('',(#18907),#11347);
#10743=STYLED_ITEM('',(#18907),#11348);
#10744=STYLED_ITEM('',(#18907),#11349);
#10745=STYLED_ITEM('',(#18907),#11350);
#10746=STYLED_ITEM('',(#18907),#11351);
#10747=STYLED_ITEM('',(#18907),#11352);
#10748=STYLED_ITEM('',(#18907),#11353);
#10749=STYLED_ITEM('',(#18907),#11354);
#10750=STYLED_ITEM('',(#18907),#11355);
#10751=STYLED_ITEM('',(#18907),#11356);
#10752=STYLED_ITEM('',(#18907),#11357);
#10753=STYLED_ITEM('',(#18907),#11358);
#10754=STYLED_ITEM('',(#18907),#11359);
#10755=STYLED_ITEM('',(#18907),#11360);
#10756=STYLED_ITEM('',(#18907),#11361);
#10757=STYLED_ITEM('',(#18907),#11362);
#10758=STYLED_ITEM('',(#18907),#11363);
#10759=STYLED_ITEM('',(#18907),#11364);
#10760=STYLED_ITEM('',(#18907),#11365);
#10761=STYLED_ITEM('',(#18907),#11366);
#10762=STYLED_ITEM('',(#18907),#11367);
#10763=STYLED_ITEM('',(#18907),#11368);
#10764=STYLED_ITEM('',(#18907),#11369);
#10765=STYLED_ITEM('',(#18907),#11370);
#10766=STYLED_ITEM('',(#18907),#11371);
#10767=STYLED_ITEM('',(#18907),#11372);
#10768=STYLED_ITEM('',(#18907),#11373);
#10769=STYLED_ITEM('',(#18907),#11374);
#10770=STYLED_ITEM('',(#18907),#11375);
#10771=STYLED_ITEM('',(#18907),#11376);
#10772=STYLED_ITEM('',(#18907),#11377);
#10773=STYLED_ITEM('',(#18907),#11378);
#10774=STYLED_ITEM('',(#18907),#11379);
#10775=STYLED_ITEM('',(#18907),#11380);
#10776=STYLED_ITEM('',(#18907),#11381);
#10777=STYLED_ITEM('',(#18907),#11382);
#10778=STYLED_ITEM('',(#18907),#11383);
#10779=STYLED_ITEM('',(#18907),#11384);
#10780=STYLED_ITEM('',(#18907),#11385);
#10781=STYLED_ITEM('',(#18907),#11386);
#10782=STYLED_ITEM('',(#18907),#11387);
#10783=STYLED_ITEM('',(#18907),#11388);
#10784=STYLED_ITEM('',(#18907),#11389);
#10785=STYLED_ITEM('',(#18907),#11390);
#10786=STYLED_ITEM('',(#18907),#11391);
#10787=STYLED_ITEM('',(#18907),#11392);
#10788=STYLED_ITEM('',(#18907),#11393);
#10789=STYLED_ITEM('',(#18907),#11394);
#10790=STYLED_ITEM('',(#18907),#11395);
#10791=STYLED_ITEM('',(#18907),#11396);
#10792=STYLED_ITEM('',(#18907),#11397);
#10793=STYLED_ITEM('',(#18907),#11398);
#10794=STYLED_ITEM('',(#18907),#11399);
#10795=STYLED_ITEM('',(#18907),#11400);
#10796=STYLED_ITEM('',(#18907),#11401);
#10797=STYLED_ITEM('',(#18907),#11402);
#10798=STYLED_ITEM('',(#18907),#11403);
#10799=STYLED_ITEM('',(#18907),#11404);
#10800=STYLED_ITEM('',(#18907),#11405);
#10801=STYLED_ITEM('',(#18907),#11406);
#10802=STYLED_ITEM('',(#18907),#11407);
#10803=STYLED_ITEM('',(#18907),#11408);
#10804=STYLED_ITEM('',(#18907),#11409);
#10805=STYLED_ITEM('',(#18907),#11410);
#10806=STYLED_ITEM('',(#18907),#11411);
#10807=STYLED_ITEM('',(#18907),#11412);
#10808=STYLED_ITEM('',(#18907),#11413);
#10809=STYLED_ITEM('',(#18907),#11414);
#10810=STYLED_ITEM('',(#18907),#11415);
#10811=STYLED_ITEM('',(#18907),#11416);
#10812=STYLED_ITEM('',(#18907),#11417);
#10813=STYLED_ITEM('',(#18907),#11418);
#10814=STYLED_ITEM('',(#18907),#11419);
#10815=STYLED_ITEM('',(#18907),#11420);
#10816=STYLED_ITEM('',(#18907),#11421);
#10817=STYLED_ITEM('',(#18907),#11422);
#10818=STYLED_ITEM('',(#18907),#11423);
#10819=STYLED_ITEM('',(#18907),#11424);
#10820=STYLED_ITEM('',(#18907),#11425);
#10821=STYLED_ITEM('',(#18907),#11426);
#10822=STYLED_ITEM('',(#18907),#11427);
#10823=STYLED_ITEM('',(#18907),#11428);
#10824=STYLED_ITEM('',(#18907),#11429);
#10825=STYLED_ITEM('',(#18907),#11430);
#10826=STYLED_ITEM('',(#18907),#11431);
#10827=STYLED_ITEM('',(#18907),#11432);
#10828=STYLED_ITEM('',(#18907),#11433);
#10829=STYLED_ITEM('',(#18907),#11434);
#10830=STYLED_ITEM('',(#18907),#11435);
#10831=STYLED_ITEM('',(#18907),#11436);
#10832=STYLED_ITEM('',(#18907),#11437);
#10833=STYLED_ITEM('',(#18907),#11438);
#10834=STYLED_ITEM('',(#18907),#11439);
#10835=STYLED_ITEM('',(#18907),#11440);
#10836=STYLED_ITEM('',(#18907),#11441);
#10837=STYLED_ITEM('',(#18907),#11442);
#10838=STYLED_ITEM('',(#18907),#11443);
#10839=STYLED_ITEM('',(#18907),#11444);
#10840=STYLED_ITEM('',(#18907),#11445);
#10841=STYLED_ITEM('',(#18907),#11446);
#10842=STYLED_ITEM('',(#18907),#11447);
#10843=STYLED_ITEM('',(#18907),#11448);
#10844=STYLED_ITEM('',(#18907),#11449);
#10845=STYLED_ITEM('',(#18907),#11450);
#10846=STYLED_ITEM('',(#18907),#11451);
#10847=STYLED_ITEM('',(#18907),#11452);
#10848=STYLED_ITEM('',(#18907),#11453);
#10849=STYLED_ITEM('',(#18907),#11454);
#10850=STYLED_ITEM('',(#18907),#11455);
#10851=STYLED_ITEM('',(#18907),#11456);
#10852=STYLED_ITEM('',(#18907),#11457);
#10853=STYLED_ITEM('',(#18907),#11458);
#10854=STYLED_ITEM('',(#18907),#11459);
#10855=STYLED_ITEM('',(#18907),#11460);
#10856=STYLED_ITEM('',(#18907),#11461);
#10857=STYLED_ITEM('',(#18907),#11462);
#10858=STYLED_ITEM('',(#18907),#11463);
#10859=STYLED_ITEM('',(#18907),#11464);
#10860=STYLED_ITEM('',(#18907),#11465);
#10861=STYLED_ITEM('',(#18907),#11466);
#10862=STYLED_ITEM('',(#18907),#11467);
#10863=STYLED_ITEM('',(#18907),#11468);
#10864=STYLED_ITEM('',(#18907),#11469);
#10865=STYLED_ITEM('',(#18907),#11470);
#10866=STYLED_ITEM('',(#18907),#11471);
#10867=STYLED_ITEM('',(#18907),#11472);
#10868=STYLED_ITEM('',(#18907),#11473);
#10869=STYLED_ITEM('',(#18907),#11474);
#10870=STYLED_ITEM('',(#18907),#11475);
#10871=STYLED_ITEM('',(#18907),#11476);
#10872=STYLED_ITEM('',(#18907),#11477);
#10873=STYLED_ITEM('',(#18907),#11478);
#10874=STYLED_ITEM('',(#18907),#11479);
#10875=STYLED_ITEM('',(#18907),#11480);
#10876=STYLED_ITEM('',(#18907),#11481);
#10877=STYLED_ITEM('',(#18907),#11482);
#10878=STYLED_ITEM('',(#18907),#11483);
#10879=STYLED_ITEM('',(#18907),#11484);
#10880=STYLED_ITEM('',(#18907),#11485);
#10881=STYLED_ITEM('',(#18907),#11486);
#10882=STYLED_ITEM('',(#18907),#11487);
#10883=STYLED_ITEM('',(#18907),#11488);
#10884=STYLED_ITEM('',(#18907),#11489);
#10885=STYLED_ITEM('',(#18907),#11490);
#10886=STYLED_ITEM('',(#18907),#11491);
#10887=STYLED_ITEM('',(#18907),#11492);
#10888=STYLED_ITEM('',(#18907),#11493);
#10889=STYLED_ITEM('',(#18907),#11494);
#10890=STYLED_ITEM('',(#18907),#11495);
#10891=STYLED_ITEM('',(#18907),#11496);
#10892=STYLED_ITEM('',(#18907),#11497);
#10893=STYLED_ITEM('',(#18907),#11498);
#10894=STYLED_ITEM('',(#18907),#11499);
#10895=STYLED_ITEM('',(#18907),#11500);
#10896=STYLED_ITEM('',(#18907),#11501);
#10897=STYLED_ITEM('',(#18907),#11502);
#10898=STYLED_ITEM('',(#18907),#11503);
#10899=STYLED_ITEM('',(#18907),#11504);
#10900=STYLED_ITEM('',(#18907),#11505);
#10901=STYLED_ITEM('',(#18907),#11506);
#10902=STYLED_ITEM('',(#18907),#11507);
#10903=STYLED_ITEM('',(#18907),#11508);
#10904=STYLED_ITEM('',(#18907),#11509);
#10905=STYLED_ITEM('',(#18907),#11510);
#10906=STYLED_ITEM('',(#18907),#11511);
#10907=STYLED_ITEM('',(#18907),#11512);
#10908=STYLED_ITEM('',(#18907),#11513);
#10909=STYLED_ITEM('',(#18907),#11514);
#10910=STYLED_ITEM('',(#18907),#11515);
#10911=STYLED_ITEM('',(#18907),#11516);
#10912=STYLED_ITEM('',(#18907),#11517);
#10913=STYLED_ITEM('',(#18907),#11518);
#10914=STYLED_ITEM('',(#18907),#11519);
#10915=STYLED_ITEM('',(#18907),#11520);
#10916=STYLED_ITEM('',(#18907),#11521);
#10917=STYLED_ITEM('',(#18907),#11522);
#10918=STYLED_ITEM('',(#18907),#11523);
#10919=STYLED_ITEM('',(#18907),#11524);
#10920=STYLED_ITEM('',(#18907),#11525);
#10921=STYLED_ITEM('',(#18907),#11526);
#10922=STYLED_ITEM('',(#18907),#11527);
#10923=STYLED_ITEM('',(#18907),#11528);
#10924=STYLED_ITEM('',(#18907),#11529);
#10925=STYLED_ITEM('',(#18907),#11530);
#10926=STYLED_ITEM('',(#18907),#11531);
#10927=STYLED_ITEM('',(#18907),#11532);
#10928=STYLED_ITEM('',(#18907),#11533);
#10929=STYLED_ITEM('',(#18907),#11534);
#10930=STYLED_ITEM('',(#18907),#11535);
#10931=STYLED_ITEM('',(#18907),#11536);
#10932=STYLED_ITEM('',(#18907),#11537);
#10933=STYLED_ITEM('',(#18907),#11538);
#10934=STYLED_ITEM('',(#18907),#11539);
#10935=STYLED_ITEM('',(#18907),#11540);
#10936=STYLED_ITEM('',(#18907),#11541);
#10937=STYLED_ITEM('',(#18907),#11542);
#10938=STYLED_ITEM('',(#18907),#11543);
#10939=STYLED_ITEM('',(#18907),#11544);
#10940=STYLED_ITEM('',(#18907),#11545);
#10941=STYLED_ITEM('',(#18907),#11546);
#10942=STYLED_ITEM('',(#18907),#11547);
#10943=STYLED_ITEM('',(#18907),#11548);
#10944=STYLED_ITEM('',(#18907),#11549);
#10945=STYLED_ITEM('',(#18907),#11550);
#10946=STYLED_ITEM('',(#18907),#11551);
#10947=STYLED_ITEM('',(#18907),#11552);
#10948=STYLED_ITEM('',(#18907),#11553);
#10949=STYLED_ITEM('',(#18907),#11554);
#10950=STYLED_ITEM('',(#18907),#11555);
#10951=STYLED_ITEM('',(#18907),#11556);
#10952=STYLED_ITEM('',(#18907),#11557);
#10953=STYLED_ITEM('',(#18907),#11558);
#10954=STYLED_ITEM('',(#18907),#11559);
#10955=STYLED_ITEM('',(#18907),#11560);
#10956=STYLED_ITEM('',(#18907),#11561);
#10957=STYLED_ITEM('',(#18907),#11562);
#10958=STYLED_ITEM('',(#18907),#11563);
#10959=STYLED_ITEM('',(#18907),#11564);
#10960=STYLED_ITEM('',(#18907),#11565);
#10961=STYLED_ITEM('',(#18907),#11566);
#10962=STYLED_ITEM('',(#18907),#11567);
#10963=STYLED_ITEM('',(#18907),#11568);
#10964=STYLED_ITEM('',(#18907),#11569);
#10965=STYLED_ITEM('',(#18907),#11570);
#10966=STYLED_ITEM('',(#18907),#11571);
#10967=STYLED_ITEM('',(#18907),#11572);
#10968=STYLED_ITEM('',(#18907),#11573);
#10969=STYLED_ITEM('',(#18907),#11574);
#10970=STYLED_ITEM('',(#18907),#11575);
#10971=STYLED_ITEM('',(#18907),#11576);
#10972=STYLED_ITEM('',(#18907),#11577);
#10973=STYLED_ITEM('',(#18907),#11578);
#10974=STYLED_ITEM('',(#18907),#11579);
#10975=STYLED_ITEM('',(#18907),#11580);
#10976=STYLED_ITEM('',(#18907),#11581);
#10977=STYLED_ITEM('',(#18907),#11582);
#10978=STYLED_ITEM('',(#18907),#11583);
#10979=STYLED_ITEM('',(#18907),#11584);
#10980=STYLED_ITEM('',(#18907),#11585);
#10981=STYLED_ITEM('',(#18907),#11586);
#10982=STYLED_ITEM('',(#18907),#11587);
#10983=STYLED_ITEM('',(#18907),#11588);
#10984=STYLED_ITEM('',(#18907),#11589);
#10985=STYLED_ITEM('',(#18907),#11590);
#10986=STYLED_ITEM('',(#18907),#11591);
#10987=STYLED_ITEM('',(#18907),#11592);
#10988=STYLED_ITEM('',(#18907),#11593);
#10989=STYLED_ITEM('',(#18907),#11594);
#10990=STYLED_ITEM('',(#18907),#11595);
#10991=STYLED_ITEM('',(#18907),#11596);
#10992=STYLED_ITEM('',(#18907),#11597);
#10993=STYLED_ITEM('',(#18907),#11598);
#10994=STYLED_ITEM('',(#18907),#11599);
#10995=STYLED_ITEM('',(#18907),#11600);
#10996=STYLED_ITEM('',(#18907),#11601);
#10997=STYLED_ITEM('',(#18907),#11602);
#10998=STYLED_ITEM('',(#18907),#11603);
#10999=STYLED_ITEM('',(#18907),#11604);
#11000=STYLED_ITEM('',(#18907),#11605);
#11001=STYLED_ITEM('',(#18907),#11606);
#11002=STYLED_ITEM('',(#18907),#11607);
#11003=STYLED_ITEM('',(#18907),#11608);
#11004=STYLED_ITEM('',(#18907),#11609);
#11005=STYLED_ITEM('',(#18907),#11610);
#11006=STYLED_ITEM('',(#18907),#11611);
#11007=STYLED_ITEM('',(#18907),#11612);
#11008=STYLED_ITEM('',(#18907),#11613);
#11009=STYLED_ITEM('',(#18907),#11614);
#11010=STYLED_ITEM('',(#18907),#11615);
#11011=STYLED_ITEM('',(#18907),#11616);
#11012=STYLED_ITEM('',(#18907),#11617);
#11013=STYLED_ITEM('',(#18907),#11618);
#11014=STYLED_ITEM('',(#18907),#11619);
#11015=STYLED_ITEM('',(#18907),#11620);
#11016=STYLED_ITEM('',(#18907),#11621);
#11017=STYLED_ITEM('',(#18907),#11622);
#11018=STYLED_ITEM('',(#18907),#11623);
#11019=STYLED_ITEM('',(#18907),#11624);
#11020=STYLED_ITEM('',(#18907),#11625);
#11021=STYLED_ITEM('',(#18907),#11626);
#11022=STYLED_ITEM('',(#18907),#11627);
#11023=STYLED_ITEM('',(#18907),#11628);
#11024=STYLED_ITEM('',(#18907),#11629);
#11025=STYLED_ITEM('',(#18907),#11630);
#11026=STYLED_ITEM('',(#18907),#11631);
#11027=STYLED_ITEM('',(#18907),#11632);
#11028=STYLED_ITEM('',(#18907),#11633);
#11029=STYLED_ITEM('',(#18907),#11634);
#11030=STYLED_ITEM('',(#18907),#11635);
#11031=STYLED_ITEM('',(#18907),#11636);
#11032=STYLED_ITEM('',(#18907),#11637);
#11033=STYLED_ITEM('',(#18907),#11638);
#11034=STYLED_ITEM('',(#18907),#11639);
#11035=STYLED_ITEM('',(#18907),#11640);
#11036=STYLED_ITEM('',(#18907),#11641);
#11037=STYLED_ITEM('',(#18907),#11642);
#11038=STYLED_ITEM('',(#18907),#11643);
#11039=STYLED_ITEM('',(#18907),#11644);
#11040=STYLED_ITEM('',(#18907),#11645);
#11041=STYLED_ITEM('',(#18907),#11646);
#11042=STYLED_ITEM('',(#18907),#11647);
#11043=STYLED_ITEM('',(#18907),#11648);
#11044=STYLED_ITEM('',(#18907),#11649);
#11045=STYLED_ITEM('',(#18907),#11650);
#11046=STYLED_ITEM('',(#18907),#11651);
#11047=STYLED_ITEM('',(#18907),#11652);
#11048=STYLED_ITEM('',(#18907),#11653);
#11049=STYLED_ITEM('',(#18907),#11654);
#11050=STYLED_ITEM('',(#18907),#11655);
#11051=STYLED_ITEM('',(#18907),#11656);
#11052=STYLED_ITEM('',(#18907),#11657);
#11053=STYLED_ITEM('',(#18907),#11658);
#11054=STYLED_ITEM('',(#18907),#11659);
#11055=STYLED_ITEM('',(#18907),#11660);
#11056=STYLED_ITEM('',(#18907),#11661);
#11057=STYLED_ITEM('',(#18907),#11662);
#11058=STYLED_ITEM('',(#18907),#11663);
#11059=STYLED_ITEM('',(#18907),#11664);
#11060=STYLED_ITEM('',(#18907),#11665);
#11061=STYLED_ITEM('',(#18907),#11666);
#11062=STYLED_ITEM('',(#18907),#11667);
#11063=STYLED_ITEM('',(#18907),#11668);
#11064=STYLED_ITEM('',(#18907),#11669);
#11065=STYLED_ITEM('',(#18907),#11670);
#11066=STYLED_ITEM('',(#18907),#11671);
#11067=STYLED_ITEM('',(#18907),#11672);
#11068=STYLED_ITEM('',(#18907),#11673);
#11069=STYLED_ITEM('',(#18907),#11674);
#11070=STYLED_ITEM('',(#18907),#11675);
#11071=STYLED_ITEM('',(#18907),#11676);
#11072=STYLED_ITEM('',(#18907),#11677);
#11073=STYLED_ITEM('',(#18907),#11678);
#11074=STYLED_ITEM('',(#18907),#11679);
#11075=STYLED_ITEM('',(#18907),#11680);
#11076=STYLED_ITEM('',(#18907),#11681);
#11077=STYLED_ITEM('',(#18907),#11682);
#11078=STYLED_ITEM('',(#18907),#11683);
#11079=STYLED_ITEM('',(#18907),#11684);
#11080=STYLED_ITEM('',(#18907),#11685);
#11081=STYLED_ITEM('',(#18907),#11686);
#11082=STYLED_ITEM('',(#18907),#11687);
#11083=STYLED_ITEM('',(#18907),#11688);
#11084=STYLED_ITEM('',(#18907),#11689);
#11085=STYLED_ITEM('',(#18907),#11690);
#11086=STYLED_ITEM('',(#18907),#11691);
#11087=STYLED_ITEM('',(#18907),#11692);
#11088=STYLED_ITEM('',(#18907),#11693);
#11089=STYLED_ITEM('',(#18907),#11694);
#11090=STYLED_ITEM('',(#18907),#11695);
#11091=STYLED_ITEM('',(#18907),#11696);
#11092=STYLED_ITEM('',(#18907),#11697);
#11093=STYLED_ITEM('',(#18907),#11698);
#11094=STYLED_ITEM('',(#18907),#11699);
#11095=STYLED_ITEM('',(#18907),#11700);
#11096=STYLED_ITEM('',(#18907),#11701);
#11097=STYLED_ITEM('',(#18907),#11702);
#11098=STYLED_ITEM('',(#18907),#11703);
#11099=STYLED_ITEM('',(#18907),#11704);
#11100=STYLED_ITEM('',(#18907),#11705);
#11101=STYLED_ITEM('',(#18907),#11706);
#11102=STYLED_ITEM('',(#18907),#11707);
#11103=STYLED_ITEM('',(#18907),#11708);
#11104=STYLED_ITEM('',(#18907),#11709);
#11105=STYLED_ITEM('',(#18907),#11710);
#11106=STYLED_ITEM('',(#18907),#11711);
#11107=STYLED_ITEM('',(#18907),#11712);
#11108=STYLED_ITEM('',(#18907),#11713);
#11109=STYLED_ITEM('',(#18907),#11714);
#11110=STYLED_ITEM('',(#18907),#11715);
#11111=STYLED_ITEM('',(#18907),#11716);
#11112=STYLED_ITEM('',(#18907),#11717);
#11113=STYLED_ITEM('',(#18907),#11718);
#11114=STYLED_ITEM('',(#18907),#11719);
#11115=STYLED_ITEM('',(#18907),#11720);
#11116=STYLED_ITEM('',(#18907),#11721);
#11117=STYLED_ITEM('',(#18907),#11722);
#11118=STYLED_ITEM('',(#18907),#11723);
#11119=STYLED_ITEM('',(#18907),#11724);
#11120=STYLED_ITEM('',(#18907),#11725);
#11121=STYLED_ITEM('',(#18908),#11726);
#11122=STYLED_ITEM('',(#18908),#11727);
#11123=STYLED_ITEM('',(#18908),#11728);
#11124=STYLED_ITEM('',(#18908),#11729);
#11125=STYLED_ITEM('',(#18908),#11730);
#11126=STYLED_ITEM('',(#18908),#11731);
#11127=STYLED_ITEM('',(#18907),#11732);
#11128=STYLED_ITEM('',(#18907),#11733);
#11129=STYLED_ITEM('',(#18907),#11734);
#11130=STYLED_ITEM('',(#18907),#11735);
#11131=STYLED_ITEM('',(#18907),#11736);
#11132=STYLED_ITEM('',(#18907),#11737);
#11133=STYLED_ITEM('',(#18907),#11738);
#11134=STYLED_ITEM('',(#18907),#11739);
#11135=STYLED_ITEM('',(#18907),#11740);
#11136=STYLED_ITEM('',(#18907),#11741);
#11137=STYLED_ITEM('',(#18907),#11742);
#11138=STYLED_ITEM('',(#18907),#11743);
#11139=STYLED_ITEM('',(#18906),#11744);
#11140=STYLED_ITEM('',(#18906),#11745);
#11141=STYLED_ITEM('',(#18906),#11746);
#11142=STYLED_ITEM('',(#18906),#11747);
#11143=STYLED_ITEM('',(#18906),#11748);
#11144=STYLED_ITEM('',(#18906),#11749);
#11145=STYLED_ITEM('',(#18906),#11750);
#11146=STYLED_ITEM('',(#18906),#11751);
#11147=STYLED_ITEM('',(#18906),#11752);
#11148=STYLED_ITEM('',(#18906),#11753);
#11149=ADVANCED_FACE('',(#681),#10492,.T.);
#11150=ADVANCED_FACE('',(#682),#10493,.T.);
#11151=ADVANCED_FACE('',(#683),#136,.F.);
#11152=ADVANCED_FACE('',(#684),#137,.F.);
#11153=ADVANCED_FACE('',(#685),#10494,.T.);
#11154=ADVANCED_FACE('',(#686),#10495,.T.);
#11155=ADVANCED_FACE('',(#687),#138,.T.);
#11156=ADVANCED_FACE('',(#688),#139,.T.);
#11157=ADVANCED_FACE('',(#689),#10496,.T.);
#11158=ADVANCED_FACE('',(#690),#10497,.T.);
#11159=ADVANCED_FACE('',(#691),#10498,.T.);
#11160=ADVANCED_FACE('',(#692),#10499,.T.);
#11161=ADVANCED_FACE('',(#693,#76),#10500,.T.);
#11162=ADVANCED_FACE('',(#694),#10501,.T.);
#11163=ADVANCED_FACE('',(#695),#10502,.T.);
#11164=ADVANCED_FACE('',(#696),#10503,.T.);
#11165=ADVANCED_FACE('',(#697),#10504,.T.);
#11166=ADVANCED_FACE('',(#698,#77),#10505,.T.);
#11167=ADVANCED_FACE('',(#699),#140,.F.);
#11168=ADVANCED_FACE('',(#700),#141,.F.);
#11169=ADVANCED_FACE('',(#701),#142,.T.);
#11170=ADVANCED_FACE('',(#702),#143,.T.);
#11171=ADVANCED_FACE('',(#703),#10506,.T.);
#11172=ADVANCED_FACE('',(#704),#10507,.T.);
#11173=ADVANCED_FACE('',(#705),#144,.T.);
#11174=ADVANCED_FACE('',(#706),#145,.T.);
#11175=ADVANCED_FACE('',(#707),#146,.F.);
#11176=ADVANCED_FACE('',(#708),#147,.F.);
#11177=ADVANCED_FACE('',(#709),#68,.F.);
#11178=ADVANCED_FACE('',(#710),#69,.F.);
#11179=ADVANCED_FACE('',(#711),#70,.F.);
#11180=ADVANCED_FACE('',(#712),#71,.F.);
#11181=ADVANCED_FACE('',(#713),#72,.F.);
#11182=ADVANCED_FACE('',(#714),#73,.F.);
#11183=ADVANCED_FACE('',(#715),#10508,.T.);
#11184=ADVANCED_FACE('',(#716),#10509,.T.);
#11185=ADVANCED_FACE('',(#717),#74,.F.);
#11186=ADVANCED_FACE('',(#718),#75,.F.);
#11187=ADVANCED_FACE('',(#719,#78,#79,#80,#81),#148,.T.);
#11188=ADVANCED_FACE('',(#720,#82,#83,#84,#85),#149,.T.);
#11189=ADVANCED_FACE('',(#721),#10510,.T.);
#11190=ADVANCED_FACE('',(#722),#10511,.T.);
#11191=ADVANCED_FACE('',(#723),#150,.T.);
#11192=ADVANCED_FACE('',(#724),#151,.T.);
#11193=ADVANCED_FACE('',(#725),#10512,.T.);
#11194=ADVANCED_FACE('',(#726),#10513,.T.);
#11195=ADVANCED_FACE('',(#727),#152,.T.);
#11196=ADVANCED_FACE('',(#728),#153,.T.);
#11197=ADVANCED_FACE('',(#729),#10514,.T.);
#11198=ADVANCED_FACE('',(#730),#10515,.T.);
#11199=ADVANCED_FACE('',(#731),#154,.T.);
#11200=ADVANCED_FACE('',(#732),#155,.T.);
#11201=ADVANCED_FACE('',(#733),#10516,.T.);
#11202=ADVANCED_FACE('',(#734),#10517,.T.);
#11203=ADVANCED_FACE('',(#735),#156,.T.);
#11204=ADVANCED_FACE('',(#736),#157,.T.);
#11205=ADVANCED_FACE('',(#737),#10518,.F.);
#11206=ADVANCED_FACE('',(#738),#10519,.F.);
#11207=ADVANCED_FACE('',(#739),#10520,.F.);
#11208=ADVANCED_FACE('',(#740),#10521,.F.);
#11209=ADVANCED_FACE('',(#741),#10522,.F.);
#11210=ADVANCED_FACE('',(#742),#10523,.F.);
#11211=ADVANCED_FACE('',(#743),#10524,.F.);
#11212=ADVANCED_FACE('',(#744),#10525,.F.);
#11213=ADVANCED_FACE('',(#745),#10526,.F.);
#11214=ADVANCED_FACE('',(#746),#10527,.F.);
#11215=ADVANCED_FACE('',(#747),#10528,.F.);
#11216=ADVANCED_FACE('',(#748),#10529,.F.);
#11217=ADVANCED_FACE('',(#749),#10530,.F.);
#11218=ADVANCED_FACE('',(#750),#10531,.F.);
#11219=ADVANCED_FACE('',(#751),#10532,.F.);
#11220=ADVANCED_FACE('',(#752),#10533,.F.);
#11221=ADVANCED_FACE('',(#753),#158,.T.);
#11222=ADVANCED_FACE('',(#754),#159,.T.);
#11223=ADVANCED_FACE('',(#755),#160,.T.);
#11224=ADVANCED_FACE('',(#756),#161,.T.);
#11225=ADVANCED_FACE('',(#757),#162,.T.);
#11226=ADVANCED_FACE('',(#758),#163,.T.);
#11227=ADVANCED_FACE('',(#759),#164,.T.);
#11228=ADVANCED_FACE('',(#760),#165,.T.);
#11229=ADVANCED_FACE('',(#761),#166,.T.);
#11230=ADVANCED_FACE('',(#762),#167,.T.);
#11231=ADVANCED_FACE('',(#763),#168,.T.);
#11232=ADVANCED_FACE('',(#764),#169,.T.);
#11233=ADVANCED_FACE('',(#765),#10534,.T.);
#11234=ADVANCED_FACE('',(#766),#10535,.T.);
#11235=ADVANCED_FACE('',(#767),#10536,.T.);
#11236=ADVANCED_FACE('',(#768),#10537,.T.);
#11237=ADVANCED_FACE('',(#769,#86),#170,.T.);
#11238=ADVANCED_FACE('',(#770),#171,.T.);
#11239=ADVANCED_FACE('',(#771),#172,.T.);
#11240=ADVANCED_FACE('',(#772),#173,.T.);
#11241=ADVANCED_FACE('',(#773),#174,.T.);
#11242=ADVANCED_FACE('',(#774),#175,.T.);
#11243=ADVANCED_FACE('',(#775),#176,.T.);
#11244=ADVANCED_FACE('',(#776),#177,.T.);
#11245=ADVANCED_FACE('',(#777),#178,.T.);
#11246=ADVANCED_FACE('',(#778),#179,.T.);
#11247=ADVANCED_FACE('',(#779),#180,.T.);
#11248=ADVANCED_FACE('',(#780),#181,.T.);
#11249=ADVANCED_FACE('',(#781),#182,.T.);
#11250=ADVANCED_FACE('',(#782),#183,.T.);
#11251=ADVANCED_FACE('',(#783),#184,.T.);
#11252=ADVANCED_FACE('',(#784,#87),#185,.T.);
#11253=ADVANCED_FACE('',(#785,#88),#186,.T.);
#11254=ADVANCED_FACE('',(#786),#187,.T.);
#11255=ADVANCED_FACE('',(#787),#188,.T.);
#11256=ADVANCED_FACE('',(#788),#189,.T.);
#11257=ADVANCED_FACE('',(#789),#190,.T.);
#11258=ADVANCED_FACE('',(#790),#191,.T.);
#11259=ADVANCED_FACE('',(#791),#192,.T.);
#11260=ADVANCED_FACE('',(#792),#193,.T.);
#11261=ADVANCED_FACE('',(#793),#194,.T.);
#11262=ADVANCED_FACE('',(#794),#195,.T.);
#11263=ADVANCED_FACE('',(#795),#196,.T.);
#11264=ADVANCED_FACE('',(#796),#197,.T.);
#11265=ADVANCED_FACE('',(#797),#198,.T.);
#11266=ADVANCED_FACE('',(#798),#199,.T.);
#11267=ADVANCED_FACE('',(#799),#200,.T.);
#11268=ADVANCED_FACE('',(#800),#201,.T.);
#11269=ADVANCED_FACE('',(#801),#202,.T.);
#11270=ADVANCED_FACE('',(#802),#203,.T.);
#11271=ADVANCED_FACE('',(#803,#89),#204,.T.);
#11272=ADVANCED_FACE('',(#804,#90,#91),#205,.T.);
#11273=ADVANCED_FACE('',(#805),#206,.T.);
#11274=ADVANCED_FACE('',(#806),#207,.T.);
#11275=ADVANCED_FACE('',(#807),#208,.T.);
#11276=ADVANCED_FACE('',(#808),#209,.T.);
#11277=ADVANCED_FACE('',(#809),#210,.T.);
#11278=ADVANCED_FACE('',(#810),#211,.T.);
#11279=ADVANCED_FACE('',(#811),#212,.T.);
#11280=ADVANCED_FACE('',(#812),#213,.T.);
#11281=ADVANCED_FACE('',(#813),#214,.T.);
#11282=ADVANCED_FACE('',(#814),#215,.T.);
#11283=ADVANCED_FACE('',(#815),#216,.T.);
#11284=ADVANCED_FACE('',(#816),#217,.T.);
#11285=ADVANCED_FACE('',(#817),#218,.T.);
#11286=ADVANCED_FACE('',(#818),#219,.T.);
#11287=ADVANCED_FACE('',(#819),#220,.T.);
#11288=ADVANCED_FACE('',(#820),#221,.T.);
#11289=ADVANCED_FACE('',(#821,#92,#93),#222,.T.);
#11290=ADVANCED_FACE('',(#822),#223,.T.);
#11291=ADVANCED_FACE('',(#823),#224,.T.);
#11292=ADVANCED_FACE('',(#824),#225,.T.);
#11293=ADVANCED_FACE('',(#825),#226,.T.);
#11294=ADVANCED_FACE('',(#826),#227,.T.);
#11295=ADVANCED_FACE('',(#827),#228,.T.);
#11296=ADVANCED_FACE('',(#828),#229,.T.);
#11297=ADVANCED_FACE('',(#829),#230,.T.);
#11298=ADVANCED_FACE('',(#830),#231,.T.);
#11299=ADVANCED_FACE('',(#831),#232,.T.);
#11300=ADVANCED_FACE('',(#832),#233,.T.);
#11301=ADVANCED_FACE('',(#833),#234,.T.);
#11302=ADVANCED_FACE('',(#834,#94),#235,.T.);
#11303=ADVANCED_FACE('',(#835),#236,.T.);
#11304=ADVANCED_FACE('',(#836),#237,.T.);
#11305=ADVANCED_FACE('',(#837),#238,.T.);
#11306=ADVANCED_FACE('',(#838),#239,.T.);
#11307=ADVANCED_FACE('',(#839),#240,.T.);
#11308=ADVANCED_FACE('',(#840),#241,.T.);
#11309=ADVANCED_FACE('',(#841),#242,.T.);
#11310=ADVANCED_FACE('',(#842),#243,.T.);
#11311=ADVANCED_FACE('',(#843),#244,.T.);
#11312=ADVANCED_FACE('',(#844),#245,.T.);
#11313=ADVANCED_FACE('',(#845),#246,.T.);
#11314=ADVANCED_FACE('',(#846),#247,.T.);
#11315=ADVANCED_FACE('',(#847),#248,.T.);
#11316=ADVANCED_FACE('',(#848),#249,.T.);
#11317=ADVANCED_FACE('',(#849),#250,.T.);
#11318=ADVANCED_FACE('',(#850),#251,.T.);
#11319=ADVANCED_FACE('',(#851),#252,.T.);
#11320=ADVANCED_FACE('',(#852),#253,.T.);
#11321=ADVANCED_FACE('',(#853),#254,.T.);
#11322=ADVANCED_FACE('',(#854),#255,.T.);
#11323=ADVANCED_FACE('',(#855),#256,.T.);
#11324=ADVANCED_FACE('',(#856),#257,.T.);
#11325=ADVANCED_FACE('',(#857),#258,.T.);
#11326=ADVANCED_FACE('',(#858,#95),#259,.T.);
#11327=ADVANCED_FACE('',(#859),#260,.T.);
#11328=ADVANCED_FACE('',(#860),#261,.T.);
#11329=ADVANCED_FACE('',(#861),#262,.T.);
#11330=ADVANCED_FACE('',(#862),#263,.T.);
#11331=ADVANCED_FACE('',(#863),#264,.T.);
#11332=ADVANCED_FACE('',(#864),#265,.T.);
#11333=ADVANCED_FACE('',(#865),#266,.T.);
#11334=ADVANCED_FACE('',(#866),#267,.T.);
#11335=ADVANCED_FACE('',(#867),#268,.T.);
#11336=ADVANCED_FACE('',(#868),#269,.T.);
#11337=ADVANCED_FACE('',(#869),#270,.T.);
#11338=ADVANCED_FACE('',(#870),#271,.T.);
#11339=ADVANCED_FACE('',(#871),#272,.T.);
#11340=ADVANCED_FACE('',(#872),#273,.T.);
#11341=ADVANCED_FACE('',(#873),#274,.T.);
#11342=ADVANCED_FACE('',(#874),#275,.T.);
#11343=ADVANCED_FACE('',(#875),#276,.T.);
#11344=ADVANCED_FACE('',(#876),#277,.T.);
#11345=ADVANCED_FACE('',(#877),#278,.T.);
#11346=ADVANCED_FACE('',(#878),#279,.T.);
#11347=ADVANCED_FACE('',(#879),#280,.T.);
#11348=ADVANCED_FACE('',(#880),#281,.T.);
#11349=ADVANCED_FACE('',(#881),#282,.T.);
#11350=ADVANCED_FACE('',(#882),#283,.T.);
#11351=ADVANCED_FACE('',(#883),#284,.T.);
#11352=ADVANCED_FACE('',(#884),#285,.T.);
#11353=ADVANCED_FACE('',(#885),#286,.T.);
#11354=ADVANCED_FACE('',(#886),#287,.T.);
#11355=ADVANCED_FACE('',(#887),#288,.T.);
#11356=ADVANCED_FACE('',(#888),#289,.T.);
#11357=ADVANCED_FACE('',(#889),#290,.T.);
#11358=ADVANCED_FACE('',(#890),#291,.T.);
#11359=ADVANCED_FACE('',(#891),#292,.T.);
#11360=ADVANCED_FACE('',(#892),#293,.T.);
#11361=ADVANCED_FACE('',(#893),#294,.T.);
#11362=ADVANCED_FACE('',(#894),#295,.T.);
#11363=ADVANCED_FACE('',(#895),#296,.T.);
#11364=ADVANCED_FACE('',(#896),#297,.T.);
#11365=ADVANCED_FACE('',(#897),#298,.T.);
#11366=ADVANCED_FACE('',(#898),#299,.T.);
#11367=ADVANCED_FACE('',(#899),#300,.T.);
#11368=ADVANCED_FACE('',(#900),#301,.T.);
#11369=ADVANCED_FACE('',(#901),#302,.T.);
#11370=ADVANCED_FACE('',(#902),#303,.T.);
#11371=ADVANCED_FACE('',(#903),#304,.T.);
#11372=ADVANCED_FACE('',(#904),#305,.T.);
#11373=ADVANCED_FACE('',(#905),#306,.T.);
#11374=ADVANCED_FACE('',(#906),#307,.T.);
#11375=ADVANCED_FACE('',(#907),#308,.T.);
#11376=ADVANCED_FACE('',(#908),#309,.T.);
#11377=ADVANCED_FACE('',(#909),#310,.T.);
#11378=ADVANCED_FACE('',(#910),#311,.T.);
#11379=ADVANCED_FACE('',(#911),#312,.T.);
#11380=ADVANCED_FACE('',(#912),#313,.T.);
#11381=ADVANCED_FACE('',(#913),#314,.T.);
#11382=ADVANCED_FACE('',(#914),#315,.T.);
#11383=ADVANCED_FACE('',(#915),#316,.T.);
#11384=ADVANCED_FACE('',(#916),#317,.T.);
#11385=ADVANCED_FACE('',(#917),#318,.T.);
#11386=ADVANCED_FACE('',(#918),#319,.T.);
#11387=ADVANCED_FACE('',(#919),#320,.T.);
#11388=ADVANCED_FACE('',(#920),#321,.T.);
#11389=ADVANCED_FACE('',(#921),#322,.T.);
#11390=ADVANCED_FACE('',(#922),#323,.T.);
#11391=ADVANCED_FACE('',(#923),#324,.T.);
#11392=ADVANCED_FACE('',(#924),#325,.T.);
#11393=ADVANCED_FACE('',(#925),#326,.T.);
#11394=ADVANCED_FACE('',(#926),#327,.T.);
#11395=ADVANCED_FACE('',(#927),#328,.T.);
#11396=ADVANCED_FACE('',(#928),#329,.T.);
#11397=ADVANCED_FACE('',(#929),#330,.T.);
#11398=ADVANCED_FACE('',(#930),#331,.T.);
#11399=ADVANCED_FACE('',(#931),#332,.T.);
#11400=ADVANCED_FACE('',(#932),#333,.T.);
#11401=ADVANCED_FACE('',(#933,#96),#334,.T.);
#11402=ADVANCED_FACE('',(#934),#335,.T.);
#11403=ADVANCED_FACE('',(#935),#336,.T.);
#11404=ADVANCED_FACE('',(#936),#337,.T.);
#11405=ADVANCED_FACE('',(#937),#338,.T.);
#11406=ADVANCED_FACE('',(#938),#339,.T.);
#11407=ADVANCED_FACE('',(#939),#340,.T.);
#11408=ADVANCED_FACE('',(#940),#341,.T.);
#11409=ADVANCED_FACE('',(#941),#342,.T.);
#11410=ADVANCED_FACE('',(#942),#343,.T.);
#11411=ADVANCED_FACE('',(#943),#344,.T.);
#11412=ADVANCED_FACE('',(#944),#345,.T.);
#11413=ADVANCED_FACE('',(#945),#346,.T.);
#11414=ADVANCED_FACE('',(#946),#347,.T.);
#11415=ADVANCED_FACE('',(#947),#348,.T.);
#11416=ADVANCED_FACE('',(#948),#349,.T.);
#11417=ADVANCED_FACE('',(#949),#350,.T.);
#11418=ADVANCED_FACE('',(#950),#351,.T.);
#11419=ADVANCED_FACE('',(#951),#352,.T.);
#11420=ADVANCED_FACE('',(#952),#353,.T.);
#11421=ADVANCED_FACE('',(#953,#97),#354,.T.);
#11422=ADVANCED_FACE('',(#954),#355,.T.);
#11423=ADVANCED_FACE('',(#955),#356,.T.);
#11424=ADVANCED_FACE('',(#956),#357,.T.);
#11425=ADVANCED_FACE('',(#957),#358,.T.);
#11426=ADVANCED_FACE('',(#958),#359,.T.);
#11427=ADVANCED_FACE('',(#959),#360,.T.);
#11428=ADVANCED_FACE('',(#960),#361,.T.);
#11429=ADVANCED_FACE('',(#961),#362,.T.);
#11430=ADVANCED_FACE('',(#962),#363,.T.);
#11431=ADVANCED_FACE('',(#963),#364,.T.);
#11432=ADVANCED_FACE('',(#964),#365,.T.);
#11433=ADVANCED_FACE('',(#965),#366,.T.);
#11434=ADVANCED_FACE('',(#966),#367,.T.);
#11435=ADVANCED_FACE('',(#967),#368,.T.);
#11436=ADVANCED_FACE('',(#968),#369,.T.);
#11437=ADVANCED_FACE('',(#969),#370,.T.);
#11438=ADVANCED_FACE('',(#970),#371,.T.);
#11439=ADVANCED_FACE('',(#971),#372,.T.);
#11440=ADVANCED_FACE('',(#972),#373,.T.);
#11441=ADVANCED_FACE('',(#973),#374,.T.);
#11442=ADVANCED_FACE('',(#974),#375,.T.);
#11443=ADVANCED_FACE('',(#975),#376,.T.);
#11444=ADVANCED_FACE('',(#976),#377,.T.);
#11445=ADVANCED_FACE('',(#977),#378,.T.);
#11446=ADVANCED_FACE('',(#978),#379,.T.);
#11447=ADVANCED_FACE('',(#979),#380,.T.);
#11448=ADVANCED_FACE('',(#980),#381,.T.);
#11449=ADVANCED_FACE('',(#981),#382,.T.);
#11450=ADVANCED_FACE('',(#982,#98),#383,.T.);
#11451=ADVANCED_FACE('',(#983),#384,.T.);
#11452=ADVANCED_FACE('',(#984),#385,.T.);
#11453=ADVANCED_FACE('',(#985),#386,.T.);
#11454=ADVANCED_FACE('',(#986),#387,.T.);
#11455=ADVANCED_FACE('',(#987),#388,.T.);
#11456=ADVANCED_FACE('',(#988),#389,.T.);
#11457=ADVANCED_FACE('',(#989),#390,.T.);
#11458=ADVANCED_FACE('',(#990),#391,.T.);
#11459=ADVANCED_FACE('',(#991),#392,.T.);
#11460=ADVANCED_FACE('',(#992),#393,.T.);
#11461=ADVANCED_FACE('',(#993),#394,.T.);
#11462=ADVANCED_FACE('',(#994),#395,.T.);
#11463=ADVANCED_FACE('',(#995),#396,.T.);
#11464=ADVANCED_FACE('',(#996),#397,.T.);
#11465=ADVANCED_FACE('',(#997),#398,.T.);
#11466=ADVANCED_FACE('',(#998),#399,.T.);
#11467=ADVANCED_FACE('',(#999),#400,.T.);
#11468=ADVANCED_FACE('',(#1000),#401,.T.);
#11469=ADVANCED_FACE('',(#1001),#402,.T.);
#11470=ADVANCED_FACE('',(#1002),#403,.T.);
#11471=ADVANCED_FACE('',(#1003),#404,.T.);
#11472=ADVANCED_FACE('',(#1004),#405,.T.);
#11473=ADVANCED_FACE('',(#1005),#406,.T.);
#11474=ADVANCED_FACE('',(#1006,#99),#407,.T.);
#11475=ADVANCED_FACE('',(#1007),#408,.T.);
#11476=ADVANCED_FACE('',(#1008),#409,.T.);
#11477=ADVANCED_FACE('',(#1009),#410,.T.);
#11478=ADVANCED_FACE('',(#1010),#411,.T.);
#11479=ADVANCED_FACE('',(#1011),#412,.T.);
#11480=ADVANCED_FACE('',(#1012),#413,.T.);
#11481=ADVANCED_FACE('',(#1013),#414,.T.);
#11482=ADVANCED_FACE('',(#1014),#415,.T.);
#11483=ADVANCED_FACE('',(#1015),#416,.T.);
#11484=ADVANCED_FACE('',(#1016),#417,.T.);
#11485=ADVANCED_FACE('',(#1017),#418,.T.);
#11486=ADVANCED_FACE('',(#1018),#419,.T.);
#11487=ADVANCED_FACE('',(#1019),#420,.T.);
#11488=ADVANCED_FACE('',(#1020),#421,.T.);
#11489=ADVANCED_FACE('',(#1021),#422,.T.);
#11490=ADVANCED_FACE('',(#1022),#423,.T.);
#11491=ADVANCED_FACE('',(#1023),#424,.T.);
#11492=ADVANCED_FACE('',(#1024),#425,.T.);
#11493=ADVANCED_FACE('',(#1025),#426,.T.);
#11494=ADVANCED_FACE('',(#1026),#427,.T.);
#11495=ADVANCED_FACE('',(#1027),#428,.T.);
#11496=ADVANCED_FACE('',(#1028),#429,.T.);
#11497=ADVANCED_FACE('',(#1029),#430,.T.);
#11498=ADVANCED_FACE('',(#1030),#431,.T.);
#11499=ADVANCED_FACE('',(#1031),#432,.T.);
#11500=ADVANCED_FACE('',(#1032,#100),#433,.T.);
#11501=ADVANCED_FACE('',(#1033),#434,.T.);
#11502=ADVANCED_FACE('',(#1034),#435,.T.);
#11503=ADVANCED_FACE('',(#1035),#436,.T.);
#11504=ADVANCED_FACE('',(#1036),#437,.T.);
#11505=ADVANCED_FACE('',(#1037),#438,.T.);
#11506=ADVANCED_FACE('',(#1038),#439,.T.);
#11507=ADVANCED_FACE('',(#1039),#440,.T.);
#11508=ADVANCED_FACE('',(#1040),#441,.T.);
#11509=ADVANCED_FACE('',(#1041),#442,.T.);
#11510=ADVANCED_FACE('',(#1042),#443,.T.);
#11511=ADVANCED_FACE('',(#1043),#444,.T.);
#11512=ADVANCED_FACE('',(#1044),#445,.T.);
#11513=ADVANCED_FACE('',(#1045),#446,.T.);
#11514=ADVANCED_FACE('',(#1046),#447,.T.);
#11515=ADVANCED_FACE('',(#1047),#448,.T.);
#11516=ADVANCED_FACE('',(#1048),#449,.T.);
#11517=ADVANCED_FACE('',(#1049),#450,.T.);
#11518=ADVANCED_FACE('',(#1050),#451,.T.);
#11519=ADVANCED_FACE('',(#1051),#452,.T.);
#11520=ADVANCED_FACE('',(#1052,#101),#453,.T.);
#11521=ADVANCED_FACE('',(#1053),#454,.T.);
#11522=ADVANCED_FACE('',(#1054),#455,.T.);
#11523=ADVANCED_FACE('',(#1055),#456,.T.);
#11524=ADVANCED_FACE('',(#1056),#457,.T.);
#11525=ADVANCED_FACE('',(#1057),#458,.T.);
#11526=ADVANCED_FACE('',(#1058),#459,.T.);
#11527=ADVANCED_FACE('',(#1059),#460,.T.);
#11528=ADVANCED_FACE('',(#1060),#461,.T.);
#11529=ADVANCED_FACE('',(#1061),#462,.T.);
#11530=ADVANCED_FACE('',(#1062),#463,.T.);
#11531=ADVANCED_FACE('',(#1063),#464,.T.);
#11532=ADVANCED_FACE('',(#1064),#465,.T.);
#11533=ADVANCED_FACE('',(#1065),#466,.T.);
#11534=ADVANCED_FACE('',(#1066),#467,.T.);
#11535=ADVANCED_FACE('',(#1067),#468,.T.);
#11536=ADVANCED_FACE('',(#1068),#469,.T.);
#11537=ADVANCED_FACE('',(#1069),#470,.T.);
#11538=ADVANCED_FACE('',(#1070),#471,.T.);
#11539=ADVANCED_FACE('',(#1071),#472,.T.);
#11540=ADVANCED_FACE('',(#1072),#473,.T.);
#11541=ADVANCED_FACE('',(#1073),#474,.T.);
#11542=ADVANCED_FACE('',(#1074),#475,.T.);
#11543=ADVANCED_FACE('',(#1075),#476,.T.);
#11544=ADVANCED_FACE('',(#1076),#477,.T.);
#11545=ADVANCED_FACE('',(#1077),#478,.T.);
#11546=ADVANCED_FACE('',(#1078),#479,.T.);
#11547=ADVANCED_FACE('',(#1079),#480,.T.);
#11548=ADVANCED_FACE('',(#1080),#481,.T.);
#11549=ADVANCED_FACE('',(#1081),#482,.T.);
#11550=ADVANCED_FACE('',(#1082),#483,.T.);
#11551=ADVANCED_FACE('',(#1083),#484,.T.);
#11552=ADVANCED_FACE('',(#1084),#485,.T.);
#11553=ADVANCED_FACE('',(#1085),#486,.T.);
#11554=ADVANCED_FACE('',(#1086),#487,.T.);
#11555=ADVANCED_FACE('',(#1087),#488,.T.);
#11556=ADVANCED_FACE('',(#1088),#489,.T.);
#11557=ADVANCED_FACE('',(#1089),#490,.T.);
#11558=ADVANCED_FACE('',(#1090),#491,.T.);
#11559=ADVANCED_FACE('',(#1091),#492,.T.);
#11560=ADVANCED_FACE('',(#1092),#493,.T.);
#11561=ADVANCED_FACE('',(#1093),#494,.T.);
#11562=ADVANCED_FACE('',(#1094),#495,.T.);
#11563=ADVANCED_FACE('',(#1095),#496,.T.);
#11564=ADVANCED_FACE('',(#1096),#497,.T.);
#11565=ADVANCED_FACE('',(#1097),#498,.T.);
#11566=ADVANCED_FACE('',(#1098),#499,.T.);
#11567=ADVANCED_FACE('',(#1099),#500,.T.);
#11568=ADVANCED_FACE('',(#1100),#501,.T.);
#11569=ADVANCED_FACE('',(#1101),#502,.T.);
#11570=ADVANCED_FACE('',(#1102),#503,.T.);
#11571=ADVANCED_FACE('',(#1103),#504,.T.);
#11572=ADVANCED_FACE('',(#1104),#505,.T.);
#11573=ADVANCED_FACE('',(#1105),#506,.T.);
#11574=ADVANCED_FACE('',(#1106),#507,.T.);
#11575=ADVANCED_FACE('',(#1107),#508,.T.);
#11576=ADVANCED_FACE('',(#1108),#509,.T.);
#11577=ADVANCED_FACE('',(#1109),#510,.T.);
#11578=ADVANCED_FACE('',(#1110),#511,.T.);
#11579=ADVANCED_FACE('',(#1111),#512,.T.);
#11580=ADVANCED_FACE('',(#1112),#513,.T.);
#11581=ADVANCED_FACE('',(#1113),#514,.T.);
#11582=ADVANCED_FACE('',(#1114),#515,.T.);
#11583=ADVANCED_FACE('',(#1115),#516,.T.);
#11584=ADVANCED_FACE('',(#1116),#517,.T.);
#11585=ADVANCED_FACE('',(#1117),#518,.T.);
#11586=ADVANCED_FACE('',(#1118),#519,.T.);
#11587=ADVANCED_FACE('',(#1119),#520,.T.);
#11588=ADVANCED_FACE('',(#1120),#521,.T.);
#11589=ADVANCED_FACE('',(#1121),#522,.T.);
#11590=ADVANCED_FACE('',(#1122),#523,.T.);
#11591=ADVANCED_FACE('',(#1123),#524,.T.);
#11592=ADVANCED_FACE('',(#1124),#525,.T.);
#11593=ADVANCED_FACE('',(#1125),#526,.T.);
#11594=ADVANCED_FACE('',(#1126),#527,.T.);
#11595=ADVANCED_FACE('',(#1127),#528,.T.);
#11596=ADVANCED_FACE('',(#1128),#529,.T.);
#11597=ADVANCED_FACE('',(#1129),#530,.T.);
#11598=ADVANCED_FACE('',(#1130),#531,.T.);
#11599=ADVANCED_FACE('',(#1131),#532,.T.);
#11600=ADVANCED_FACE('',(#1132),#533,.T.);
#11601=ADVANCED_FACE('',(#1133),#534,.T.);
#11602=ADVANCED_FACE('',(#1134),#535,.T.);
#11603=ADVANCED_FACE('',(#1135),#536,.T.);
#11604=ADVANCED_FACE('',(#1136),#537,.T.);
#11605=ADVANCED_FACE('',(#1137),#538,.T.);
#11606=ADVANCED_FACE('',(#1138),#539,.T.);
#11607=ADVANCED_FACE('',(#1139),#540,.T.);
#11608=ADVANCED_FACE('',(#1140),#541,.T.);
#11609=ADVANCED_FACE('',(#1141,#102),#542,.T.);
#11610=ADVANCED_FACE('',(#1142),#543,.T.);
#11611=ADVANCED_FACE('',(#1143),#544,.T.);
#11612=ADVANCED_FACE('',(#1144),#545,.T.);
#11613=ADVANCED_FACE('',(#1145),#546,.T.);
#11614=ADVANCED_FACE('',(#1146),#547,.T.);
#11615=ADVANCED_FACE('',(#1147),#548,.T.);
#11616=ADVANCED_FACE('',(#1148),#549,.T.);
#11617=ADVANCED_FACE('',(#1149),#550,.T.);
#11618=ADVANCED_FACE('',(#1150),#551,.T.);
#11619=ADVANCED_FACE('',(#1151),#552,.T.);
#11620=ADVANCED_FACE('',(#1152),#553,.T.);
#11621=ADVANCED_FACE('',(#1153),#554,.T.);
#11622=ADVANCED_FACE('',(#1154),#555,.T.);
#11623=ADVANCED_FACE('',(#1155),#556,.T.);
#11624=ADVANCED_FACE('',(#1156),#557,.T.);
#11625=ADVANCED_FACE('',(#1157),#558,.T.);
#11626=ADVANCED_FACE('',(#1158),#559,.T.);
#11627=ADVANCED_FACE('',(#1159),#560,.T.);
#11628=ADVANCED_FACE('',(#1160),#561,.T.);
#11629=ADVANCED_FACE('',(#1161,#103),#562,.T.);
#11630=ADVANCED_FACE('',(#1162,#104),#563,.T.);
#11631=ADVANCED_FACE('',(#1163),#564,.T.);
#11632=ADVANCED_FACE('',(#1164),#565,.T.);
#11633=ADVANCED_FACE('',(#1165),#566,.T.);
#11634=ADVANCED_FACE('',(#1166),#567,.T.);
#11635=ADVANCED_FACE('',(#1167),#568,.T.);
#11636=ADVANCED_FACE('',(#1168),#569,.T.);
#11637=ADVANCED_FACE('',(#1169),#570,.T.);
#11638=ADVANCED_FACE('',(#1170),#571,.T.);
#11639=ADVANCED_FACE('',(#1171),#572,.T.);
#11640=ADVANCED_FACE('',(#1172),#573,.T.);
#11641=ADVANCED_FACE('',(#1173),#574,.T.);
#11642=ADVANCED_FACE('',(#1174),#575,.T.);
#11643=ADVANCED_FACE('',(#1175),#576,.T.);
#11644=ADVANCED_FACE('',(#1176),#577,.T.);
#11645=ADVANCED_FACE('',(#1177),#578,.T.);
#11646=ADVANCED_FACE('',(#1178),#579,.T.);
#11647=ADVANCED_FACE('',(#1179),#580,.T.);
#11648=ADVANCED_FACE('',(#1180),#581,.T.);
#11649=ADVANCED_FACE('',(#1181),#582,.T.);
#11650=ADVANCED_FACE('',(#1182),#583,.T.);
#11651=ADVANCED_FACE('',(#1183),#584,.T.);
#11652=ADVANCED_FACE('',(#1184),#585,.T.);
#11653=ADVANCED_FACE('',(#1185,#105),#586,.T.);
#11654=ADVANCED_FACE('',(#1186,#106),#587,.T.);
#11655=ADVANCED_FACE('',(#1187),#588,.T.);
#11656=ADVANCED_FACE('',(#1188),#589,.T.);
#11657=ADVANCED_FACE('',(#1189),#590,.T.);
#11658=ADVANCED_FACE('',(#1190),#591,.T.);
#11659=ADVANCED_FACE('',(#1191),#592,.T.);
#11660=ADVANCED_FACE('',(#1192),#593,.T.);
#11661=ADVANCED_FACE('',(#1193),#594,.T.);
#11662=ADVANCED_FACE('',(#1194),#595,.T.);
#11663=ADVANCED_FACE('',(#1195),#596,.T.);
#11664=ADVANCED_FACE('',(#1196),#597,.T.);
#11665=ADVANCED_FACE('',(#1197),#598,.T.);
#11666=ADVANCED_FACE('',(#1198),#599,.T.);
#11667=ADVANCED_FACE('',(#1199),#600,.T.);
#11668=ADVANCED_FACE('',(#1200),#601,.T.);
#11669=ADVANCED_FACE('',(#1201),#602,.T.);
#11670=ADVANCED_FACE('',(#1202),#603,.T.);
#11671=ADVANCED_FACE('',(#1203),#604,.T.);
#11672=ADVANCED_FACE('',(#1204),#605,.T.);
#11673=ADVANCED_FACE('',(#1205,#107),#606,.T.);
#11674=ADVANCED_FACE('',(#1206),#607,.T.);
#11675=ADVANCED_FACE('',(#1207),#608,.T.);
#11676=ADVANCED_FACE('',(#1208),#609,.T.);
#11677=ADVANCED_FACE('',(#1209),#610,.T.);
#11678=ADVANCED_FACE('',(#1210),#611,.T.);
#11679=ADVANCED_FACE('',(#1211),#612,.T.);
#11680=ADVANCED_FACE('',(#1212),#613,.T.);
#11681=ADVANCED_FACE('',(#1213),#614,.T.);
#11682=ADVANCED_FACE('',(#1214),#615,.T.);
#11683=ADVANCED_FACE('',(#1215),#616,.T.);
#11684=ADVANCED_FACE('',(#1216),#617,.T.);
#11685=ADVANCED_FACE('',(#1217),#618,.T.);
#11686=ADVANCED_FACE('',(#1218),#619,.T.);
#11687=ADVANCED_FACE('',(#1219),#620,.T.);
#11688=ADVANCED_FACE('',(#1220),#621,.T.);
#11689=ADVANCED_FACE('',(#1221,#108),#622,.T.);
#11690=ADVANCED_FACE('',(#1222),#623,.T.);
#11691=ADVANCED_FACE('',(#1223),#624,.T.);
#11692=ADVANCED_FACE('',(#1224),#625,.T.);
#11693=ADVANCED_FACE('',(#1225),#626,.T.);
#11694=ADVANCED_FACE('',(#1226),#627,.T.);
#11695=ADVANCED_FACE('',(#1227),#628,.T.);
#11696=ADVANCED_FACE('',(#1228),#629,.T.);
#11697=ADVANCED_FACE('',(#1229),#630,.T.);
#11698=ADVANCED_FACE('',(#1230),#631,.T.);
#11699=ADVANCED_FACE('',(#1231),#632,.T.);
#11700=ADVANCED_FACE('',(#1232),#633,.T.);
#11701=ADVANCED_FACE('',(#1233),#634,.T.);
#11702=ADVANCED_FACE('',(#1234),#635,.T.);
#11703=ADVANCED_FACE('',(#1235),#636,.T.);
#11704=ADVANCED_FACE('',(#1236),#637,.T.);
#11705=ADVANCED_FACE('',(#1237),#638,.T.);
#11706=ADVANCED_FACE('',(#1238),#639,.T.);
#11707=ADVANCED_FACE('',(#1239),#640,.T.);
#11708=ADVANCED_FACE('',(#1240),#641,.T.);
#11709=ADVANCED_FACE('',(#1241),#642,.T.);
#11710=ADVANCED_FACE('',(#1242),#643,.T.);
#11711=ADVANCED_FACE('',(#1243,#109),#644,.T.);
#11712=ADVANCED_FACE('',(#1244,#110),#645,.T.);
#11713=ADVANCED_FACE('',(#1245),#646,.T.);
#11714=ADVANCED_FACE('',(#1246),#647,.T.);
#11715=ADVANCED_FACE('',(#1247),#648,.T.);
#11716=ADVANCED_FACE('',(#1248),#649,.T.);
#11717=ADVANCED_FACE('',(#1249),#650,.T.);
#11718=ADVANCED_FACE('',(#1250),#651,.T.);
#11719=ADVANCED_FACE('',(#1251),#652,.T.);
#11720=ADVANCED_FACE('',(#1252),#653,.T.);
#11721=ADVANCED_FACE('',(#1253),#654,.T.);
#11722=ADVANCED_FACE('',(#1254),#655,.T.);
#11723=ADVANCED_FACE('',(#1255),#656,.T.);
#11724=ADVANCED_FACE('',(#1256),#657,.T.);
#11725=ADVANCED_FACE('',(#1257,#111),#658,.T.);
#11726=ADVANCED_FACE('',(#1258),#659,.T.);
#11727=ADVANCED_FACE('',(#1259),#660,.T.);
#11728=ADVANCED_FACE('',(#1260),#661,.T.);
#11729=ADVANCED_FACE('',(#1261),#662,.T.);
#11730=ADVANCED_FACE('',(#1262),#663,.T.);
#11731=ADVANCED_FACE('',(#1263),#664,.T.);
#11732=ADVANCED_FACE('',(#1264),#665,.T.);
#11733=ADVANCED_FACE('',(#1265),#666,.T.);
#11734=ADVANCED_FACE('',(#1266),#667,.T.);
#11735=ADVANCED_FACE('',(#1267),#668,.T.);
#11736=ADVANCED_FACE('',(#1268),#669,.T.);
#11737=ADVANCED_FACE('',(#1269),#670,.T.);
#11738=ADVANCED_FACE('',(#1270),#671,.T.);
#11739=ADVANCED_FACE('',(#1271),#672,.T.);
#11740=ADVANCED_FACE('',(#1272),#673,.T.);
#11741=ADVANCED_FACE('',(#1273),#674,.T.);
#11742=ADVANCED_FACE('',(#1274),#10538,.T.);
#11743=ADVANCED_FACE('',(#1275),#10539,.T.);
#11744=ADVANCED_FACE('',(#1276),#675,.T.);
#11745=ADVANCED_FACE('',(#1277),#676,.T.);
#11746=ADVANCED_FACE('',(#1278),#677,.T.);
#11747=ADVANCED_FACE('',(#1279),#678,.T.);
#11748=ADVANCED_FACE('',(#1280),#679,.T.);
#11749=ADVANCED_FACE('',(#1281),#680,.T.);
#11750=ADVANCED_FACE('',(#1282),#10540,.T.);
#11751=ADVANCED_FACE('',(#1283),#10541,.T.);
#11752=ADVANCED_FACE('',(#1284),#10542,.T.);
#11753=ADVANCED_FACE('',(#1285),#10543,.T.);
#11754=CLOSED_SHELL('',(#11149,#11150,#11151,#11152,#11153,#11154,#11155,
#11156,#11157,#11158,#11159,#11160,#11161,#11162,#11163,#11164,#11165,#11166,
#11167,#11168,#11169,#11170,#11171,#11172,#11173,#11174,#11175,#11176,#11177,
#11178,#11179,#11180,#11181,#11182,#11183,#11184,#11185,#11186,#11187,#11188,
#11189,#11190,#11191,#11192,#11193,#11194,#11195,#11196,#11197,#11198,#11199,
#11200,#11201,#11202,#11203,#11204,#11205,#11206,#11207,#11208,#11209,#11210,
#11211,#11212,#11213,#11214,#11215,#11216,#11217,#11218,#11219,#11220));
#11755=CLOSED_SHELL('',(#11221,#11222,#11223,#11224,#11225,#11226));
#11756=CLOSED_SHELL('',(#11227,#11228,#11229,#11230,#11231,#11232,#11233,
#11234,#11235,#11236));
#11757=CLOSED_SHELL('',(#11237,#11238,#11239,#11240,#11241,#11242,#11243,
#11244,#11245,#11246,#11247,#11248,#11249,#11250,#11251,#11252));
#11758=CLOSED_SHELL('',(#11253,#11254,#11255,#11256,#11257,#11258,#11259,
#11260,#11261,#11262,#11263,#11264,#11265,#11266,#11267,#11268,#11269,#11270,
#11271));
#11759=CLOSED_SHELL('',(#11272,#11273,#11274,#11275,#11276,#11277,#11278,
#11279,#11280,#11281,#11282,#11283,#11284,#11285,#11286,#11287,#11288,#11289));
#11760=CLOSED_SHELL('',(#11290,#11291,#11292,#11293,#11294,#11295,#11296,
#11297,#11298,#11299,#11300,#11301));
#11761=CLOSED_SHELL('',(#11302,#11303,#11304,#11305,#11306,#11307,#11308,
#11309,#11310,#11311,#11312,#11313,#11314,#11315,#11316,#11317,#11318,#11319,
#11320,#11321,#11322,#11323,#11324,#11325,#11326));
#11762=CLOSED_SHELL('',(#11327,#11328,#11329,#11330,#11331,#11332,#11333,
#11334,#11335,#11336));
#11763=CLOSED_SHELL('',(#11337,#11338,#11339,#11340,#11341,#11342,#11343,
#11344,#11345,#11346,#11347,#11348));
#11764=CLOSED_SHELL('',(#11349,#11350,#11351,#11352,#11353,#11354));
#11765=CLOSED_SHELL('',(#11355,#11356,#11357,#11358,#11359,#11360,#11361,
#11362,#11363,#11364,#11365,#11366));
#11766=CLOSED_SHELL('',(#11367,#11368,#11369,#11370,#11371,#11372,#11373,
#11374,#11375,#11376,#11377,#11378,#11379,#11380,#11381));
#11767=CLOSED_SHELL('',(#11382,#11383,#11384,#11385,#11386,#11387,#11388,
#11389,#11390,#11391,#11392,#11393,#11394,#11395,#11396,#11397,#11398,#11399,
#11400));
#11768=CLOSED_SHELL('',(#11401,#11402,#11403,#11404,#11405,#11406,#11407,
#11408,#11409,#11410,#11411,#11412,#11413,#11414,#11415,#11416,#11417,#11418,
#11419,#11420,#11421));
#11769=CLOSED_SHELL('',(#11422,#11423,#11424,#11425,#11426,#11427,#11428,
#11429,#11430,#11431,#11432,#11433,#11434,#11435,#11436,#11437));
#11770=CLOSED_SHELL('',(#11438,#11439,#11440,#11441,#11442,#11443,#11444,
#11445,#11446,#11447,#11448,#11449));
#11771=CLOSED_SHELL('',(#11450,#11451,#11452,#11453,#11454,#11455,#11456,
#11457,#11458,#11459,#11460,#11461,#11462,#11463,#11464,#11465,#11466,#11467,
#11468,#11469,#11470,#11471,#11472,#11473,#11474));
#11772=CLOSED_SHELL('',(#11475,#11476,#11477,#11478,#11479,#11480,#11481,
#11482,#11483,#11484));
#11773=CLOSED_SHELL('',(#11485,#11486,#11487,#11488,#11489,#11490,#11491,
#11492,#11493,#11494,#11495,#11496,#11497,#11498,#11499));
#11774=CLOSED_SHELL('',(#11500,#11501,#11502,#11503,#11504,#11505,#11506,
#11507,#11508,#11509,#11510,#11511,#11512,#11513,#11514,#11515,#11516,#11517,
#11518,#11519,#11520));
#11775=CLOSED_SHELL('',(#11521,#11522,#11523,#11524,#11525,#11526,#11527,
#11528,#11529,#11530,#11531,#11532));
#11776=CLOSED_SHELL('',(#11533,#11534,#11535,#11536,#11537,#11538,#11539,
#11540,#11541,#11542,#11543,#11544,#11545,#11546,#11547,#11548,#11549,#11550,
#11551,#11552,#11553));
#11777=CLOSED_SHELL('',(#11554,#11555,#11556,#11557,#11558,#11559,#11560,
#11561,#11562,#11563,#11564,#11565,#11566,#11567,#11568,#11569,#11570,#11571,
#11572));
#11778=CLOSED_SHELL('',(#11573,#11574,#11575,#11576,#11577,#11578));
#11779=CLOSED_SHELL('',(#11579,#11580,#11581,#11582,#11583,#11584));
#11780=CLOSED_SHELL('',(#11585,#11586,#11587,#11588,#11589,#11590,#11591,
#11592,#11593,#11594,#11595,#11596,#11597,#11598,#11599,#11600,#11601,#11602,
#11603,#11604,#11605,#11606,#11607,#11608));
#11781=CLOSED_SHELL('',(#11609,#11610,#11611,#11612,#11613,#11614,#11615,
#11616,#11617,#11618,#11619,#11620,#11621,#11622,#11623,#11624,#11625,#11626,
#11627,#11628,#11629));
#11782=CLOSED_SHELL('',(#11630,#11631,#11632,#11633,#11634,#11635,#11636,
#11637,#11638,#11639,#11640,#11641,#11642,#11643,#11644,#11645,#11646,#11647,
#11648,#11649,#11650,#11651,#11652,#11653));
#11783=CLOSED_SHELL('',(#11654,#11655,#11656,#11657,#11658,#11659,#11660,
#11661,#11662,#11663,#11664,#11665,#11666,#11667,#11668,#11669,#11670,#11671,
#11672,#11673));
#11784=CLOSED_SHELL('',(#11674,#11675,#11676,#11677,#11678,#11679,#11680,
#11681,#11682,#11683,#11684,#11685,#11686,#11687,#11688));
#11785=CLOSED_SHELL('',(#11689,#11690,#11691,#11692,#11693,#11694,#11695,
#11696,#11697,#11698,#11699,#11700,#11701,#11702,#11703,#11704,#11705,#11706,
#11707,#11708,#11709,#11710,#11711));
#11786=CLOSED_SHELL('',(#11712,#11713,#11714,#11715,#11716,#11717,#11718,
#11719,#11720,#11721,#11722,#11723,#11724,#11725));
#11787=CLOSED_SHELL('',(#11726,#11727,#11728,#11729,#11730,#11731));
#11788=CLOSED_SHELL('',(#11732,#11733,#11734,#11735,#11736,#11737,#11738,
#11739));
#11789=CLOSED_SHELL('',(#11740,#11741,#11742,#11743));
#11790=CLOSED_SHELL('',(#11744,#11745,#11746,#11747,#11748,#11749,#11750,
#11751,#11752,#11753));
#11791=AXIS2_PLACEMENT_3D('',#15260,#12469,#12470);
#11792=AXIS2_PLACEMENT_3D('',#15261,#12471,#12472);
#11793=AXIS2_PLACEMENT_3D('',#15262,#12473,#12474);
#11794=AXIS2_PLACEMENT_3D('',#15265,#12475,#12476);
#11795=AXIS2_PLACEMENT_3D('',#15269,#12478,#12479);
#11796=AXIS2_PLACEMENT_3D('',#15271,#12481,#12482);
#11797=AXIS2_PLACEMENT_3D('',#15272,#12483,#12484);
#11798=AXIS2_PLACEMENT_3D('',#15273,#12485,#12486);
#11799=AXIS2_PLACEMENT_3D('',#15274,#12487,#12488);
#11800=AXIS2_PLACEMENT_3D('',#15278,#12490,#12491);
#11801=AXIS2_PLACEMENT_3D('',#15280,#12493,#12494);
#11802=AXIS2_PLACEMENT_3D('',#15281,#12495,#12496);
#11803=AXIS2_PLACEMENT_3D('',#15282,#12497,#12498);
#11804=AXIS2_PLACEMENT_3D('',#15285,#12499,#12500);
#11805=AXIS2_PLACEMENT_3D('',#15289,#12502,#12503);
#11806=AXIS2_PLACEMENT_3D('',#15291,#12505,#12506);
#11807=AXIS2_PLACEMENT_3D('',#15292,#12507,#12508);
#11808=AXIS2_PLACEMENT_3D('',#15293,#12509,#12510);
#11809=AXIS2_PLACEMENT_3D('',#15294,#12511,#12512);
#11810=AXIS2_PLACEMENT_3D('',#15297,#12513,#12514);
#11811=AXIS2_PLACEMENT_3D('',#15301,#12516,#12517);
#11812=AXIS2_PLACEMENT_3D('',#15303,#12519,#12520);
#11813=AXIS2_PLACEMENT_3D('',#15304,#12521,#12522);
#11814=AXIS2_PLACEMENT_3D('',#15305,#12523,#12524);
#11815=AXIS2_PLACEMENT_3D('',#15306,#12525,#12526);
#11816=AXIS2_PLACEMENT_3D('',#15350,#12527,#12528);
#11817=AXIS2_PLACEMENT_3D('',#15394,#12529,#12530);
#11818=AXIS2_PLACEMENT_3D('',#15434,#12531,#12532);
#11819=AXIS2_PLACEMENT_3D('',#15474,#12533,#12534);
#11820=AXIS2_PLACEMENT_3D('',#15478,#12536,#12537);
#11821=AXIS2_PLACEMENT_3D('',#15495,#12539,#12540);
#11822=AXIS2_PLACEMENT_3D('',#15521,#12542,#12543);
#11823=AXIS2_PLACEMENT_3D('',#15536,#12545,#12546);
#11824=AXIS2_PLACEMENT_3D('',#15580,#12547,#12548);
#11825=AXIS2_PLACEMENT_3D('',#15624,#12549,#12550);
#11826=AXIS2_PLACEMENT_3D('',#15664,#12551,#12552);
#11827=AXIS2_PLACEMENT_3D('',#15704,#12553,#12554);
#11828=AXIS2_PLACEMENT_3D('',#15705,#12555,#12556);
#11829=AXIS2_PLACEMENT_3D('',#15736,#12558,#12559);
#11830=AXIS2_PLACEMENT_3D('',#15761,#12561,#12562);
#11831=AXIS2_PLACEMENT_3D('',#15762,#12563,#12564);
#11832=AXIS2_PLACEMENT_3D('',#15766,#12566,#12567);
#11833=AXIS2_PLACEMENT_3D('',#15768,#12569,#12570);
#11834=AXIS2_PLACEMENT_3D('',#15769,#12571,#12572);
#11835=AXIS2_PLACEMENT_3D('',#15770,#12573,#12574);
#11836=AXIS2_PLACEMENT_3D('',#15773,#12575,#12576);
#11837=AXIS2_PLACEMENT_3D('',#15777,#12578,#12579);
#11838=AXIS2_PLACEMENT_3D('',#15779,#12581,#12582);
#11839=AXIS2_PLACEMENT_3D('',#15780,#12583,#12584);
#11840=AXIS2_PLACEMENT_3D('',#15781,#12585,#12586);
#11841=AXIS2_PLACEMENT_3D('',#15782,#12587,#12588);
#11842=AXIS2_PLACEMENT_3D('',#15786,#12590,#12591);
#11843=AXIS2_PLACEMENT_3D('',#15788,#12593,#12594);
#11844=AXIS2_PLACEMENT_3D('',#15789,#12595,#12596);
#11845=AXIS2_PLACEMENT_3D('',#15790,#12597,#12598);
#11846=AXIS2_PLACEMENT_3D('',#15792,#12600,#12601);
#11847=AXIS2_PLACEMENT_3D('',#15793,#12602,#12603);
#11848=AXIS2_PLACEMENT_3D('',#15795,#12605,#12606);
#11849=AXIS2_PLACEMENT_3D('',#15853,#12612,#12613);
#11850=AXIS2_PLACEMENT_3D('',#15865,#12615,#12616);
#11851=AXIS2_PLACEMENT_3D('',#15866,#12617,#12618);
#11852=AXIS2_PLACEMENT_3D('',#15870,#12620,#12621);
#11853=AXIS2_PLACEMENT_3D('',#15872,#12623,#12624);
#11854=AXIS2_PLACEMENT_3D('',#15873,#12625,#12626);
#11855=AXIS2_PLACEMENT_3D('',#15896,#12629,#12630);
#11856=AXIS2_PLACEMENT_3D('',#15899,#12631,#12632);
#11857=AXIS2_PLACEMENT_3D('',#15903,#12634,#12635);
#11858=AXIS2_PLACEMENT_3D('',#15907,#12637,#12638);
#11859=AXIS2_PLACEMENT_3D('',#15911,#12640,#12641);
#11860=AXIS2_PLACEMENT_3D('',#15915,#12643,#12644);
#11861=AXIS2_PLACEMENT_3D('',#15916,#12645,#12646);
#11862=AXIS2_PLACEMENT_3D('',#15919,#12647,#12648);
#11863=AXIS2_PLACEMENT_3D('',#15920,#12649,#12650);
#11864=AXIS2_PLACEMENT_3D('',#15923,#12651,#12652);
#11865=AXIS2_PLACEMENT_3D('',#15924,#12653,#12654);
#11866=AXIS2_PLACEMENT_3D('',#15927,#12655,#12656);
#11867=AXIS2_PLACEMENT_3D('',#15928,#12657,#12658);
#11868=AXIS2_PLACEMENT_3D('',#15929,#12659,#12660);
#11869=AXIS2_PLACEMENT_3D('',#15934,#12662,#12663);
#11870=AXIS2_PLACEMENT_3D('',#15938,#12665,#12666);
#11871=AXIS2_PLACEMENT_3D('',#15942,#12668,#12669);
#11872=AXIS2_PLACEMENT_3D('',#15945,#12671,#12672);
#11873=AXIS2_PLACEMENT_3D('',#15948,#12673,#12674);
#11874=AXIS2_PLACEMENT_3D('',#15949,#12675,#12676);
#11875=AXIS2_PLACEMENT_3D('',#15952,#12677,#12678);
#11876=AXIS2_PLACEMENT_3D('',#15953,#12679,#12680);
#11877=AXIS2_PLACEMENT_3D('',#15956,#12681,#12682);
#11878=AXIS2_PLACEMENT_3D('',#15957,#12683,#12684);
#11879=AXIS2_PLACEMENT_3D('',#15960,#12685,#12686);
#11880=AXIS2_PLACEMENT_3D('',#15961,#12687,#12688);
#11881=AXIS2_PLACEMENT_3D('',#15962,#12689,#12690);
#11882=AXIS2_PLACEMENT_3D('',#15965,#12693,#12694);
#11883=AXIS2_PLACEMENT_3D('',#15968,#12697,#12698);
#11884=AXIS2_PLACEMENT_3D('',#15970,#12700,#12701);
#11885=AXIS2_PLACEMENT_3D('',#15972,#12703,#12704);
#11886=AXIS2_PLACEMENT_3D('',#15974,#12706,#12707);
#11887=AXIS2_PLACEMENT_3D('',#15976,#12709,#12710);
#11888=AXIS2_PLACEMENT_3D('',#15978,#12712,#12713);
#11889=AXIS2_PLACEMENT_3D('',#15980,#12715,#12716);
#11890=AXIS2_PLACEMENT_3D('',#15982,#12718,#12719);
#11891=AXIS2_PLACEMENT_3D('',#15984,#12721,#12722);
#11892=AXIS2_PLACEMENT_3D('',#15986,#12724,#12725);
#11893=AXIS2_PLACEMENT_3D('',#15988,#12727,#12728);
#11894=AXIS2_PLACEMENT_3D('',#15990,#12730,#12731);
#11895=AXIS2_PLACEMENT_3D('',#15992,#12733,#12734);
#11896=AXIS2_PLACEMENT_3D('',#15993,#12735,#12736);
#11897=AXIS2_PLACEMENT_3D('',#15994,#12737,#12738);
#11898=AXIS2_PLACEMENT_3D('',#15997,#12741,#12742);
#11899=AXIS2_PLACEMENT_3D('',#16000,#12745,#12746);
#11900=AXIS2_PLACEMENT_3D('',#16001,#12747,#12748);
#11901=AXIS2_PLACEMENT_3D('',#16002,#12749,#12750);
#11902=AXIS2_PLACEMENT_3D('',#16005,#12753,#12754);
#11903=AXIS2_PLACEMENT_3D('',#16008,#12757,#12758);
#11904=AXIS2_PLACEMENT_3D('',#16009,#12759,#12760);
#11905=AXIS2_PLACEMENT_3D('',#16010,#12761,#12762);
#11906=AXIS2_PLACEMENT_3D('',#16013,#12765,#12766);
#11907=AXIS2_PLACEMENT_3D('',#16016,#12769,#12770);
#11908=AXIS2_PLACEMENT_3D('',#16017,#12771,#12772);
#11909=AXIS2_PLACEMENT_3D('',#16018,#12773,#12774);
#11910=AXIS2_PLACEMENT_3D('',#16021,#12777,#12778);
#11911=AXIS2_PLACEMENT_3D('',#16024,#12781,#12782);
#11912=AXIS2_PLACEMENT_3D('',#16025,#12783,#12784);
#11913=AXIS2_PLACEMENT_3D('',#16026,#12785,#12786);
#11914=AXIS2_PLACEMENT_3D('',#16027,#12787,#12788);
#11915=AXIS2_PLACEMENT_3D('',#16036,#12793,#12794);
#11916=AXIS2_PLACEMENT_3D('',#16045,#12799,#12800);
#11917=AXIS2_PLACEMENT_3D('',#16048,#12803,#12804);
#11918=AXIS2_PLACEMENT_3D('',#16050,#12806,#12807);
#11919=AXIS2_PLACEMENT_3D('',#16052,#12809,#12810);
#11920=AXIS2_PLACEMENT_3D('',#16053,#12811,#12812);
#11921=AXIS2_PLACEMENT_3D('',#16058,#12814,#12815);
#11922=AXIS2_PLACEMENT_3D('',#16062,#12817,#12818);
#11923=AXIS2_PLACEMENT_3D('',#16066,#12820,#12821);
#11924=AXIS2_PLACEMENT_3D('',#16069,#12823,#12824);
#11925=AXIS2_PLACEMENT_3D('',#16070,#12825,#12826);
#11926=AXIS2_PLACEMENT_3D('',#16073,#12827,#12828);
#11927=AXIS2_PLACEMENT_3D('',#16077,#12830,#12831);
#11928=AXIS2_PLACEMENT_3D('',#16081,#12833,#12834);
#11929=AXIS2_PLACEMENT_3D('',#16085,#12836,#12837);
#11930=AXIS2_PLACEMENT_3D('',#16087,#12839,#12840);
#11931=AXIS2_PLACEMENT_3D('',#16090,#12843,#12844);
#11932=AXIS2_PLACEMENT_3D('',#16093,#12847,#12848);
#11933=AXIS2_PLACEMENT_3D('',#16096,#12851,#12852);
#11934=AXIS2_PLACEMENT_3D('',#16099,#12855,#12856);
#11935=AXIS2_PLACEMENT_3D('',#16100,#12857,#12858);
#11936=AXIS2_PLACEMENT_3D('',#16101,#12859,#12860);
#11937=AXIS2_PLACEMENT_3D('',#16102,#12861,#12862);
#11938=AXIS2_PLACEMENT_3D('',#16103,#12863,#12864);
#11939=AXIS2_PLACEMENT_3D('',#16132,#12879,#12880);
#11940=AXIS2_PLACEMENT_3D('',#16138,#12884,#12885);
#11941=AXIS2_PLACEMENT_3D('',#16142,#12888,#12889);
#11942=AXIS2_PLACEMENT_3D('',#16146,#12892,#12893);
#11943=AXIS2_PLACEMENT_3D('',#16150,#12896,#12897);
#11944=AXIS2_PLACEMENT_3D('',#16154,#12900,#12901);
#11945=AXIS2_PLACEMENT_3D('',#16158,#12904,#12905);
#11946=AXIS2_PLACEMENT_3D('',#16162,#12908,#12909);
#11947=AXIS2_PLACEMENT_3D('',#16166,#12912,#12913);
#11948=AXIS2_PLACEMENT_3D('',#16170,#12916,#12917);
#11949=AXIS2_PLACEMENT_3D('',#16172,#12919,#12920);
#11950=AXIS2_PLACEMENT_3D('',#16178,#12924,#12925);
#11951=AXIS2_PLACEMENT_3D('',#16182,#12928,#12929);
#11952=AXIS2_PLACEMENT_3D('',#16186,#12932,#12933);
#11953=AXIS2_PLACEMENT_3D('',#16188,#12935,#12936);
#11954=AXIS2_PLACEMENT_3D('',#16189,#12937,#12938);
#11955=AXIS2_PLACEMENT_3D('',#16224,#12956,#12957);
#11956=AXIS2_PLACEMENT_3D('',#16230,#12961,#12962);
#11957=AXIS2_PLACEMENT_3D('',#16234,#12965,#12966);
#11958=AXIS2_PLACEMENT_3D('',#16238,#12969,#12970);
#11959=AXIS2_PLACEMENT_3D('',#16242,#12973,#12974);
#11960=AXIS2_PLACEMENT_3D('',#16246,#12977,#12978);
#11961=AXIS2_PLACEMENT_3D('',#16250,#12981,#12982);
#11962=AXIS2_PLACEMENT_3D('',#16254,#12985,#12986);
#11963=AXIS2_PLACEMENT_3D('',#16258,#12989,#12990);
#11964=AXIS2_PLACEMENT_3D('',#16260,#12992,#12993);
#11965=AXIS2_PLACEMENT_3D('',#16266,#12997,#12998);
#11966=AXIS2_PLACEMENT_3D('',#16270,#13001,#13002);
#11967=AXIS2_PLACEMENT_3D('',#16274,#13005,#13006);
#11968=AXIS2_PLACEMENT_3D('',#16278,#13009,#13010);
#11969=AXIS2_PLACEMENT_3D('',#16282,#13013,#13014);
#11970=AXIS2_PLACEMENT_3D('',#16286,#13017,#13018);
#11971=AXIS2_PLACEMENT_3D('',#16290,#13021,#13022);
#11972=AXIS2_PLACEMENT_3D('',#16292,#13024,#13025);
#11973=AXIS2_PLACEMENT_3D('',#16293,#13026,#13027);
#11974=AXIS2_PLACEMENT_3D('',#16326,#13044,#13045);
#11975=AXIS2_PLACEMENT_3D('',#16332,#13049,#13050);
#11976=AXIS2_PLACEMENT_3D('',#16336,#13053,#13054);
#11977=AXIS2_PLACEMENT_3D('',#16340,#13057,#13058);
#11978=AXIS2_PLACEMENT_3D('',#16344,#13061,#13062);
#11979=AXIS2_PLACEMENT_3D('',#16348,#13065,#13066);
#11980=AXIS2_PLACEMENT_3D('',#16352,#13069,#13070);
#11981=AXIS2_PLACEMENT_3D('',#16356,#13073,#13074);
#11982=AXIS2_PLACEMENT_3D('',#16358,#13076,#13077);
#11983=AXIS2_PLACEMENT_3D('',#16364,#13081,#13082);
#11984=AXIS2_PLACEMENT_3D('',#16368,#13085,#13086);
#11985=AXIS2_PLACEMENT_3D('',#16372,#13089,#13090);
#11986=AXIS2_PLACEMENT_3D('',#16374,#13092,#13093);
#11987=AXIS2_PLACEMENT_3D('',#16380,#13097,#13098);
#11988=AXIS2_PLACEMENT_3D('',#16384,#13101,#13102);
#11989=AXIS2_PLACEMENT_3D('',#16388,#13105,#13106);
#11990=AXIS2_PLACEMENT_3D('',#16390,#13108,#13109);
#11991=AXIS2_PLACEMENT_3D('',#16391,#13110,#13111);
#11992=AXIS2_PLACEMENT_3D('',#16412,#13122,#13123);
#11993=AXIS2_PLACEMENT_3D('',#16418,#13127,#13128);
#11994=AXIS2_PLACEMENT_3D('',#16422,#13131,#13132);
#11995=AXIS2_PLACEMENT_3D('',#16426,#13135,#13136);
#11996=AXIS2_PLACEMENT_3D('',#16430,#13139,#13140);
#11997=AXIS2_PLACEMENT_3D('',#16434,#13143,#13144);
#11998=AXIS2_PLACEMENT_3D('',#16438,#13147,#13148);
#11999=AXIS2_PLACEMENT_3D('',#16442,#13151,#13152);
#12000=AXIS2_PLACEMENT_3D('',#16446,#13155,#13156);
#12001=AXIS2_PLACEMENT_3D('',#16450,#13159,#13160);
#12002=AXIS2_PLACEMENT_3D('',#16452,#13162,#13163);
#12003=AXIS2_PLACEMENT_3D('',#16453,#13164,#13165);
#12004=AXIS2_PLACEMENT_3D('',#16500,#13189,#13190);
#12005=AXIS2_PLACEMENT_3D('',#16506,#13194,#13195);
#12006=AXIS2_PLACEMENT_3D('',#16510,#13198,#13199);
#12007=AXIS2_PLACEMENT_3D('',#16514,#13202,#13203);
#12008=AXIS2_PLACEMENT_3D('',#16518,#13206,#13207);
#12009=AXIS2_PLACEMENT_3D('',#16522,#13210,#13211);
#12010=AXIS2_PLACEMENT_3D('',#16526,#13214,#13215);
#12011=AXIS2_PLACEMENT_3D('',#16530,#13218,#13219);
#12012=AXIS2_PLACEMENT_3D('',#16534,#13222,#13223);
#12013=AXIS2_PLACEMENT_3D('',#16538,#13226,#13227);
#12014=AXIS2_PLACEMENT_3D('',#16542,#13230,#13231);
#12015=AXIS2_PLACEMENT_3D('',#16546,#13234,#13235);
#12016=AXIS2_PLACEMENT_3D('',#16550,#13238,#13239);
#12017=AXIS2_PLACEMENT_3D('',#16554,#13242,#13243);
#12018=AXIS2_PLACEMENT_3D('',#16558,#13246,#13247);
#12019=AXIS2_PLACEMENT_3D('',#16560,#13249,#13250);
#12020=AXIS2_PLACEMENT_3D('',#16566,#13254,#13255);
#12021=AXIS2_PLACEMENT_3D('',#16570,#13258,#13259);
#12022=AXIS2_PLACEMENT_3D('',#16574,#13262,#13263);
#12023=AXIS2_PLACEMENT_3D('',#16578,#13266,#13267);
#12024=AXIS2_PLACEMENT_3D('',#16582,#13270,#13271);
#12025=AXIS2_PLACEMENT_3D('',#16586,#13274,#13275);
#12026=AXIS2_PLACEMENT_3D('',#16590,#13278,#13279);
#12027=AXIS2_PLACEMENT_3D('',#16592,#13281,#13282);
#12028=AXIS2_PLACEMENT_3D('',#16593,#13283,#13284);
#12029=AXIS2_PLACEMENT_3D('',#16610,#13293,#13294);
#12030=AXIS2_PLACEMENT_3D('',#16616,#13298,#13299);
#12031=AXIS2_PLACEMENT_3D('',#16620,#13302,#13303);
#12032=AXIS2_PLACEMENT_3D('',#16624,#13306,#13307);
#12033=AXIS2_PLACEMENT_3D('',#16628,#13310,#13311);
#12034=AXIS2_PLACEMENT_3D('',#16632,#13314,#13315);
#12035=AXIS2_PLACEMENT_3D('',#16636,#13318,#13319);
#12036=AXIS2_PLACEMENT_3D('',#16640,#13322,#13323);
#12037=AXIS2_PLACEMENT_3D('',#16642,#13325,#13326);
#12038=AXIS2_PLACEMENT_3D('',#16643,#13327,#13328);
#12039=AXIS2_PLACEMENT_3D('',#16664,#13339,#13340);
#12040=AXIS2_PLACEMENT_3D('',#16670,#13344,#13345);
#12041=AXIS2_PLACEMENT_3D('',#16674,#13348,#13349);
#12042=AXIS2_PLACEMENT_3D('',#16678,#13352,#13353);
#12043=AXIS2_PLACEMENT_3D('',#16682,#13356,#13357);
#12044=AXIS2_PLACEMENT_3D('',#16686,#13360,#13361);
#12045=AXIS2_PLACEMENT_3D('',#16690,#13364,#13365);
#12046=AXIS2_PLACEMENT_3D('',#16694,#13368,#13369);
#12047=AXIS2_PLACEMENT_3D('',#16698,#13372,#13373);
#12048=AXIS2_PLACEMENT_3D('',#16702,#13376,#13377);
#12049=AXIS2_PLACEMENT_3D('',#16704,#13379,#13380);
#12050=AXIS2_PLACEMENT_3D('',#16705,#13381,#13382);
#12051=AXIS2_PLACEMENT_3D('',#16714,#13387,#13388);
#12052=AXIS2_PLACEMENT_3D('',#16720,#13392,#13393);
#12053=AXIS2_PLACEMENT_3D('',#16724,#13396,#13397);
#12054=AXIS2_PLACEMENT_3D('',#16728,#13400,#13401);
#12055=AXIS2_PLACEMENT_3D('',#16730,#13403,#13404);
#12056=AXIS2_PLACEMENT_3D('',#16731,#13405,#13406);
#12057=AXIS2_PLACEMENT_3D('',#16752,#13417,#13418);
#12058=AXIS2_PLACEMENT_3D('',#16758,#13422,#13423);
#12059=AXIS2_PLACEMENT_3D('',#16762,#13426,#13427);
#12060=AXIS2_PLACEMENT_3D('',#16766,#13430,#13431);
#12061=AXIS2_PLACEMENT_3D('',#16770,#13434,#13435);
#12062=AXIS2_PLACEMENT_3D('',#16774,#13438,#13439);
#12063=AXIS2_PLACEMENT_3D('',#16778,#13442,#13443);
#12064=AXIS2_PLACEMENT_3D('',#16782,#13446,#13447);
#12065=AXIS2_PLACEMENT_3D('',#16786,#13450,#13451);
#12066=AXIS2_PLACEMENT_3D('',#16790,#13454,#13455);
#12067=AXIS2_PLACEMENT_3D('',#16792,#13457,#13458);
#12068=AXIS2_PLACEMENT_3D('',#16793,#13459,#13460);
#12069=AXIS2_PLACEMENT_3D('',#16820,#13474,#13475);
#12070=AXIS2_PLACEMENT_3D('',#16826,#13479,#13480);
#12071=AXIS2_PLACEMENT_3D('',#16830,#13483,#13484);
#12072=AXIS2_PLACEMENT_3D('',#16834,#13487,#13488);
#12073=AXIS2_PLACEMENT_3D('',#16838,#13491,#13492);
#12074=AXIS2_PLACEMENT_3D('',#16842,#13495,#13496);
#12075=AXIS2_PLACEMENT_3D('',#16846,#13499,#13500);
#12076=AXIS2_PLACEMENT_3D('',#16850,#13503,#13504);
#12077=AXIS2_PLACEMENT_3D('',#16854,#13507,#13508);
#12078=AXIS2_PLACEMENT_3D('',#16858,#13511,#13512);
#12079=AXIS2_PLACEMENT_3D('',#16862,#13515,#13516);
#12080=AXIS2_PLACEMENT_3D('',#16866,#13519,#13520);
#12081=AXIS2_PLACEMENT_3D('',#16870,#13523,#13524);
#12082=AXIS2_PLACEMENT_3D('',#16872,#13526,#13527);
#12083=AXIS2_PLACEMENT_3D('',#16873,#13528,#13529);
#12084=AXIS2_PLACEMENT_3D('',#16908,#13547,#13548);
#12085=AXIS2_PLACEMENT_3D('',#16914,#13552,#13553);
#12086=AXIS2_PLACEMENT_3D('',#16918,#13556,#13557);
#12087=AXIS2_PLACEMENT_3D('',#16922,#13560,#13561);
#12088=AXIS2_PLACEMENT_3D('',#16926,#13564,#13565);
#12089=AXIS2_PLACEMENT_3D('',#16930,#13568,#13569);
#12090=AXIS2_PLACEMENT_3D('',#16934,#13572,#13573);
#12091=AXIS2_PLACEMENT_3D('',#16938,#13576,#13577);
#12092=AXIS2_PLACEMENT_3D('',#16942,#13580,#13581);
#12093=AXIS2_PLACEMENT_3D('',#16946,#13584,#13585);
#12094=AXIS2_PLACEMENT_3D('',#16950,#13588,#13589);
#12095=AXIS2_PLACEMENT_3D('',#16954,#13592,#13593);
#12096=AXIS2_PLACEMENT_3D('',#16958,#13596,#13597);
#12097=AXIS2_PLACEMENT_3D('',#16962,#13600,#13601);
#12098=AXIS2_PLACEMENT_3D('',#16966,#13604,#13605);
#12099=AXIS2_PLACEMENT_3D('',#16970,#13608,#13609);
#12100=AXIS2_PLACEMENT_3D('',#16974,#13612,#13613);
#12101=AXIS2_PLACEMENT_3D('',#16976,#13615,#13616);
#12102=AXIS2_PLACEMENT_3D('',#16977,#13617,#13618);
#12103=AXIS2_PLACEMENT_3D('',#17016,#13638,#13639);
#12104=AXIS2_PLACEMENT_3D('',#17022,#13643,#13644);
#12105=AXIS2_PLACEMENT_3D('',#17026,#13647,#13648);
#12106=AXIS2_PLACEMENT_3D('',#17030,#13651,#13652);
#12107=AXIS2_PLACEMENT_3D('',#17034,#13655,#13656);
#12108=AXIS2_PLACEMENT_3D('',#17038,#13659,#13660);
#12109=AXIS2_PLACEMENT_3D('',#17042,#13663,#13664);
#12110=AXIS2_PLACEMENT_3D('',#17046,#13667,#13668);
#12111=AXIS2_PLACEMENT_3D('',#17050,#13671,#13672);
#12112=AXIS2_PLACEMENT_3D('',#17054,#13675,#13676);
#12113=AXIS2_PLACEMENT_3D('',#17058,#13679,#13680);
#12114=AXIS2_PLACEMENT_3D('',#17062,#13683,#13684);
#12115=AXIS2_PLACEMENT_3D('',#17066,#13687,#13688);
#12116=AXIS2_PLACEMENT_3D('',#17070,#13691,#13692);
#12117=AXIS2_PLACEMENT_3D('',#17072,#13694,#13695);
#12118=AXIS2_PLACEMENT_3D('',#17078,#13699,#13700);
#12119=AXIS2_PLACEMENT_3D('',#17082,#13703,#13704);
#12120=AXIS2_PLACEMENT_3D('',#17086,#13707,#13708);
#12121=AXIS2_PLACEMENT_3D('',#17090,#13711,#13712);
#12122=AXIS2_PLACEMENT_3D('',#17092,#13714,#13715);
#12123=AXIS2_PLACEMENT_3D('',#17093,#13716,#13717);
#12124=AXIS2_PLACEMENT_3D('',#17122,#13732,#13733);
#12125=AXIS2_PLACEMENT_3D('',#17128,#13737,#13738);
#12126=AXIS2_PLACEMENT_3D('',#17132,#13741,#13742);
#12127=AXIS2_PLACEMENT_3D('',#17136,#13745,#13746);
#12128=AXIS2_PLACEMENT_3D('',#17140,#13749,#13750);
#12129=AXIS2_PLACEMENT_3D('',#17144,#13753,#13754);
#12130=AXIS2_PLACEMENT_3D('',#17148,#13757,#13758);
#12131=AXIS2_PLACEMENT_3D('',#17152,#13761,#13762);
#12132=AXIS2_PLACEMENT_3D('',#17156,#13765,#13766);
#12133=AXIS2_PLACEMENT_3D('',#17160,#13769,#13770);
#12134=AXIS2_PLACEMENT_3D('',#17164,#13773,#13774);
#12135=AXIS2_PLACEMENT_3D('',#17168,#13777,#13778);
#12136=AXIS2_PLACEMENT_3D('',#17172,#13781,#13782);
#12137=AXIS2_PLACEMENT_3D('',#17176,#13785,#13786);
#12138=AXIS2_PLACEMENT_3D('',#17178,#13788,#13789);
#12139=AXIS2_PLACEMENT_3D('',#17179,#13790,#13791);
#12140=AXIS2_PLACEMENT_3D('',#17200,#13802,#13803);
#12141=AXIS2_PLACEMENT_3D('',#17206,#13807,#13808);
#12142=AXIS2_PLACEMENT_3D('',#17210,#13811,#13812);
#12143=AXIS2_PLACEMENT_3D('',#17214,#13815,#13816);
#12144=AXIS2_PLACEMENT_3D('',#17218,#13819,#13820);
#12145=AXIS2_PLACEMENT_3D('',#17222,#13823,#13824);
#12146=AXIS2_PLACEMENT_3D('',#17226,#13827,#13828);
#12147=AXIS2_PLACEMENT_3D('',#17230,#13831,#13832);
#12148=AXIS2_PLACEMENT_3D('',#17234,#13835,#13836);
#12149=AXIS2_PLACEMENT_3D('',#17238,#13839,#13840);
#12150=AXIS2_PLACEMENT_3D('',#17240,#13842,#13843);
#12151=AXIS2_PLACEMENT_3D('',#17241,#13844,#13845);
#12152=AXIS2_PLACEMENT_3D('',#17288,#13869,#13870);
#12153=AXIS2_PLACEMENT_3D('',#17294,#13874,#13875);
#12154=AXIS2_PLACEMENT_3D('',#17298,#13878,#13879);
#12155=AXIS2_PLACEMENT_3D('',#17302,#13882,#13883);
#12156=AXIS2_PLACEMENT_3D('',#17306,#13886,#13887);
#12157=AXIS2_PLACEMENT_3D('',#17310,#13890,#13891);
#12158=AXIS2_PLACEMENT_3D('',#17314,#13894,#13895);
#12159=AXIS2_PLACEMENT_3D('',#17318,#13898,#13899);
#12160=AXIS2_PLACEMENT_3D('',#17322,#13902,#13903);
#12161=AXIS2_PLACEMENT_3D('',#17326,#13906,#13907);
#12162=AXIS2_PLACEMENT_3D('',#17330,#13910,#13911);
#12163=AXIS2_PLACEMENT_3D('',#17334,#13914,#13915);
#12164=AXIS2_PLACEMENT_3D('',#17338,#13918,#13919);
#12165=AXIS2_PLACEMENT_3D('',#17342,#13922,#13923);
#12166=AXIS2_PLACEMENT_3D('',#17346,#13926,#13927);
#12167=AXIS2_PLACEMENT_3D('',#17348,#13929,#13930);
#12168=AXIS2_PLACEMENT_3D('',#17354,#13934,#13935);
#12169=AXIS2_PLACEMENT_3D('',#17358,#13938,#13939);
#12170=AXIS2_PLACEMENT_3D('',#17362,#13942,#13943);
#12171=AXIS2_PLACEMENT_3D('',#17366,#13946,#13947);
#12172=AXIS2_PLACEMENT_3D('',#17370,#13950,#13951);
#12173=AXIS2_PLACEMENT_3D('',#17374,#13954,#13955);
#12174=AXIS2_PLACEMENT_3D('',#17378,#13958,#13959);
#12175=AXIS2_PLACEMENT_3D('',#17380,#13961,#13962);
#12176=AXIS2_PLACEMENT_3D('',#17381,#13963,#13964);
#12177=AXIS2_PLACEMENT_3D('',#17398,#13973,#13974);
#12178=AXIS2_PLACEMENT_3D('',#17404,#13978,#13979);
#12179=AXIS2_PLACEMENT_3D('',#17408,#13982,#13983);
#12180=AXIS2_PLACEMENT_3D('',#17412,#13986,#13987);
#12181=AXIS2_PLACEMENT_3D('',#17416,#13990,#13991);
#12182=AXIS2_PLACEMENT_3D('',#17420,#13994,#13995);
#12183=AXIS2_PLACEMENT_3D('',#17424,#13998,#13999);
#12184=AXIS2_PLACEMENT_3D('',#17428,#14002,#14003);
#12185=AXIS2_PLACEMENT_3D('',#17430,#14005,#14006);
#12186=AXIS2_PLACEMENT_3D('',#17431,#14007,#14008);
#12187=AXIS2_PLACEMENT_3D('',#17458,#14022,#14023);
#12188=AXIS2_PLACEMENT_3D('',#17464,#14027,#14028);
#12189=AXIS2_PLACEMENT_3D('',#17468,#14031,#14032);
#12190=AXIS2_PLACEMENT_3D('',#17472,#14035,#14036);
#12191=AXIS2_PLACEMENT_3D('',#17476,#14039,#14040);
#12192=AXIS2_PLACEMENT_3D('',#17480,#14043,#14044);
#12193=AXIS2_PLACEMENT_3D('',#17484,#14047,#14048);
#12194=AXIS2_PLACEMENT_3D('',#17488,#14051,#14052);
#12195=AXIS2_PLACEMENT_3D('',#17492,#14055,#14056);
#12196=AXIS2_PLACEMENT_3D('',#17496,#14059,#14060);
#12197=AXIS2_PLACEMENT_3D('',#17500,#14063,#14064);
#12198=AXIS2_PLACEMENT_3D('',#17504,#14067,#14068);
#12199=AXIS2_PLACEMENT_3D('',#17508,#14071,#14072);
#12200=AXIS2_PLACEMENT_3D('',#17510,#14074,#14075);
#12201=AXIS2_PLACEMENT_3D('',#17511,#14076,#14077);
#12202=AXIS2_PLACEMENT_3D('',#17550,#14097,#14098);
#12203=AXIS2_PLACEMENT_3D('',#17556,#14102,#14103);
#12204=AXIS2_PLACEMENT_3D('',#17560,#14106,#14107);
#12205=AXIS2_PLACEMENT_3D('',#17564,#14110,#14111);
#12206=AXIS2_PLACEMENT_3D('',#17568,#14114,#14115);
#12207=AXIS2_PLACEMENT_3D('',#17572,#14118,#14119);
#12208=AXIS2_PLACEMENT_3D('',#17576,#14122,#14123);
#12209=AXIS2_PLACEMENT_3D('',#17580,#14126,#14127);
#12210=AXIS2_PLACEMENT_3D('',#17584,#14130,#14131);
#12211=AXIS2_PLACEMENT_3D('',#17588,#14134,#14135);
#12212=AXIS2_PLACEMENT_3D('',#17592,#14138,#14139);
#12213=AXIS2_PLACEMENT_3D('',#17596,#14142,#14143);
#12214=AXIS2_PLACEMENT_3D('',#17600,#14146,#14147);
#12215=AXIS2_PLACEMENT_3D('',#17604,#14150,#14151);
#12216=AXIS2_PLACEMENT_3D('',#17606,#14153,#14154);
#12217=AXIS2_PLACEMENT_3D('',#17612,#14158,#14159);
#12218=AXIS2_PLACEMENT_3D('',#17616,#14162,#14163);
#12219=AXIS2_PLACEMENT_3D('',#17620,#14166,#14167);
#12220=AXIS2_PLACEMENT_3D('',#17624,#14170,#14171);
#12221=AXIS2_PLACEMENT_3D('',#17626,#14173,#14174);
#12222=AXIS2_PLACEMENT_3D('',#17627,#14175,#14176);
#12223=AXIS2_PLACEMENT_3D('',#17648,#14187,#14188);
#12224=AXIS2_PLACEMENT_3D('',#17654,#14192,#14193);
#12225=AXIS2_PLACEMENT_3D('',#17658,#14196,#14197);
#12226=AXIS2_PLACEMENT_3D('',#17662,#14200,#14201);
#12227=AXIS2_PLACEMENT_3D('',#17666,#14204,#14205);
#12228=AXIS2_PLACEMENT_3D('',#17670,#14208,#14209);
#12229=AXIS2_PLACEMENT_3D('',#17674,#14212,#14213);
#12230=AXIS2_PLACEMENT_3D('',#17678,#14216,#14217);
#12231=AXIS2_PLACEMENT_3D('',#17682,#14220,#14221);
#12232=AXIS2_PLACEMENT_3D('',#17686,#14224,#14225);
#12233=AXIS2_PLACEMENT_3D('',#17688,#14227,#14228);
#12234=AXIS2_PLACEMENT_3D('',#17689,#14229,#14230);
#12235=AXIS2_PLACEMENT_3D('',#17728,#14250,#14251);
#12236=AXIS2_PLACEMENT_3D('',#17734,#14255,#14256);
#12237=AXIS2_PLACEMENT_3D('',#17738,#14259,#14260);
#12238=AXIS2_PLACEMENT_3D('',#17742,#14263,#14264);
#12239=AXIS2_PLACEMENT_3D('',#17746,#14267,#14268);
#12240=AXIS2_PLACEMENT_3D('',#17750,#14271,#14272);
#12241=AXIS2_PLACEMENT_3D('',#17754,#14275,#14276);
#12242=AXIS2_PLACEMENT_3D('',#17758,#14279,#14280);
#12243=AXIS2_PLACEMENT_3D('',#17762,#14283,#14284);
#12244=AXIS2_PLACEMENT_3D('',#17766,#14287,#14288);
#12245=AXIS2_PLACEMENT_3D('',#17770,#14291,#14292);
#12246=AXIS2_PLACEMENT_3D('',#17774,#14295,#14296);
#12247=AXIS2_PLACEMENT_3D('',#17778,#14299,#14300);
#12248=AXIS2_PLACEMENT_3D('',#17782,#14303,#14304);
#12249=AXIS2_PLACEMENT_3D('',#17786,#14307,#14308);
#12250=AXIS2_PLACEMENT_3D('',#17790,#14311,#14312);
#12251=AXIS2_PLACEMENT_3D('',#17794,#14315,#14316);
#12252=AXIS2_PLACEMENT_3D('',#17798,#14319,#14320);
#12253=AXIS2_PLACEMENT_3D('',#17802,#14323,#14324);
#12254=AXIS2_PLACEMENT_3D('',#17804,#14326,#14327);
#12255=AXIS2_PLACEMENT_3D('',#17805,#14328,#14329);
#12256=AXIS2_PLACEMENT_3D('',#17840,#14347,#14348);
#12257=AXIS2_PLACEMENT_3D('',#17846,#14352,#14353);
#12258=AXIS2_PLACEMENT_3D('',#17850,#14356,#14357);
#12259=AXIS2_PLACEMENT_3D('',#17854,#14360,#14361);
#12260=AXIS2_PLACEMENT_3D('',#17858,#14364,#14365);
#12261=AXIS2_PLACEMENT_3D('',#17862,#14368,#14369);
#12262=AXIS2_PLACEMENT_3D('',#17866,#14372,#14373);
#12263=AXIS2_PLACEMENT_3D('',#17870,#14376,#14377);
#12264=AXIS2_PLACEMENT_3D('',#17874,#14380,#14381);
#12265=AXIS2_PLACEMENT_3D('',#17878,#14384,#14385);
#12266=AXIS2_PLACEMENT_3D('',#17882,#14388,#14389);
#12267=AXIS2_PLACEMENT_3D('',#17886,#14392,#14393);
#12268=AXIS2_PLACEMENT_3D('',#17890,#14396,#14397);
#12269=AXIS2_PLACEMENT_3D('',#17894,#14400,#14401);
#12270=AXIS2_PLACEMENT_3D('',#17898,#14404,#14405);
#12271=AXIS2_PLACEMENT_3D('',#17902,#14408,#14409);
#12272=AXIS2_PLACEMENT_3D('',#17906,#14412,#14413);
#12273=AXIS2_PLACEMENT_3D('',#17908,#14415,#14416);
#12274=AXIS2_PLACEMENT_3D('',#17909,#14417,#14418);
#12275=AXIS2_PLACEMENT_3D('',#17918,#14423,#14424);
#12276=AXIS2_PLACEMENT_3D('',#17924,#14428,#14429);
#12277=AXIS2_PLACEMENT_3D('',#17928,#14432,#14433);
#12278=AXIS2_PLACEMENT_3D('',#17932,#14436,#14437);
#12279=AXIS2_PLACEMENT_3D('',#17934,#14439,#14440);
#12280=AXIS2_PLACEMENT_3D('',#17935,#14441,#14442);
#12281=AXIS2_PLACEMENT_3D('',#17944,#14447,#14448);
#12282=AXIS2_PLACEMENT_3D('',#17950,#14452,#14453);
#12283=AXIS2_PLACEMENT_3D('',#17954,#14456,#14457);
#12284=AXIS2_PLACEMENT_3D('',#17958,#14460,#14461);
#12285=AXIS2_PLACEMENT_3D('',#17960,#14463,#14464);
#12286=AXIS2_PLACEMENT_3D('',#17961,#14465,#14466);
#12287=AXIS2_PLACEMENT_3D('',#18006,#14489,#14490);
#12288=AXIS2_PLACEMENT_3D('',#18012,#14494,#14495);
#12289=AXIS2_PLACEMENT_3D('',#18016,#14498,#14499);
#12290=AXIS2_PLACEMENT_3D('',#18020,#14502,#14503);
#12291=AXIS2_PLACEMENT_3D('',#18024,#14506,#14507);
#12292=AXIS2_PLACEMENT_3D('',#18028,#14510,#14511);
#12293=AXIS2_PLACEMENT_3D('',#18032,#14514,#14515);
#12294=AXIS2_PLACEMENT_3D('',#18036,#14518,#14519);
#12295=AXIS2_PLACEMENT_3D('',#18040,#14522,#14523);
#12296=AXIS2_PLACEMENT_3D('',#18044,#14526,#14527);
#12297=AXIS2_PLACEMENT_3D('',#18048,#14530,#14531);
#12298=AXIS2_PLACEMENT_3D('',#18052,#14534,#14535);
#12299=AXIS2_PLACEMENT_3D('',#18056,#14538,#14539);
#12300=AXIS2_PLACEMENT_3D('',#18060,#14542,#14543);
#12301=AXIS2_PLACEMENT_3D('',#18064,#14546,#14547);
#12302=AXIS2_PLACEMENT_3D('',#18068,#14550,#14551);
#12303=AXIS2_PLACEMENT_3D('',#18072,#14554,#14555);
#12304=AXIS2_PLACEMENT_3D('',#18076,#14558,#14559);
#12305=AXIS2_PLACEMENT_3D('',#18080,#14562,#14563);
#12306=AXIS2_PLACEMENT_3D('',#18084,#14566,#14567);
#12307=AXIS2_PLACEMENT_3D('',#18088,#14570,#14571);
#12308=AXIS2_PLACEMENT_3D('',#18092,#14574,#14575);
#12309=AXIS2_PLACEMENT_3D('',#18094,#14577,#14578);
#12310=AXIS2_PLACEMENT_3D('',#18095,#14579,#14580);
#12311=AXIS2_PLACEMENT_3D('',#18134,#14600,#14601);
#12312=AXIS2_PLACEMENT_3D('',#18140,#14605,#14606);
#12313=AXIS2_PLACEMENT_3D('',#18144,#14609,#14610);
#12314=AXIS2_PLACEMENT_3D('',#18148,#14613,#14614);
#12315=AXIS2_PLACEMENT_3D('',#18152,#14617,#14618);
#12316=AXIS2_PLACEMENT_3D('',#18156,#14621,#14622);
#12317=AXIS2_PLACEMENT_3D('',#18160,#14625,#14626);
#12318=AXIS2_PLACEMENT_3D('',#18164,#14629,#14630);
#12319=AXIS2_PLACEMENT_3D('',#18168,#14633,#14634);
#12320=AXIS2_PLACEMENT_3D('',#18172,#14637,#14638);
#12321=AXIS2_PLACEMENT_3D('',#18176,#14641,#14642);
#12322=AXIS2_PLACEMENT_3D('',#18180,#14645,#14646);
#12323=AXIS2_PLACEMENT_3D('',#18184,#14649,#14650);
#12324=AXIS2_PLACEMENT_3D('',#18188,#14653,#14654);
#12325=AXIS2_PLACEMENT_3D('',#18190,#14656,#14657);
#12326=AXIS2_PLACEMENT_3D('',#18196,#14661,#14662);
#12327=AXIS2_PLACEMENT_3D('',#18200,#14665,#14666);
#12328=AXIS2_PLACEMENT_3D('',#18204,#14669,#14670);
#12329=AXIS2_PLACEMENT_3D('',#18208,#14673,#14674);
#12330=AXIS2_PLACEMENT_3D('',#18210,#14676,#14677);
#12331=AXIS2_PLACEMENT_3D('',#18211,#14678,#14679);
#12332=AXIS2_PLACEMENT_3D('',#18256,#14702,#14703);
#12333=AXIS2_PLACEMENT_3D('',#18262,#14707,#14708);
#12334=AXIS2_PLACEMENT_3D('',#18266,#14711,#14712);
#12335=AXIS2_PLACEMENT_3D('',#18270,#14715,#14716);
#12336=AXIS2_PLACEMENT_3D('',#18274,#14719,#14720);
#12337=AXIS2_PLACEMENT_3D('',#18278,#14723,#14724);
#12338=AXIS2_PLACEMENT_3D('',#18282,#14727,#14728);
#12339=AXIS2_PLACEMENT_3D('',#18286,#14731,#14732);
#12340=AXIS2_PLACEMENT_3D('',#18290,#14735,#14736);
#12341=AXIS2_PLACEMENT_3D('',#18294,#14739,#14740);
#12342=AXIS2_PLACEMENT_3D('',#18298,#14743,#14744);
#12343=AXIS2_PLACEMENT_3D('',#18302,#14747,#14748);
#12344=AXIS2_PLACEMENT_3D('',#18306,#14751,#14752);
#12345=AXIS2_PLACEMENT_3D('',#18310,#14755,#14756);
#12346=AXIS2_PLACEMENT_3D('',#18312,#14758,#14759);
#12347=AXIS2_PLACEMENT_3D('',#18318,#14763,#14764);
#12348=AXIS2_PLACEMENT_3D('',#18322,#14767,#14768);
#12349=AXIS2_PLACEMENT_3D('',#18326,#14771,#14772);
#12350=AXIS2_PLACEMENT_3D('',#18330,#14775,#14776);
#12351=AXIS2_PLACEMENT_3D('',#18334,#14779,#14780);
#12352=AXIS2_PLACEMENT_3D('',#18338,#14783,#14784);
#12353=AXIS2_PLACEMENT_3D('',#18342,#14787,#14788);
#12354=AXIS2_PLACEMENT_3D('',#18344,#14790,#14791);
#12355=AXIS2_PLACEMENT_3D('',#18345,#14792,#14793);
#12356=AXIS2_PLACEMENT_3D('',#18382,#14812,#14813);
#12357=AXIS2_PLACEMENT_3D('',#18388,#14817,#14818);
#12358=AXIS2_PLACEMENT_3D('',#18392,#14821,#14822);
#12359=AXIS2_PLACEMENT_3D('',#18396,#14825,#14826);
#12360=AXIS2_PLACEMENT_3D('',#18400,#14829,#14830);
#12361=AXIS2_PLACEMENT_3D('',#18404,#14833,#14834);
#12362=AXIS2_PLACEMENT_3D('',#18408,#14837,#14838);
#12363=AXIS2_PLACEMENT_3D('',#18412,#14841,#14842);
#12364=AXIS2_PLACEMENT_3D('',#18416,#14845,#14846);
#12365=AXIS2_PLACEMENT_3D('',#18420,#14849,#14850);
#12366=AXIS2_PLACEMENT_3D('',#18424,#14853,#14854);
#12367=AXIS2_PLACEMENT_3D('',#18428,#14857,#14858);
#12368=AXIS2_PLACEMENT_3D('',#18432,#14861,#14862);
#12369=AXIS2_PLACEMENT_3D('',#18436,#14865,#14866);
#12370=AXIS2_PLACEMENT_3D('',#18440,#14869,#14870);
#12371=AXIS2_PLACEMENT_3D('',#18442,#14872,#14873);
#12372=AXIS2_PLACEMENT_3D('',#18448,#14877,#14878);
#12373=AXIS2_PLACEMENT_3D('',#18452,#14881,#14882);
#12374=AXIS2_PLACEMENT_3D('',#18454,#14884,#14885);
#12375=AXIS2_PLACEMENT_3D('',#18455,#14886,#14887);
#12376=AXIS2_PLACEMENT_3D('',#18482,#14901,#14902);
#12377=AXIS2_PLACEMENT_3D('',#18488,#14906,#14907);
#12378=AXIS2_PLACEMENT_3D('',#18492,#14910,#14911);
#12379=AXIS2_PLACEMENT_3D('',#18496,#14914,#14915);
#12380=AXIS2_PLACEMENT_3D('',#18500,#14918,#14919);
#12381=AXIS2_PLACEMENT_3D('',#18504,#14922,#14923);
#12382=AXIS2_PLACEMENT_3D('',#18508,#14926,#14927);
#12383=AXIS2_PLACEMENT_3D('',#18512,#14930,#14931);
#12384=AXIS2_PLACEMENT_3D('',#18516,#14934,#14935);
#12385=AXIS2_PLACEMENT_3D('',#18520,#14938,#14939);
#12386=AXIS2_PLACEMENT_3D('',#18524,#14942,#14943);
#12387=AXIS2_PLACEMENT_3D('',#18528,#14946,#14947);
#12388=AXIS2_PLACEMENT_3D('',#18532,#14950,#14951);
#12389=AXIS2_PLACEMENT_3D('',#18534,#14953,#14954);
#12390=AXIS2_PLACEMENT_3D('',#18535,#14955,#14956);
#12391=AXIS2_PLACEMENT_3D('',#18578,#14978,#14979);
#12392=AXIS2_PLACEMENT_3D('',#18584,#14983,#14984);
#12393=AXIS2_PLACEMENT_3D('',#18588,#14987,#14988);
#12394=AXIS2_PLACEMENT_3D('',#18592,#14991,#14992);
#12395=AXIS2_PLACEMENT_3D('',#18596,#14995,#14996);
#12396=AXIS2_PLACEMENT_3D('',#18600,#14999,#15000);
#12397=AXIS2_PLACEMENT_3D('',#18604,#15003,#15004);
#12398=AXIS2_PLACEMENT_3D('',#18608,#15007,#15008);
#12399=AXIS2_PLACEMENT_3D('',#18612,#15011,#15012);
#12400=AXIS2_PLACEMENT_3D('',#18616,#15015,#15016);
#12401=AXIS2_PLACEMENT_3D('',#18620,#15019,#15020);
#12402=AXIS2_PLACEMENT_3D('',#18624,#15023,#15024);
#12403=AXIS2_PLACEMENT_3D('',#18628,#15027,#15028);
#12404=AXIS2_PLACEMENT_3D('',#18630,#15030,#15031);
#12405=AXIS2_PLACEMENT_3D('',#18636,#15035,#15036);
#12406=AXIS2_PLACEMENT_3D('',#18640,#15039,#15040);
#12407=AXIS2_PLACEMENT_3D('',#18644,#15043,#15044);
#12408=AXIS2_PLACEMENT_3D('',#18648,#15047,#15048);
#12409=AXIS2_PLACEMENT_3D('',#18652,#15051,#15052);
#12410=AXIS2_PLACEMENT_3D('',#18656,#15055,#15056);
#12411=AXIS2_PLACEMENT_3D('',#18660,#15059,#15060);
#12412=AXIS2_PLACEMENT_3D('',#18662,#15062,#15063);
#12413=AXIS2_PLACEMENT_3D('',#18663,#15064,#15065);
#12414=AXIS2_PLACEMENT_3D('',#18688,#15078,#15079);
#12415=AXIS2_PLACEMENT_3D('',#18694,#15083,#15084);
#12416=AXIS2_PLACEMENT_3D('',#18698,#15087,#15088);
#12417=AXIS2_PLACEMENT_3D('',#18702,#15091,#15092);
#12418=AXIS2_PLACEMENT_3D('',#18706,#15095,#15096);
#12419=AXIS2_PLACEMENT_3D('',#18710,#15099,#15100);
#12420=AXIS2_PLACEMENT_3D('',#18714,#15103,#15104);
#12421=AXIS2_PLACEMENT_3D('',#18716,#15106,#15107);
#12422=AXIS2_PLACEMENT_3D('',#18722,#15111,#15112);
#12423=AXIS2_PLACEMENT_3D('',#18726,#15115,#15116);
#12424=AXIS2_PLACEMENT_3D('',#18730,#15119,#15120);
#12425=AXIS2_PLACEMENT_3D('',#18734,#15123,#15124);
#12426=AXIS2_PLACEMENT_3D('',#18736,#15126,#15127);
#12427=AXIS2_PLACEMENT_3D('',#18737,#15128,#15129);
#12428=AXIS2_PLACEMENT_3D('',#18746,#15134,#15135);
#12429=AXIS2_PLACEMENT_3D('',#18755,#15140,#15141);
#12430=AXIS2_PLACEMENT_3D('',#18758,#15144,#15145);
#12431=AXIS2_PLACEMENT_3D('',#18760,#15147,#15148);
#12432=AXIS2_PLACEMENT_3D('',#18762,#15150,#15151);
#12433=AXIS2_PLACEMENT_3D('',#18763,#15152,#15153);
#12434=AXIS2_PLACEMENT_3D('',#18776,#15160,#15161);
#12435=AXIS2_PLACEMENT_3D('',#18789,#15168,#15169);
#12436=AXIS2_PLACEMENT_3D('',#18792,#15172,#15173);
#12437=AXIS2_PLACEMENT_3D('',#18794,#15175,#15176);
#12438=AXIS2_PLACEMENT_3D('',#18796,#15178,#15179);
#12439=AXIS2_PLACEMENT_3D('',#18798,#15181,#15182);
#12440=AXIS2_PLACEMENT_3D('',#18800,#15184,#15185);
#12441=AXIS2_PLACEMENT_3D('',#18801,#15186,#15187);
#12442=AXIS2_PLACEMENT_3D('',#18804,#15188,#15189);
#12443=AXIS2_PLACEMENT_3D('',#18805,#15190,#15191);
#12444=AXIS2_PLACEMENT_3D('',#18806,#15192,#15193);
#12445=AXIS2_PLACEMENT_3D('',#18809,#15194,#15195);
#12446=AXIS2_PLACEMENT_3D('',#18810,#15196,#15197);
#12447=AXIS2_PLACEMENT_3D('',#18811,#15198,#15199);
#12448=AXIS2_PLACEMENT_3D('',#18814,#15202,#15203);
#12449=AXIS2_PLACEMENT_3D('',#18815,#15204,#15205);
#12450=AXIS2_PLACEMENT_3D('',#18820,#15207,#15208);
#12451=AXIS2_PLACEMENT_3D('',#18824,#15210,#15211);
#12452=AXIS2_PLACEMENT_3D('',#18828,#15213,#15214);
#12453=AXIS2_PLACEMENT_3D('',#18831,#15216,#15217);
#12454=AXIS2_PLACEMENT_3D('',#18832,#15218,#15219);
#12455=AXIS2_PLACEMENT_3D('',#18835,#15220,#15221);
#12456=AXIS2_PLACEMENT_3D('',#18839,#15223,#15224);
#12457=AXIS2_PLACEMENT_3D('',#18843,#15226,#15227);
#12458=AXIS2_PLACEMENT_3D('',#18847,#15229,#15230);
#12459=AXIS2_PLACEMENT_3D('',#18849,#15232,#15233);
#12460=AXIS2_PLACEMENT_3D('',#18852,#15236,#15237);
#12461=AXIS2_PLACEMENT_3D('',#18855,#15240,#15241);
#12462=AXIS2_PLACEMENT_3D('',#18858,#15244,#15245);
#12463=AXIS2_PLACEMENT_3D('',#18861,#15248,#15249);
#12464=AXIS2_PLACEMENT_3D('',#18862,#15250,#15251);
#12465=AXIS2_PLACEMENT_3D('',#18863,#15252,#15253);
#12466=AXIS2_PLACEMENT_3D('',#18864,#15254,#15255);
#12467=AXIS2_PLACEMENT_3D('',#18865,#15256,#15257);
#12468=AXIS2_PLACEMENT_3D('',#18866,#15258,#15259);
#12469=DIRECTION('axis',(0.,0.,1.));
#12470=DIRECTION('refdir',(1.,0.,0.));
#12471=DIRECTION('axis',(0.,0.,1.));
#12472=DIRECTION('refdir',(1.,0.,0.));
#12473=DIRECTION('center_axis',(1.,0.,0.));
#12474=DIRECTION('ref_axis',(0.,-1.,0.));
#12475=DIRECTION('center_axis',(-1.,0.,0.));
#12476=DIRECTION('ref_axis',(0.,-1.,0.));
#12477=DIRECTION('',(-1.,0.,0.));
#12478=DIRECTION('center_axis',(1.,0.,0.));
#12479=DIRECTION('ref_axis',(0.,-1.,0.));
#12480=DIRECTION('',(1.,0.,0.));
#12481=DIRECTION('center_axis',(1.,0.,0.));
#12482=DIRECTION('ref_axis',(0.,-1.,0.));
#12483=DIRECTION('center_axis',(-1.,0.,0.));
#12484=DIRECTION('ref_axis',(0.,-1.,0.));
#12485=DIRECTION('center_axis',(1.,0.,0.));
#12486=DIRECTION('ref_axis',(0.,-1.,0.));
#12487=DIRECTION('center_axis',(1.,0.,0.));
#12488=DIRECTION('ref_axis',(0.,-1.,0.));
#12489=DIRECTION('',(0.,1.,-3.23108914886517E-15));
#12490=DIRECTION('center_axis',(-1.,0.,0.));
#12491=DIRECTION('ref_axis',(0.,-1.,0.));
#12492=DIRECTION('',(0.,1.,0.));
#12493=DIRECTION('center_axis',(1.,0.,0.));
#12494=DIRECTION('ref_axis',(0.,-1.,0.));
#12495=DIRECTION('center_axis',(-1.,0.,0.));
#12496=DIRECTION('ref_axis',(0.,-1.,0.));
#12497=DIRECTION('center_axis',(1.,0.,0.));
#12498=DIRECTION('ref_axis',(0.,-1.,0.));
#12499=DIRECTION('center_axis',(-1.,0.,0.));
#12500=DIRECTION('ref_axis',(0.,-1.,0.));
#12501=DIRECTION('',(-1.,0.,0.));
#12502=DIRECTION('center_axis',(1.,0.,0.));
#12503=DIRECTION('ref_axis',(0.,-1.,0.));
#12504=DIRECTION('',(1.,0.,0.));
#12505=DIRECTION('center_axis',(1.,0.,0.));
#12506=DIRECTION('ref_axis',(0.,-1.,0.));
#12507=DIRECTION('center_axis',(-1.,0.,0.));
#12508=DIRECTION('ref_axis',(0.,-1.,0.));
#12509=DIRECTION('center_axis',(1.,0.,0.));
#12510=DIRECTION('ref_axis',(0.,-1.,0.));
#12511=DIRECTION('center_axis',(1.,0.,0.));
#12512=DIRECTION('ref_axis',(0.,-1.,0.));
#12513=DIRECTION('center_axis',(-1.,0.,0.));
#12514=DIRECTION('ref_axis',(0.,-1.,0.));
#12515=DIRECTION('',(0.,-1.,0.));
#12516=DIRECTION('center_axis',(1.,0.,0.));
#12517=DIRECTION('ref_axis',(0.,-1.,0.));
#12518=DIRECTION('',(0.,-1.,3.23108914886517E-15));
#12519=DIRECTION('center_axis',(1.,0.,0.));
#12520=DIRECTION('ref_axis',(0.,-1.,0.));
#12521=DIRECTION('center_axis',(-1.,0.,0.));
#12522=DIRECTION('ref_axis',(0.,-1.,0.));
#12523=DIRECTION('center_axis',(1.,0.,0.));
#12524=DIRECTION('ref_axis',(0.,-1.,0.));
#12525=DIRECTION('center_axis',(1.,0.,0.));
#12526=DIRECTION('ref_axis',(0.,-1.,0.));
#12527=DIRECTION('center_axis',(1.,0.,0.));
#12528=DIRECTION('ref_axis',(0.,-1.,0.));
#12529=DIRECTION('center_axis',(1.,0.,0.));
#12530=DIRECTION('ref_axis',(0.,-1.,0.));
#12531=DIRECTION('center_axis',(1.,0.,0.));
#12532=DIRECTION('ref_axis',(0.,-1.,0.));
#12533=DIRECTION('center_axis',(1.,0.,0.));
#12534=DIRECTION('ref_axis',(0.,-1.,0.));
#12535=DIRECTION('',(1.,0.,0.));
#12536=DIRECTION('center_axis',(-1.,0.,0.));
#12537=DIRECTION('ref_axis',(0.,-1.,0.));
#12538=DIRECTION('',(-1.,0.,0.));
#12539=DIRECTION('center_axis',(1.,0.,0.));
#12540=DIRECTION('ref_axis',(0.,-1.,0.));
#12541=DIRECTION('',(-1.,0.,0.));
#12542=DIRECTION('center_axis',(-1.,0.,0.));
#12543=DIRECTION('ref_axis',(0.,-1.,0.));
#12544=DIRECTION('',(1.,0.,0.));
#12545=DIRECTION('center_axis',(1.,0.,0.));
#12546=DIRECTION('ref_axis',(0.,-1.,0.));
#12547=DIRECTION('center_axis',(1.,0.,0.));
#12548=DIRECTION('ref_axis',(0.,-1.,0.));
#12549=DIRECTION('center_axis',(1.,0.,0.));
#12550=DIRECTION('ref_axis',(0.,-1.,0.));
#12551=DIRECTION('center_axis',(1.,0.,0.));
#12552=DIRECTION('ref_axis',(0.,-1.,0.));
#12553=DIRECTION('center_axis',(1.,0.,0.));
#12554=DIRECTION('ref_axis',(0.,-1.,0.));
#12555=DIRECTION('center_axis',(-1.,0.,0.));
#12556=DIRECTION('ref_axis',(0.,-1.,0.));
#12557=DIRECTION('',(-1.,0.,0.));
#12558=DIRECTION('center_axis',(-1.,0.,0.));
#12559=DIRECTION('ref_axis',(0.,-1.,0.));
#12560=DIRECTION('',(1.,0.,0.));
#12561=DIRECTION('center_axis',(1.,0.,0.));
#12562=DIRECTION('ref_axis',(0.,-1.,0.));
#12563=DIRECTION('center_axis',(1.,0.,0.));
#12564=DIRECTION('ref_axis',(0.,-1.,0.));
#12565=DIRECTION('',(0.,1.,-3.23108914886517E-15));
#12566=DIRECTION('center_axis',(-1.,0.,0.));
#12567=DIRECTION('ref_axis',(0.,-1.,0.));
#12568=DIRECTION('',(0.,1.,0.));
#12569=DIRECTION('center_axis',(1.,0.,0.));
#12570=DIRECTION('ref_axis',(0.,-1.,0.));
#12571=DIRECTION('center_axis',(-1.,0.,0.));
#12572=DIRECTION('ref_axis',(0.,-1.,0.));
#12573=DIRECTION('center_axis',(1.,0.,0.));
#12574=DIRECTION('ref_axis',(0.,-1.,0.));
#12575=DIRECTION('center_axis',(-1.,0.,0.));
#12576=DIRECTION('ref_axis',(0.,-1.,0.));
#12577=DIRECTION('',(0.,-1.,0.));
#12578=DIRECTION('center_axis',(1.,0.,0.));
#12579=DIRECTION('ref_axis',(0.,-1.,0.));
#12580=DIRECTION('',(0.,-1.,3.23108914886517E-15));
#12581=DIRECTION('center_axis',(1.,0.,0.));
#12582=DIRECTION('ref_axis',(0.,-1.,0.));
#12583=DIRECTION('center_axis',(-1.,0.,0.));
#12584=DIRECTION('ref_axis',(0.,-1.,0.));
#12585=DIRECTION('center_axis',(1.,0.,0.));
#12586=DIRECTION('ref_axis',(0.,-1.,0.));
#12587=DIRECTION('center_axis',(1.,0.,0.));
#12588=DIRECTION('ref_axis',(0.,-1.,0.));
#12589=DIRECTION('',(1.,0.,0.));
#12590=DIRECTION('center_axis',(-1.,0.,0.));
#12591=DIRECTION('ref_axis',(0.,-1.,0.));
#12592=DIRECTION('',(-1.,0.,0.));
#12593=DIRECTION('center_axis',(1.,0.,0.));
#12594=DIRECTION('ref_axis',(0.,-1.,0.));
#12595=DIRECTION('center_axis',(-1.,0.,0.));
#12596=DIRECTION('ref_axis',(0.,-1.,0.));
#12597=DIRECTION('center_axis',(1.,0.,0.));
#12598=DIRECTION('ref_axis',(0.,-1.,0.));
#12599=DIRECTION('',(0.,-1.,3.23108914886517E-15));
#12600=DIRECTION('center_axis',(1.,0.,0.));
#12601=DIRECTION('ref_axis',(0.,-1.,0.));
#12602=DIRECTION('center_axis',(1.,0.,0.));
#12603=DIRECTION('ref_axis',(0.,-1.,0.));
#12604=DIRECTION('',(0.,1.,0.));
#12605=DIRECTION('center_axis',(1.,0.,0.));
#12606=DIRECTION('ref_axis',(0.,-1.,0.));
#12607=DIRECTION('',(0.499999999995274,0.866025403787168,-2.79820528481829E-15));
#12608=DIRECTION('',(-0.499999999995274,0.866025403787168,0.));
#12609=DIRECTION('',(0.133974596219896,-0.990984766566932,3.2019601259451E-15));
#12610=DIRECTION('',(-0.133974596219896,-0.990984766566932,0.));
#12611=DIRECTION('',(0.133974596220076,0.990984766566907,-3.20196012594502E-15));
#12612=DIRECTION('center_axis',(-1.,0.,0.));
#12613=DIRECTION('ref_axis',(0.,-1.,0.));
#12614=DIRECTION('',(-0.133974596220076,0.990984766566907,0.));
#12615=DIRECTION('center_axis',(-1.,0.,0.));
#12616=DIRECTION('ref_axis',(0.,-1.,0.));
#12617=DIRECTION('center_axis',(1.,0.,0.));
#12618=DIRECTION('ref_axis',(0.,-1.,0.));
#12619=DIRECTION('',(1.,0.,0.));
#12620=DIRECTION('center_axis',(-1.,0.,0.));
#12621=DIRECTION('ref_axis',(0.,-1.,0.));
#12622=DIRECTION('',(-1.,0.,0.));
#12623=DIRECTION('center_axis',(1.,0.,0.));
#12624=DIRECTION('ref_axis',(0.,-1.,0.));
#12625=DIRECTION('center_axis',(-1.,0.,0.));
#12626=DIRECTION('ref_axis',(0.,-1.,0.));
#12627=DIRECTION('',(-0.499999999994915,-0.866025403787375,0.));
#12628=DIRECTION('',(0.499999999994915,-0.866025403787375,2.79820528481896E-15));
#12629=DIRECTION('center_axis',(0.,0.,1.));
#12630=DIRECTION('ref_axis',(0.,1.,0.));
#12631=DIRECTION('center_axis',(0.,0.,1.));
#12632=DIRECTION('ref_axis',(1.,0.,0.));
#12633=DIRECTION('',(-1.40998324127395E-16,1.,0.));
#12634=DIRECTION('center_axis',(0.,0.,1.));
#12635=DIRECTION('ref_axis',(1.,0.,0.));
#12636=DIRECTION('',(-1.,0.,0.));
#12637=DIRECTION('center_axis',(0.,0.,1.));
#12638=DIRECTION('ref_axis',(1.,0.,0.));
#12639=DIRECTION('',(0.,-1.,0.));
#12640=DIRECTION('center_axis',(0.,0.,1.));
#12641=DIRECTION('ref_axis',(1.,0.,0.));
#12642=DIRECTION('',(1.,0.,0.));
#12643=DIRECTION('center_axis',(0.,0.,-1.));
#12644=DIRECTION('ref_axis',(1.,0.,0.));
#12645=DIRECTION('center_axis',(0.,0.,-1.));
#12646=DIRECTION('ref_axis',(1.,0.,0.));
#12647=DIRECTION('center_axis',(0.,0.,-1.));
#12648=DIRECTION('ref_axis',(1.,0.,0.));
#12649=DIRECTION('center_axis',(0.,0.,-1.));
#12650=DIRECTION('ref_axis',(1.,0.,0.));
#12651=DIRECTION('center_axis',(0.,0.,-1.));
#12652=DIRECTION('ref_axis',(1.,0.,0.));
#12653=DIRECTION('center_axis',(0.,0.,-1.));
#12654=DIRECTION('ref_axis',(1.,0.,0.));
#12655=DIRECTION('center_axis',(0.,0.,-1.));
#12656=DIRECTION('ref_axis',(1.,0.,0.));
#12657=DIRECTION('center_axis',(0.,0.,-1.));
#12658=DIRECTION('ref_axis',(1.,0.,0.));
#12659=DIRECTION('center_axis',(0.,0.,-1.));
#12660=DIRECTION('ref_axis',(0.,-1.,0.));
#12661=DIRECTION('',(-1.,0.,0.));
#12662=DIRECTION('center_axis',(0.,0.,-1.));
#12663=DIRECTION('ref_axis',(1.,0.,0.));
#12664=DIRECTION('',(0.,1.,0.));
#12665=DIRECTION('center_axis',(0.,0.,-1.));
#12666=DIRECTION('ref_axis',(1.,0.,0.));
#12667=DIRECTION('',(1.,0.,0.));
#12668=DIRECTION('center_axis',(0.,0.,-1.));
#12669=DIRECTION('ref_axis',(1.,0.,0.));
#12670=DIRECTION('',(1.40998324127395E-16,-1.,0.));
#12671=DIRECTION('center_axis',(0.,0.,-1.));
#12672=DIRECTION('ref_axis',(1.,0.,0.));
#12673=DIRECTION('center_axis',(0.,0.,1.));
#12674=DIRECTION('ref_axis',(1.,0.,0.));
#12675=DIRECTION('center_axis',(0.,0.,1.));
#12676=DIRECTION('ref_axis',(1.,0.,0.));
#12677=DIRECTION('center_axis',(0.,0.,1.));
#12678=DIRECTION('ref_axis',(1.,0.,0.));
#12679=DIRECTION('center_axis',(0.,0.,1.));
#12680=DIRECTION('ref_axis',(1.,0.,0.));
#12681=DIRECTION('center_axis',(0.,0.,1.));
#12682=DIRECTION('ref_axis',(1.,0.,0.));
#12683=DIRECTION('center_axis',(0.,0.,1.));
#12684=DIRECTION('ref_axis',(1.,0.,0.));
#12685=DIRECTION('center_axis',(0.,0.,1.));
#12686=DIRECTION('ref_axis',(1.,0.,0.));
#12687=DIRECTION('center_axis',(0.,0.,1.));
#12688=DIRECTION('ref_axis',(1.,0.,0.));
#12689=DIRECTION('center_axis',(0.,0.,1.));
#12690=DIRECTION('ref_axis',(1.,0.,0.));
#12691=DIRECTION('',(0.,0.,-1.));
#12692=DIRECTION('',(0.,0.,1.));
#12693=DIRECTION('center_axis',(0.,0.,1.));
#12694=DIRECTION('ref_axis',(1.,0.,0.));
#12695=DIRECTION('',(0.,0.,1.));
#12696=DIRECTION('',(0.,0.,-1.));
#12697=DIRECTION('center_axis',(1.,1.40998324127395E-16,0.));
#12698=DIRECTION('ref_axis',(0.,0.,-1.));
#12699=DIRECTION('',(0.,0.,1.));
#12700=DIRECTION('center_axis',(1.,1.40998324127395E-16,0.));
#12701=DIRECTION('ref_axis',(0.,0.,-1.));
#12702=DIRECTION('',(0.,0.,1.));
#12703=DIRECTION('center_axis',(0.,0.,1.));
#12704=DIRECTION('ref_axis',(1.,0.,0.));
#12705=DIRECTION('',(0.,0.,1.));
#12706=DIRECTION('center_axis',(0.,0.,1.));
#12707=DIRECTION('ref_axis',(1.,0.,0.));
#12708=DIRECTION('',(0.,0.,1.));
#12709=DIRECTION('center_axis',(0.,1.,0.));
#12710=DIRECTION('ref_axis',(0.,0.,-1.));
#12711=DIRECTION('',(0.,0.,1.));
#12712=DIRECTION('center_axis',(0.,1.,0.));
#12713=DIRECTION('ref_axis',(0.,0.,-1.));
#12714=DIRECTION('',(0.,0.,1.));
#12715=DIRECTION('center_axis',(0.,0.,1.));
#12716=DIRECTION('ref_axis',(1.,0.,0.));
#12717=DIRECTION('',(0.,0.,1.));
#12718=DIRECTION('center_axis',(0.,0.,1.));
#12719=DIRECTION('ref_axis',(1.,0.,0.));
#12720=DIRECTION('',(0.,0.,1.));
#12721=DIRECTION('center_axis',(-1.,0.,0.));
#12722=DIRECTION('ref_axis',(0.,0.,-1.));
#12723=DIRECTION('',(0.,0.,1.));
#12724=DIRECTION('center_axis',(-1.,0.,0.));
#12725=DIRECTION('ref_axis',(0.,0.,-1.));
#12726=DIRECTION('',(0.,0.,1.));
#12727=DIRECTION('center_axis',(0.,0.,1.));
#12728=DIRECTION('ref_axis',(1.,0.,0.));
#12729=DIRECTION('',(0.,0.,1.));
#12730=DIRECTION('center_axis',(0.,0.,1.));
#12731=DIRECTION('ref_axis',(1.,0.,0.));
#12732=DIRECTION('',(0.,0.,1.));
#12733=DIRECTION('center_axis',(0.,-1.,0.));
#12734=DIRECTION('ref_axis',(0.,0.,-1.));
#12735=DIRECTION('center_axis',(0.,-1.,0.));
#12736=DIRECTION('ref_axis',(0.,0.,-1.));
#12737=DIRECTION('center_axis',(0.,0.,-1.));
#12738=DIRECTION('ref_axis',(1.,0.,0.));
#12739=DIRECTION('',(0.,0.,1.));
#12740=DIRECTION('',(0.,0.,-1.));
#12741=DIRECTION('center_axis',(0.,0.,-1.));
#12742=DIRECTION('ref_axis',(1.,0.,0.));
#12743=DIRECTION('',(0.,0.,-1.));
#12744=DIRECTION('',(0.,0.,1.));
#12745=DIRECTION('center_axis',(0.,0.,-1.));
#12746=DIRECTION('ref_axis',(1.,0.,0.));
#12747=DIRECTION('center_axis',(0.,0.,-1.));
#12748=DIRECTION('ref_axis',(1.,0.,0.));
#12749=DIRECTION('center_axis',(0.,0.,-1.));
#12750=DIRECTION('ref_axis',(1.,0.,0.));
#12751=DIRECTION('',(0.,0.,1.));
#12752=DIRECTION('',(0.,0.,-1.));
#12753=DIRECTION('center_axis',(0.,0.,-1.));
#12754=DIRECTION('ref_axis',(1.,0.,0.));
#12755=DIRECTION('',(0.,0.,-1.));
#12756=DIRECTION('',(0.,0.,1.));
#12757=DIRECTION('center_axis',(0.,0.,-1.));
#12758=DIRECTION('ref_axis',(1.,0.,0.));
#12759=DIRECTION('center_axis',(0.,0.,-1.));
#12760=DIRECTION('ref_axis',(1.,0.,0.));
#12761=DIRECTION('center_axis',(0.,0.,-1.));
#12762=DIRECTION('ref_axis',(1.,0.,0.));
#12763=DIRECTION('',(0.,0.,1.));
#12764=DIRECTION('',(0.,0.,-1.));
#12765=DIRECTION('center_axis',(0.,0.,-1.));
#12766=DIRECTION('ref_axis',(1.,0.,0.));
#12767=DIRECTION('',(0.,0.,-1.));
#12768=DIRECTION('',(0.,0.,1.));
#12769=DIRECTION('center_axis',(0.,0.,-1.));
#12770=DIRECTION('ref_axis',(1.,0.,0.));
#12771=DIRECTION('center_axis',(0.,0.,-1.));
#12772=DIRECTION('ref_axis',(1.,0.,0.));
#12773=DIRECTION('center_axis',(0.,0.,-1.));
#12774=DIRECTION('ref_axis',(1.,0.,0.));
#12775=DIRECTION('',(0.,0.,1.));
#12776=DIRECTION('',(0.,0.,-1.));
#12777=DIRECTION('center_axis',(0.,0.,-1.));
#12778=DIRECTION('ref_axis',(1.,0.,0.));
#12779=DIRECTION('',(0.,0.,-1.));
#12780=DIRECTION('',(0.,0.,1.));
#12781=DIRECTION('center_axis',(0.,0.,-1.));
#12782=DIRECTION('ref_axis',(1.,0.,0.));
#12783=DIRECTION('center_axis',(0.,0.,-1.));
#12784=DIRECTION('ref_axis',(1.,0.,0.));
#12785=DIRECTION('axis',(0.,0.,1.));
#12786=DIRECTION('refdir',(1.,0.,0.));
#12787=DIRECTION('center_axis',(0.,0.,1.));
#12788=DIRECTION('ref_axis',(-1.,0.,0.));
#12789=DIRECTION('',(-1.,0.,0.));
#12790=DIRECTION('',(0.,-1.,0.));
#12791=DIRECTION('',(1.,0.,0.));
#12792=DIRECTION('',(0.,1.,0.));
#12793=DIRECTION('center_axis',(0.,0.,-1.));
#12794=DIRECTION('ref_axis',(1.,0.,0.));
#12795=DIRECTION('',(0.,-1.,0.));
#12796=DIRECTION('',(-1.,0.,0.));
#12797=DIRECTION('',(0.,1.,0.));
#12798=DIRECTION('',(1.,0.,0.));
#12799=DIRECTION('center_axis',(0.,1.,0.));
#12800=DIRECTION('ref_axis',(0.,0.,-1.));
#12801=DIRECTION('',(0.,0.,-1.));
#12802=DIRECTION('',(0.,0.,1.));
#12803=DIRECTION('center_axis',(-1.,0.,0.));
#12804=DIRECTION('ref_axis',(0.,0.,-1.));
#12805=DIRECTION('',(0.,0.,1.));
#12806=DIRECTION('center_axis',(0.,-1.,0.));
#12807=DIRECTION('ref_axis',(0.,0.,-1.));
#12808=DIRECTION('',(0.,0.,1.));
#12809=DIRECTION('center_axis',(1.,0.,0.));
#12810=DIRECTION('ref_axis',(0.,0.,-1.));
#12811=DIRECTION('center_axis',(0.,0.,1.));
#12812=DIRECTION('ref_axis',(-1.,2.63614969548018E-15,0.));
#12813=DIRECTION('',(-1.,2.63614969548018E-15,0.));
#12814=DIRECTION('center_axis',(0.,0.,1.));
#12815=DIRECTION('ref_axis',(1.,0.,0.));
#12816=DIRECTION('',(-1.41392278632838E-15,-1.,0.));
#12817=DIRECTION('center_axis',(0.,0.,1.));
#12818=DIRECTION('ref_axis',(1.,0.,0.));
#12819=DIRECTION('',(1.,-3.23497574715353E-15,0.));
#12820=DIRECTION('center_axis',(0.,0.,1.));
#12821=DIRECTION('ref_axis',(1.,0.,0.));
#12822=DIRECTION('',(1.88066068347551E-15,1.,0.));
#12823=DIRECTION('center_axis',(0.,0.,1.));
#12824=DIRECTION('ref_axis',(1.,0.,0.));
#12825=DIRECTION('center_axis',(0.,0.,-1.));
#12826=DIRECTION('ref_axis',(1.,-2.63614969548018E-15,0.));
#12827=DIRECTION('center_axis',(0.,0.,-1.));
#12828=DIRECTION('ref_axis',(1.,0.,0.));
#12829=DIRECTION('',(-1.88066068347551E-15,-1.,0.));
#12830=DIRECTION('center_axis',(0.,0.,-1.));
#12831=DIRECTION('ref_axis',(1.,0.,0.));
#12832=DIRECTION('',(-1.,3.23497574715353E-15,0.));
#12833=DIRECTION('center_axis',(0.,0.,-1.));
#12834=DIRECTION('ref_axis',(1.,0.,0.));
#12835=DIRECTION('',(1.41392278632838E-15,1.,0.));
#12836=DIRECTION('center_axis',(0.,0.,-1.));
#12837=DIRECTION('ref_axis',(1.,0.,0.));
#12838=DIRECTION('',(1.,-2.63614969548018E-15,0.));
#12839=DIRECTION('center_axis',(2.63614969548018E-15,1.,0.));
#12840=DIRECTION('ref_axis',(0.,0.,-1.));
#12841=DIRECTION('',(0.,0.,-1.));
#12842=DIRECTION('',(0.,0.,1.));
#12843=DIRECTION('center_axis',(-1.,1.41392278632838E-15,0.));
#12844=DIRECTION('ref_axis',(0.,0.,-1.));
#12845=DIRECTION('',(0.,0.,-1.));
#12846=DIRECTION('',(0.,0.,1.));
#12847=DIRECTION('center_axis',(-3.23497574715353E-15,-1.,0.));
#12848=DIRECTION('ref_axis',(0.,0.,-1.));
#12849=DIRECTION('',(0.,0.,-1.));
#12850=DIRECTION('',(0.,0.,1.));
#12851=DIRECTION('center_axis',(1.,-2.06872675182306E-15,0.));
#12852=DIRECTION('ref_axis',(0.,0.,-1.));
#12853=DIRECTION('',(0.,0.,-1.));
#12854=DIRECTION('',(0.,0.,1.));
#12855=DIRECTION('center_axis',(0.,0.,1.));
#12856=DIRECTION('ref_axis',(1.,0.,0.));
#12857=DIRECTION('center_axis',(0.,0.,1.));
#12858=DIRECTION('ref_axis',(1.,0.,0.));
#12859=DIRECTION('center_axis',(0.,0.,1.));
#12860=DIRECTION('ref_axis',(1.,0.,0.));
#12861=DIRECTION('center_axis',(0.,0.,1.));
#12862=DIRECTION('ref_axis',(1.,0.,0.));
#12863=DIRECTION('center_axis',(0.,-1.,0.));
#12864=DIRECTION('ref_axis',(-0.316227766016838,0.,-0.948683298050514));
#12865=DIRECTION('',(-0.316227766016838,0.,-0.948683298050514));
#12866=DIRECTION('',(0.,0.,-1.));
#12867=DIRECTION('',(1.,0.,0.));
#12868=DIRECTION('',(0.,0.,1.));
#12869=DIRECTION('',(1.,0.,0.));
#12870=DIRECTION('',(0.,0.,-1.));
#12871=DIRECTION('',(1.,0.,0.));
#12872=DIRECTION('',(-0.274721127897377,0.,0.961523947640823));
#12873=DIRECTION('',(0.,0.,1.));
#12874=DIRECTION('',(-1.,0.,0.));
#12875=DIRECTION('',(1.,0.,0.));
#12876=DIRECTION('',(-1.55234496199322E-16,0.,-1.));
#12877=DIRECTION('',(-1.,0.,0.));
#12878=DIRECTION('',(0.190021906565861,0.,0.981779850590281));
#12879=DIRECTION('center_axis',(-0.948683298050514,0.,0.316227766016838));
#12880=DIRECTION('ref_axis',(0.,1.,0.));
#12881=DIRECTION('',(0.,1.,0.));
#12882=DIRECTION('',(0.316227766016838,0.,0.948683298050514));
#12883=DIRECTION('',(0.,-1.,0.));
#12884=DIRECTION('center_axis',(-1.,0.,0.));
#12885=DIRECTION('ref_axis',(0.,1.,0.));
#12886=DIRECTION('',(0.,0.,1.));
#12887=DIRECTION('',(0.,-1.,0.));
#12888=DIRECTION('center_axis',(0.,0.,-1.));
#12889=DIRECTION('ref_axis',(0.,1.,0.));
#12890=DIRECTION('',(-1.,0.,0.));
#12891=DIRECTION('',(0.,-1.,0.));
#12892=DIRECTION('center_axis',(1.,0.,0.));
#12893=DIRECTION('ref_axis',(0.,1.,0.));
#12894=DIRECTION('',(0.,0.,-1.));
#12895=DIRECTION('',(0.,-1.,0.));
#12896=DIRECTION('center_axis',(0.,0.,-1.));
#12897=DIRECTION('ref_axis',(0.,1.,0.));
#12898=DIRECTION('',(-1.,0.,0.));
#12899=DIRECTION('',(0.,-1.,0.));
#12900=DIRECTION('center_axis',(-1.,0.,0.));
#12901=DIRECTION('ref_axis',(0.,1.,0.));
#12902=DIRECTION('',(0.,0.,1.));
#12903=DIRECTION('',(0.,-1.,0.));
#12904=DIRECTION('center_axis',(0.,0.,-1.));
#12905=DIRECTION('ref_axis',(0.,1.,0.));
#12906=DIRECTION('',(-1.,0.,0.));
#12907=DIRECTION('',(0.,-1.,0.));
#12908=DIRECTION('center_axis',(0.961523947640823,0.,0.274721127897377));
#12909=DIRECTION('ref_axis',(0.,1.,0.));
#12910=DIRECTION('',(0.274721127897377,0.,-0.961523947640823));
#12911=DIRECTION('',(0.,-1.,0.));
#12912=DIRECTION('center_axis',(1.,0.,0.));
#12913=DIRECTION('ref_axis',(0.,1.,0.));
#12914=DIRECTION('',(0.,0.,-1.));
#12915=DIRECTION('',(0.,-1.,0.));
#12916=DIRECTION('center_axis',(0.,0.,1.));
#12917=DIRECTION('ref_axis',(0.,1.,0.));
#12918=DIRECTION('',(1.,0.,0.));
#12919=DIRECTION('center_axis',(0.,0.,-1.));
#12920=DIRECTION('ref_axis',(0.,1.,0.));
#12921=DIRECTION('',(0.,1.,0.));
#12922=DIRECTION('',(-1.,0.,0.));
#12923=DIRECTION('',(0.,-1.,0.));
#12924=DIRECTION('center_axis',(-1.,0.,0.));
#12925=DIRECTION('ref_axis',(0.,1.,0.));
#12926=DIRECTION('',(1.55234496199322E-16,0.,1.));
#12927=DIRECTION('',(0.,-1.,0.));
#12928=DIRECTION('center_axis',(0.,0.,1.));
#12929=DIRECTION('ref_axis',(0.,1.,0.));
#12930=DIRECTION('',(1.,0.,0.));
#12931=DIRECTION('',(0.,-1.,0.));
#12932=DIRECTION('center_axis',(0.981779850590281,0.,-0.190021906565861));
#12933=DIRECTION('ref_axis',(0.,1.,0.));
#12934=DIRECTION('',(-0.190021906565861,0.,-0.981779850590281));
#12935=DIRECTION('center_axis',(0.,1.,0.));
#12936=DIRECTION('ref_axis',(0.316227766016838,0.,0.948683298050514));
#12937=DIRECTION('center_axis',(0.,-1.,0.));
#12938=DIRECTION('ref_axis',(0.304048075668184,0.,-0.952656689307577));
#12939=DIRECTION('',(0.304048075668184,0.,-0.952656689307577));
#12940=DIRECTION('',(0.923623353092631,0.,-0.383301319619337));
#12941=DIRECTION('',(0.966730578594293,0.,0.255796771697267));
#12942=DIRECTION('',(0.68410584033522,0.,0.729382752208497));
#12943=DIRECTION('',(0.179265554216386,0.,0.983800722235703));
#12944=DIRECTION('',(-0.317750530073832,0.,0.948174351392084));
#12945=DIRECTION('',(-0.922271129956285,0.,0.386543610539817));
#12946=DIRECTION('',(-0.938112070472181,0.,-0.346331839764116));
#12947=DIRECTION('',(-0.337639689588207,0.,-0.941275432599183));
#12948=DIRECTION('',(0.2865159459832,0.,0.958075473382631));
#12949=DIRECTION('',(0.915167800497255,0.,0.403073066494174));
#12950=DIRECTION('',(0.913716133502001,0.,-0.406353082156582));
#12951=DIRECTION('',(0.293955931889487,0.,-0.955818973502296));
#12952=DIRECTION('',(-0.281458987905128,0.,-0.959573258343218));
#12953=DIRECTION('',(-0.913240050044548,0.,-0.407421907848157));
#12954=DIRECTION('',(-0.914600828393954,0.,0.404357916580217));
#12955=DIRECTION('',(-0.286184457317041,0.,0.958174543801989));
#12956=DIRECTION('center_axis',(-0.952656689307577,0.,-0.304048075668184));
#12957=DIRECTION('ref_axis',(0.,1.,0.));
#12958=DIRECTION('',(0.,1.,0.));
#12959=DIRECTION('',(-0.304048075668184,0.,0.952656689307577));
#12960=DIRECTION('',(0.,-1.,0.));
#12961=DIRECTION('center_axis',(-0.383301319619337,0.,-0.923623353092631));
#12962=DIRECTION('ref_axis',(0.,1.,0.));
#12963=DIRECTION('',(-0.923623353092631,0.,0.383301319619337));
#12964=DIRECTION('',(0.,-1.,0.));
#12965=DIRECTION('center_axis',(0.255796771697267,0.,-0.966730578594293));
#12966=DIRECTION('ref_axis',(0.,1.,0.));
#12967=DIRECTION('',(-0.966730578594293,0.,-0.255796771697267));
#12968=DIRECTION('',(0.,-1.,0.));
#12969=DIRECTION('center_axis',(0.729382752208497,0.,-0.68410584033522));
#12970=DIRECTION('ref_axis',(0.,1.,0.));
#12971=DIRECTION('',(-0.68410584033522,0.,-0.729382752208497));
#12972=DIRECTION('',(0.,-1.,0.));
#12973=DIRECTION('center_axis',(0.983800722235704,0.,-0.179265554216386));
#12974=DIRECTION('ref_axis',(0.,1.,0.));
#12975=DIRECTION('',(-0.179265554216386,0.,-0.983800722235703));
#12976=DIRECTION('',(0.,-1.,0.));
#12977=DIRECTION('center_axis',(0.948174351392084,0.,0.317750530073832));
#12978=DIRECTION('ref_axis',(0.,1.,0.));
#12979=DIRECTION('',(0.317750530073832,0.,-0.948174351392084));
#12980=DIRECTION('',(0.,-1.,0.));
#12981=DIRECTION('center_axis',(0.386543610539817,0.,0.922271129956285));
#12982=DIRECTION('ref_axis',(0.,1.,0.));
#12983=DIRECTION('',(0.922271129956285,0.,-0.386543610539817));
#12984=DIRECTION('',(0.,-1.,0.));
#12985=DIRECTION('center_axis',(-0.346331839764116,0.,0.938112070472181));
#12986=DIRECTION('ref_axis',(0.,1.,0.));
#12987=DIRECTION('',(0.938112070472181,0.,0.346331839764116));
#12988=DIRECTION('',(0.,-1.,0.));
#12989=DIRECTION('center_axis',(-0.941275432599183,0.,0.337639689588208));
#12990=DIRECTION('ref_axis',(0.,1.,0.));
#12991=DIRECTION('',(0.337639689588207,0.,0.941275432599183));
#12992=DIRECTION('center_axis',(0.958075473382631,0.,-0.2865159459832));
#12993=DIRECTION('ref_axis',(0.,1.,0.));
#12994=DIRECTION('',(0.,1.,0.));
#12995=DIRECTION('',(-0.2865159459832,0.,-0.958075473382631));
#12996=DIRECTION('',(0.,-1.,0.));
#12997=DIRECTION('center_axis',(0.403073066494174,0.,-0.915167800497255));
#12998=DIRECTION('ref_axis',(0.,1.,0.));
#12999=DIRECTION('',(-0.915167800497255,0.,-0.403073066494174));
#13000=DIRECTION('',(0.,-1.,0.));
#13001=DIRECTION('center_axis',(-0.406353082156582,0.,-0.913716133502001));
#13002=DIRECTION('ref_axis',(0.,1.,0.));
#13003=DIRECTION('',(-0.913716133502001,0.,0.406353082156582));
#13004=DIRECTION('',(0.,-1.,0.));
#13005=DIRECTION('center_axis',(-0.955818973502296,0.,-0.293955931889487));
#13006=DIRECTION('ref_axis',(0.,1.,0.));
#13007=DIRECTION('',(-0.293955931889487,0.,0.955818973502296));
#13008=DIRECTION('',(0.,-1.,0.));
#13009=DIRECTION('center_axis',(-0.959573258343219,0.,0.281458987905128));
#13010=DIRECTION('ref_axis',(0.,1.,0.));
#13011=DIRECTION('',(0.281458987905128,0.,0.959573258343218));
#13012=DIRECTION('',(0.,-1.,0.));
#13013=DIRECTION('center_axis',(-0.407421907848157,0.,0.913240050044547));
#13014=DIRECTION('ref_axis',(0.,1.,0.));
#13015=DIRECTION('',(0.913240050044548,0.,0.407421907848157));
#13016=DIRECTION('',(0.,-1.,0.));
#13017=DIRECTION('center_axis',(0.404357916580217,0.,0.914600828393954));
#13018=DIRECTION('ref_axis',(0.,1.,0.));
#13019=DIRECTION('',(0.914600828393954,0.,-0.404357916580217));
#13020=DIRECTION('',(0.,-1.,0.));
#13021=DIRECTION('center_axis',(0.958174543801989,0.,0.286184457317041));
#13022=DIRECTION('ref_axis',(0.,1.,0.));
#13023=DIRECTION('',(0.286184457317041,0.,-0.958174543801989));
#13024=DIRECTION('center_axis',(0.,1.,0.));
#13025=DIRECTION('ref_axis',(-0.304048075668184,0.,0.952656689307577));
#13026=DIRECTION('center_axis',(0.,-1.,0.));
#13027=DIRECTION('ref_axis',(0.,0.,-1.));
#13028=DIRECTION('',(0.,0.,-1.));
#13029=DIRECTION('',(1.,0.,0.));
#13030=DIRECTION('',(0.962873524727234,0.,0.269952913263317));
#13031=DIRECTION('',(0.403199725441221,0.,0.915112004841005));
#13032=DIRECTION('',(-0.0930928786800852,0.,0.995657429008118));
#13033=DIRECTION('',(-0.582577434207414,0.,0.812775204562926));
#13034=DIRECTION('',(-0.993922866933513,0.,0.110078765375827));
#13035=DIRECTION('',(-1.,0.,0.));
#13036=DIRECTION('',(0.,0.,1.));
#13037=DIRECTION('',(1.,0.,0.));
#13038=DIRECTION('',(-0.0249921911602035,0.,-0.999687646408123));
#13039=DIRECTION('',(-1.,0.,0.));
#13040=DIRECTION('',(0.,0.,1.));
#13041=DIRECTION('',(0.848360086064884,0.,-0.529419648645554));
#13042=DIRECTION('',(-0.986489490440324,0.,-0.163824556311898));
#13043=DIRECTION('',(-1.,0.,0.));
#13044=DIRECTION('center_axis',(-1.,0.,0.));
#13045=DIRECTION('ref_axis',(0.,1.,0.));
#13046=DIRECTION('',(0.,1.,0.));
#13047=DIRECTION('',(0.,0.,1.));
#13048=DIRECTION('',(0.,-1.,0.));
#13049=DIRECTION('center_axis',(0.,0.,-1.));
#13050=DIRECTION('ref_axis',(0.,1.,0.));
#13051=DIRECTION('',(-1.,0.,0.));
#13052=DIRECTION('',(0.,-1.,0.));
#13053=DIRECTION('center_axis',(0.269952913263317,0.,-0.962873524727234));
#13054=DIRECTION('ref_axis',(0.,1.,0.));
#13055=DIRECTION('',(-0.962873524727234,0.,-0.269952913263317));
#13056=DIRECTION('',(0.,-1.,0.));
#13057=DIRECTION('center_axis',(0.915112004841005,0.,-0.403199725441221));
#13058=DIRECTION('ref_axis',(0.,1.,0.));
#13059=DIRECTION('',(-0.403199725441221,0.,-0.915112004841005));
#13060=DIRECTION('',(0.,-1.,0.));
#13061=DIRECTION('center_axis',(0.995657429008118,0.,0.0930928786800852));
#13062=DIRECTION('ref_axis',(0.,1.,0.));
#13063=DIRECTION('',(0.0930928786800852,0.,-0.995657429008118));
#13064=DIRECTION('',(0.,-1.,0.));
#13065=DIRECTION('center_axis',(0.812775204562926,0.,0.582577434207414));
#13066=DIRECTION('ref_axis',(0.,1.,0.));
#13067=DIRECTION('',(0.582577434207414,0.,-0.812775204562926));
#13068=DIRECTION('',(0.,-1.,0.));
#13069=DIRECTION('center_axis',(0.110078765375827,0.,0.993922866933513));
#13070=DIRECTION('ref_axis',(0.,1.,0.));
#13071=DIRECTION('',(0.993922866933513,0.,-0.110078765375827));
#13072=DIRECTION('',(0.,-1.,0.));
#13073=DIRECTION('center_axis',(0.,0.,1.));
#13074=DIRECTION('ref_axis',(0.,1.,0.));
#13075=DIRECTION('',(1.,0.,0.));
#13076=DIRECTION('center_axis',(1.,0.,0.));
#13077=DIRECTION('ref_axis',(0.,1.,0.));
#13078=DIRECTION('',(0.,1.,0.));
#13079=DIRECTION('',(0.,0.,-1.));
#13080=DIRECTION('',(0.,-1.,0.));
#13081=DIRECTION('center_axis',(0.,0.,-1.));
#13082=DIRECTION('ref_axis',(0.,1.,0.));
#13083=DIRECTION('',(-1.,0.,0.));
#13084=DIRECTION('',(0.,-1.,0.));
#13085=DIRECTION('center_axis',(-0.999687646408123,0.,0.0249921911602035));
#13086=DIRECTION('ref_axis',(0.,1.,0.));
#13087=DIRECTION('',(0.0249921911602035,0.,0.999687646408123));
#13088=DIRECTION('',(0.,-1.,0.));
#13089=DIRECTION('center_axis',(0.,0.,1.));
#13090=DIRECTION('ref_axis',(0.,1.,0.));
#13091=DIRECTION('',(1.,0.,0.));
#13092=DIRECTION('center_axis',(1.,0.,0.));
#13093=DIRECTION('ref_axis',(0.,1.,0.));
#13094=DIRECTION('',(0.,1.,0.));
#13095=DIRECTION('',(0.,0.,-1.));
#13096=DIRECTION('',(0.,-1.,0.));
#13097=DIRECTION('center_axis',(-0.529419648645554,0.,-0.848360086064884));
#13098=DIRECTION('ref_axis',(0.,1.,0.));
#13099=DIRECTION('',(-0.848360086064884,0.,0.529419648645554));
#13100=DIRECTION('',(0.,-1.,0.));
#13101=DIRECTION('center_axis',(-0.163824556311898,0.,0.986489490440324));
#13102=DIRECTION('ref_axis',(0.,1.,0.));
#13103=DIRECTION('',(0.986489490440324,0.,0.163824556311898));
#13104=DIRECTION('',(0.,-1.,0.));
#13105=DIRECTION('center_axis',(0.,0.,1.));
#13106=DIRECTION('ref_axis',(0.,1.,0.));
#13107=DIRECTION('',(1.,0.,0.));
#13108=DIRECTION('center_axis',(0.,1.,0.));
#13109=DIRECTION('ref_axis',(0.,0.,1.));
#13110=DIRECTION('center_axis',(0.,-1.,0.));
#13111=DIRECTION('ref_axis',(0.,0.,-1.));
#13112=DIRECTION('',(0.,0.,-1.));
#13113=DIRECTION('',(1.,0.,0.));
#13114=DIRECTION('',(0.480737230095617,0.,0.876864707694405));
#13115=DIRECTION('',(0.,0.,-1.));
#13116=DIRECTION('',(1.,0.,0.));
#13117=DIRECTION('',(0.,0.,1.));
#13118=DIRECTION('',(-1.,0.,0.));
#13119=DIRECTION('',(-0.480832611206853,0.,-0.876812408671319));
#13120=DIRECTION('',(0.,0.,1.));
#13121=DIRECTION('',(-1.,0.,0.));
#13122=DIRECTION('center_axis',(-1.,0.,0.));
#13123=DIRECTION('ref_axis',(0.,1.,0.));
#13124=DIRECTION('',(0.,1.,0.));
#13125=DIRECTION('',(0.,0.,1.));
#13126=DIRECTION('',(0.,-1.,0.));
#13127=DIRECTION('center_axis',(0.,0.,-1.));
#13128=DIRECTION('ref_axis',(0.,1.,0.));
#13129=DIRECTION('',(-1.,0.,0.));
#13130=DIRECTION('',(0.,-1.,0.));
#13131=DIRECTION('center_axis',(0.876864707694405,0.,-0.480737230095617));
#13132=DIRECTION('ref_axis',(0.,1.,0.));
#13133=DIRECTION('',(-0.480737230095617,0.,-0.876864707694405));
#13134=DIRECTION('',(0.,-1.,0.));
#13135=DIRECTION('center_axis',(-1.,0.,0.));
#13136=DIRECTION('ref_axis',(0.,1.,0.));
#13137=DIRECTION('',(0.,0.,1.));
#13138=DIRECTION('',(0.,-1.,0.));
#13139=DIRECTION('center_axis',(0.,0.,-1.));
#13140=DIRECTION('ref_axis',(0.,1.,0.));
#13141=DIRECTION('',(-1.,0.,0.));
#13142=DIRECTION('',(0.,-1.,0.));
#13143=DIRECTION('center_axis',(1.,0.,0.));
#13144=DIRECTION('ref_axis',(0.,1.,0.));
#13145=DIRECTION('',(0.,0.,-1.));
#13146=DIRECTION('',(0.,-1.,0.));
#13147=DIRECTION('center_axis',(0.,0.,1.));
#13148=DIRECTION('ref_axis',(0.,1.,0.));
#13149=DIRECTION('',(1.,0.,0.));
#13150=DIRECTION('',(0.,-1.,0.));
#13151=DIRECTION('center_axis',(-0.876812408671319,0.,0.480832611206853));
#13152=DIRECTION('ref_axis',(0.,1.,0.));
#13153=DIRECTION('',(0.480832611206853,0.,0.876812408671319));
#13154=DIRECTION('',(0.,-1.,0.));
#13155=DIRECTION('center_axis',(1.,0.,0.));
#13156=DIRECTION('ref_axis',(0.,1.,0.));
#13157=DIRECTION('',(0.,0.,-1.));
#13158=DIRECTION('',(0.,-1.,0.));
#13159=DIRECTION('center_axis',(0.,0.,1.));
#13160=DIRECTION('ref_axis',(0.,1.,0.));
#13161=DIRECTION('',(1.,0.,0.));
#13162=DIRECTION('center_axis',(0.,1.,0.));
#13163=DIRECTION('ref_axis',(0.,0.,1.));
#13164=DIRECTION('center_axis',(0.,-1.,0.));
#13165=DIRECTION('ref_axis',(1.,0.,0.));
#13166=DIRECTION('',(1.,0.,0.));
#13167=DIRECTION('',(0.,0.,1.));
#13168=DIRECTION('',(0.698444876144356,0.,-0.715663856141761));
#13169=DIRECTION('',(0.959090801135342,0.,-0.283098631536021));
#13170=DIRECTION('',(0.95690624646028,0.,0.290397030779067));
#13171=DIRECTION('',(0.638709740207846,0.,0.769447768054224));
#13172=DIRECTION('',(0.191107198571354,0.,0.981569171609525));
#13173=DIRECTION('',(-0.178336682125547,0.,0.983969525853546));
#13174=DIRECTION('',(-0.60501090638777,0.,0.796217183406543));
#13175=DIRECTION('',(-0.956477330127913,0.,0.29180664308987));
#13176=DIRECTION('',(-0.958868912735767,0.,-0.2838492701927));
#13177=DIRECTION('',(-0.640451289870482,0.,-0.767998792514178));
#13178=DIRECTION('',(0.,0.,1.));
#13179=DIRECTION('',(-1.,0.,0.));
#13180=DIRECTION('',(0.,0.,-1.));
#13181=DIRECTION('',(0.282360233902267,0.,0.959308447951261));
#13182=DIRECTION('',(0.891289658173169,0.,0.453434389116612));
#13183=DIRECTION('',(0.898768445643903,0.,-0.438423632021407));
#13184=DIRECTION('',(0.274233833928173,0.,-0.961663040949924));
#13185=DIRECTION('',(-0.271813318526522,0.,-0.962349998634384));
#13186=DIRECTION('',(-0.902982203576362,0.,-0.42967794919495));
#13187=DIRECTION('',(-0.905428588038673,0.,0.424498612438598));
#13188=DIRECTION('',(-0.273173344439392,0.,0.961964824662418));
#13189=DIRECTION('center_axis',(0.,0.,-1.));
#13190=DIRECTION('ref_axis',(0.,1.,0.));
#13191=DIRECTION('',(0.,1.,0.));
#13192=DIRECTION('',(-1.,0.,0.));
#13193=DIRECTION('',(0.,-1.,0.));
#13194=DIRECTION('center_axis',(1.,0.,0.));
#13195=DIRECTION('ref_axis',(0.,1.,0.));
#13196=DIRECTION('',(0.,0.,-1.));
#13197=DIRECTION('',(0.,-1.,0.));
#13198=DIRECTION('center_axis',(-0.715663856141761,0.,-0.698444876144356));
#13199=DIRECTION('ref_axis',(0.,1.,0.));
#13200=DIRECTION('',(-0.698444876144356,0.,0.715663856141761));
#13201=DIRECTION('',(0.,-1.,0.));
#13202=DIRECTION('center_axis',(-0.283098631536021,0.,-0.959090801135342));
#13203=DIRECTION('ref_axis',(0.,1.,0.));
#13204=DIRECTION('',(-0.959090801135342,0.,0.283098631536021));
#13205=DIRECTION('',(0.,-1.,0.));
#13206=DIRECTION('center_axis',(0.290397030779067,0.,-0.95690624646028));
#13207=DIRECTION('ref_axis',(0.,1.,0.));
#13208=DIRECTION('',(-0.95690624646028,0.,-0.290397030779067));
#13209=DIRECTION('',(0.,-1.,0.));
#13210=DIRECTION('center_axis',(0.769447768054224,0.,-0.638709740207846));
#13211=DIRECTION('ref_axis',(0.,1.,0.));
#13212=DIRECTION('',(-0.638709740207846,0.,-0.769447768054224));
#13213=DIRECTION('',(0.,-1.,0.));
#13214=DIRECTION('center_axis',(0.981569171609525,0.,-0.191107198571354));
#13215=DIRECTION('ref_axis',(0.,1.,0.));
#13216=DIRECTION('',(-0.191107198571354,0.,-0.981569171609525));
#13217=DIRECTION('',(0.,-1.,0.));
#13218=DIRECTION('center_axis',(0.983969525853546,0.,0.178336682125547));
#13219=DIRECTION('ref_axis',(0.,1.,0.));
#13220=DIRECTION('',(0.178336682125547,0.,-0.983969525853546));
#13221=DIRECTION('',(0.,-1.,0.));
#13222=DIRECTION('center_axis',(0.796217183406543,0.,0.605010906387771));
#13223=DIRECTION('ref_axis',(0.,1.,0.));
#13224=DIRECTION('',(0.60501090638777,0.,-0.796217183406543));
#13225=DIRECTION('',(0.,-1.,0.));
#13226=DIRECTION('center_axis',(0.29180664308987,0.,0.956477330127913));
#13227=DIRECTION('ref_axis',(0.,1.,0.));
#13228=DIRECTION('',(0.956477330127913,0.,-0.29180664308987));
#13229=DIRECTION('',(0.,-1.,0.));
#13230=DIRECTION('center_axis',(-0.2838492701927,0.,0.958868912735767));
#13231=DIRECTION('ref_axis',(0.,1.,0.));
#13232=DIRECTION('',(0.958868912735767,0.,0.2838492701927));
#13233=DIRECTION('',(0.,-1.,0.));
#13234=DIRECTION('center_axis',(-0.767998792514178,0.,0.640451289870483));
#13235=DIRECTION('ref_axis',(0.,1.,0.));
#13236=DIRECTION('',(0.640451289870482,0.,0.767998792514178));
#13237=DIRECTION('',(0.,-1.,0.));
#13238=DIRECTION('center_axis',(1.,0.,0.));
#13239=DIRECTION('ref_axis',(0.,1.,0.));
#13240=DIRECTION('',(0.,0.,-1.));
#13241=DIRECTION('',(0.,-1.,0.));
#13242=DIRECTION('center_axis',(0.,0.,1.));
#13243=DIRECTION('ref_axis',(0.,1.,0.));
#13244=DIRECTION('',(1.,0.,0.));
#13245=DIRECTION('',(0.,-1.,0.));
#13246=DIRECTION('center_axis',(-1.,0.,0.));
#13247=DIRECTION('ref_axis',(0.,1.,0.));
#13248=DIRECTION('',(0.,0.,1.));
#13249=DIRECTION('center_axis',(0.959308447951261,0.,-0.282360233902267));
#13250=DIRECTION('ref_axis',(0.,1.,0.));
#13251=DIRECTION('',(0.,1.,0.));
#13252=DIRECTION('',(-0.282360233902267,0.,-0.959308447951261));
#13253=DIRECTION('',(0.,-1.,0.));
#13254=DIRECTION('center_axis',(0.453434389116612,0.,-0.891289658173169));
#13255=DIRECTION('ref_axis',(0.,1.,0.));
#13256=DIRECTION('',(-0.891289658173169,0.,-0.453434389116612));
#13257=DIRECTION('',(0.,-1.,0.));
#13258=DIRECTION('center_axis',(-0.438423632021407,0.,-0.898768445643903));
#13259=DIRECTION('ref_axis',(0.,1.,0.));
#13260=DIRECTION('',(-0.898768445643903,0.,0.438423632021407));
#13261=DIRECTION('',(0.,-1.,0.));
#13262=DIRECTION('center_axis',(-0.961663040949924,0.,-0.274233833928173));
#13263=DIRECTION('ref_axis',(0.,1.,0.));
#13264=DIRECTION('',(-0.274233833928173,0.,0.961663040949924));
#13265=DIRECTION('',(0.,-1.,0.));
#13266=DIRECTION('center_axis',(-0.962349998634384,0.,0.271813318526522));
#13267=DIRECTION('ref_axis',(0.,1.,0.));
#13268=DIRECTION('',(0.271813318526522,0.,0.962349998634384));
#13269=DIRECTION('',(0.,-1.,0.));
#13270=DIRECTION('center_axis',(-0.42967794919495,0.,0.902982203576362));
#13271=DIRECTION('ref_axis',(0.,1.,0.));
#13272=DIRECTION('',(0.902982203576362,0.,0.42967794919495));
#13273=DIRECTION('',(0.,-1.,0.));
#13274=DIRECTION('center_axis',(0.424498612438598,0.,0.905428588038673));
#13275=DIRECTION('ref_axis',(0.,1.,0.));
#13276=DIRECTION('',(0.905428588038673,0.,-0.424498612438598));
#13277=DIRECTION('',(0.,-1.,0.));
#13278=DIRECTION('center_axis',(0.961964824662419,0.,0.273173344439392));
#13279=DIRECTION('ref_axis',(0.,1.,0.));
#13280=DIRECTION('',(0.273173344439392,0.,-0.961964824662418));
#13281=DIRECTION('center_axis',(0.,1.,0.));
#13282=DIRECTION('ref_axis',(-1.,0.,0.));
#13283=DIRECTION('center_axis',(0.,-1.,0.));
#13284=DIRECTION('ref_axis',(0.,0.,-1.));
#13285=DIRECTION('',(0.,0.,-1.));
#13286=DIRECTION('',(1.,0.,0.));
#13287=DIRECTION('',(0.,0.,1.));
#13288=DIRECTION('',(1.,0.,0.));
#13289=DIRECTION('',(0.,0.,-1.));
#13290=DIRECTION('',(1.,0.,0.));
#13291=DIRECTION('',(0.,0.,1.));
#13292=DIRECTION('',(-1.,0.,0.));
#13293=DIRECTION('center_axis',(-1.,0.,0.));
#13294=DIRECTION('ref_axis',(0.,1.,0.));
#13295=DIRECTION('',(0.,1.,0.));
#13296=DIRECTION('',(0.,0.,1.));
#13297=DIRECTION('',(0.,-1.,0.));
#13298=DIRECTION('center_axis',(0.,0.,-1.));
#13299=DIRECTION('ref_axis',(0.,1.,0.));
#13300=DIRECTION('',(-1.,0.,0.));
#13301=DIRECTION('',(0.,-1.,0.));
#13302=DIRECTION('center_axis',(1.,0.,0.));
#13303=DIRECTION('ref_axis',(0.,1.,0.));
#13304=DIRECTION('',(0.,0.,-1.));
#13305=DIRECTION('',(0.,-1.,0.));
#13306=DIRECTION('center_axis',(0.,0.,-1.));
#13307=DIRECTION('ref_axis',(0.,1.,0.));
#13308=DIRECTION('',(-1.,0.,0.));
#13309=DIRECTION('',(0.,-1.,0.));
#13310=DIRECTION('center_axis',(-1.,0.,0.));
#13311=DIRECTION('ref_axis',(0.,1.,0.));
#13312=DIRECTION('',(0.,0.,1.));
#13313=DIRECTION('',(0.,-1.,0.));
#13314=DIRECTION('center_axis',(0.,0.,-1.));
#13315=DIRECTION('ref_axis',(0.,1.,0.));
#13316=DIRECTION('',(-1.,0.,0.));
#13317=DIRECTION('',(0.,-1.,0.));
#13318=DIRECTION('center_axis',(1.,0.,0.));
#13319=DIRECTION('ref_axis',(0.,1.,0.));
#13320=DIRECTION('',(0.,0.,-1.));
#13321=DIRECTION('',(0.,-1.,0.));
#13322=DIRECTION('center_axis',(0.,0.,1.));
#13323=DIRECTION('ref_axis',(0.,1.,0.));
#13324=DIRECTION('',(1.,0.,0.));
#13325=DIRECTION('center_axis',(0.,1.,0.));
#13326=DIRECTION('ref_axis',(0.,0.,1.));
#13327=DIRECTION('center_axis',(0.,-1.,0.));
#13328=DIRECTION('ref_axis',(0.,0.,-1.));
#13329=DIRECTION('',(0.,0.,-1.));
#13330=DIRECTION('',(1.,0.,0.));
#13331=DIRECTION('',(0.480737230095618,0.,0.876864707694404));
#13332=DIRECTION('',(0.,0.,-1.));
#13333=DIRECTION('',(1.,0.,0.));
#13334=DIRECTION('',(0.,0.,1.));
#13335=DIRECTION('',(-1.,0.,0.));
#13336=DIRECTION('',(-0.480832611206853,0.,-0.876812408671318));
#13337=DIRECTION('',(0.,0.,1.));
#13338=DIRECTION('',(-1.,0.,0.));
#13339=DIRECTION('center_axis',(-1.,0.,0.));
#13340=DIRECTION('ref_axis',(0.,1.,0.));
#13341=DIRECTION('',(0.,1.,0.));
#13342=DIRECTION('',(0.,0.,1.));
#13343=DIRECTION('',(0.,-1.,0.));
#13344=DIRECTION('center_axis',(0.,0.,-1.));
#13345=DIRECTION('ref_axis',(0.,1.,0.));
#13346=DIRECTION('',(-1.,0.,0.));
#13347=DIRECTION('',(0.,-1.,0.));
#13348=DIRECTION('center_axis',(0.876864707694404,0.,-0.480737230095618));
#13349=DIRECTION('ref_axis',(0.,1.,0.));
#13350=DIRECTION('',(-0.480737230095618,0.,-0.876864707694404));
#13351=DIRECTION('',(0.,-1.,0.));
#13352=DIRECTION('center_axis',(-1.,0.,0.));
#13353=DIRECTION('ref_axis',(0.,1.,0.));
#13354=DIRECTION('',(0.,0.,1.));
#13355=DIRECTION('',(0.,-1.,0.));
#13356=DIRECTION('center_axis',(0.,0.,-1.));
#13357=DIRECTION('ref_axis',(0.,1.,0.));
#13358=DIRECTION('',(-1.,0.,0.));
#13359=DIRECTION('',(0.,-1.,0.));
#13360=DIRECTION('center_axis',(1.,0.,0.));
#13361=DIRECTION('ref_axis',(0.,1.,0.));
#13362=DIRECTION('',(0.,0.,-1.));
#13363=DIRECTION('',(0.,-1.,0.));
#13364=DIRECTION('center_axis',(0.,0.,1.));
#13365=DIRECTION('ref_axis',(0.,1.,0.));
#13366=DIRECTION('',(1.,0.,0.));
#13367=DIRECTION('',(0.,-1.,0.));
#13368=DIRECTION('center_axis',(-0.876812408671318,0.,0.480832611206853));
#13369=DIRECTION('ref_axis',(0.,1.,0.));
#13370=DIRECTION('',(0.480832611206853,0.,0.876812408671318));
#13371=DIRECTION('',(0.,-1.,0.));
#13372=DIRECTION('center_axis',(1.,0.,0.));
#13373=DIRECTION('ref_axis',(0.,1.,0.));
#13374=DIRECTION('',(0.,0.,-1.));
#13375=DIRECTION('',(0.,-1.,0.));
#13376=DIRECTION('center_axis',(0.,0.,1.));
#13377=DIRECTION('ref_axis',(0.,1.,0.));
#13378=DIRECTION('',(1.,0.,0.));
#13379=DIRECTION('center_axis',(0.,1.,0.));
#13380=DIRECTION('ref_axis',(0.,0.,1.));
#13381=DIRECTION('center_axis',(0.,-1.,0.));
#13382=DIRECTION('ref_axis',(0.,0.,-1.));
#13383=DIRECTION('',(-0.546893778334566,0.,-0.83720200383118));
#13384=DIRECTION('',(0.949633382721285,0.,-0.3133631095412));
#13385=DIRECTION('',(0.940909158963925,0.,0.338659053589003));
#13386=DIRECTION('',(-0.806008303306608,0.,0.591904227895699));
#13387=DIRECTION('center_axis',(-0.83720200383118,0.,0.546893778334566));
#13388=DIRECTION('ref_axis',(0.,1.,0.));
#13389=DIRECTION('',(0.,1.,0.));
#13390=DIRECTION('',(0.546893778334566,0.,0.83720200383118));
#13391=DIRECTION('',(0.,-1.,0.));
#13392=DIRECTION('center_axis',(-0.3133631095412,0.,-0.949633382721285));
#13393=DIRECTION('ref_axis',(0.,1.,0.));
#13394=DIRECTION('',(-0.949633382721285,0.,0.3133631095412));
#13395=DIRECTION('',(0.,-1.,0.));
#13396=DIRECTION('center_axis',(0.338659053589003,0.,-0.940909158963925));
#13397=DIRECTION('ref_axis',(0.,1.,0.));
#13398=DIRECTION('',(-0.940909158963925,0.,-0.338659053589003));
#13399=DIRECTION('',(0.,-1.,0.));
#13400=DIRECTION('center_axis',(0.591904227895699,0.,0.806008303306608));
#13401=DIRECTION('ref_axis',(0.,1.,0.));
#13402=DIRECTION('',(0.806008303306608,0.,-0.591904227895699));
#13403=DIRECTION('center_axis',(0.,1.,0.));
#13404=DIRECTION('ref_axis',(0.,0.,1.));
#13405=DIRECTION('center_axis',(0.,-1.,0.));
#13406=DIRECTION('ref_axis',(0.,0.,-1.));
#13407=DIRECTION('',(0.,0.,-1.));
#13408=DIRECTION('',(1.,0.,0.));
#13409=DIRECTION('',(0.480737230095618,0.,0.876864707694404));
#13410=DIRECTION('',(0.,0.,-1.));
#13411=DIRECTION('',(1.,0.,0.));
#13412=DIRECTION('',(0.,0.,1.));
#13413=DIRECTION('',(-1.,0.,0.));
#13414=DIRECTION('',(-0.480832611206853,0.,-0.876812408671318));
#13415=DIRECTION('',(0.,0.,1.));
#13416=DIRECTION('',(-1.,0.,0.));
#13417=DIRECTION('center_axis',(-1.,0.,0.));
#13418=DIRECTION('ref_axis',(0.,1.,0.));
#13419=DIRECTION('',(0.,1.,0.));
#13420=DIRECTION('',(0.,0.,1.));
#13421=DIRECTION('',(0.,-1.,0.));
#13422=DIRECTION('center_axis',(0.,0.,-1.));
#13423=DIRECTION('ref_axis',(0.,1.,0.));
#13424=DIRECTION('',(-1.,0.,0.));
#13425=DIRECTION('',(0.,-1.,0.));
#13426=DIRECTION('center_axis',(0.876864707694404,0.,-0.480737230095618));
#13427=DIRECTION('ref_axis',(0.,1.,0.));
#13428=DIRECTION('',(-0.480737230095618,0.,-0.876864707694404));
#13429=DIRECTION('',(0.,-1.,0.));
#13430=DIRECTION('center_axis',(-1.,0.,0.));
#13431=DIRECTION('ref_axis',(0.,1.,0.));
#13432=DIRECTION('',(0.,0.,1.));
#13433=DIRECTION('',(0.,-1.,0.));
#13434=DIRECTION('center_axis',(0.,0.,-1.));
#13435=DIRECTION('ref_axis',(0.,1.,0.));
#13436=DIRECTION('',(-1.,0.,0.));
#13437=DIRECTION('',(0.,-1.,0.));
#13438=DIRECTION('center_axis',(1.,0.,0.));
#13439=DIRECTION('ref_axis',(0.,1.,0.));
#13440=DIRECTION('',(0.,0.,-1.));
#13441=DIRECTION('',(0.,-1.,0.));
#13442=DIRECTION('center_axis',(0.,0.,1.));
#13443=DIRECTION('ref_axis',(0.,1.,0.));
#13444=DIRECTION('',(1.,0.,0.));
#13445=DIRECTION('',(0.,-1.,0.));
#13446=DIRECTION('center_axis',(-0.876812408671318,0.,0.480832611206853));
#13447=DIRECTION('ref_axis',(0.,1.,0.));
#13448=DIRECTION('',(0.480832611206853,0.,0.876812408671318));
#13449=DIRECTION('',(0.,-1.,0.));
#13450=DIRECTION('center_axis',(1.,0.,0.));
#13451=DIRECTION('ref_axis',(0.,1.,0.));
#13452=DIRECTION('',(0.,0.,-1.));
#13453=DIRECTION('',(0.,-1.,0.));
#13454=DIRECTION('center_axis',(0.,0.,1.));
#13455=DIRECTION('ref_axis',(0.,1.,0.));
#13456=DIRECTION('',(1.,0.,0.));
#13457=DIRECTION('center_axis',(0.,1.,0.));
#13458=DIRECTION('ref_axis',(0.,0.,1.));
#13459=DIRECTION('center_axis',(0.,-1.,0.));
#13460=DIRECTION('ref_axis',(0.,0.,-1.));
#13461=DIRECTION('',(0.,0.,-1.));
#13462=DIRECTION('',(1.,0.,0.));
#13463=DIRECTION('',(0.20492126143921,0.,0.978778461455994));
#13464=DIRECTION('',(0.568716988493213,0.,-0.822533274098508));
#13465=DIRECTION('',(0.502880857703802,0.,-0.864355738660355));
#13466=DIRECTION('',(1.,0.,0.));
#13467=DIRECTION('',(-0.502445152034442,0.,0.864609084614016));
#13468=DIRECTION('',(0.261536338487803,0.,0.965193630133557));
#13469=DIRECTION('',(-0.901616348905468,0.,0.432536656696717));
#13470=DIRECTION('',(-0.450684448762867,0.,-0.892683329990714));
#13471=DIRECTION('',(-0.704844056818228,0.,-0.709362287951666));
#13472=DIRECTION('',(0.,0.,1.));
#13473=DIRECTION('',(-1.,0.,0.));
#13474=DIRECTION('center_axis',(-1.,0.,0.));
#13475=DIRECTION('ref_axis',(0.,1.,0.));
#13476=DIRECTION('',(0.,1.,0.));
#13477=DIRECTION('',(0.,0.,1.));
#13478=DIRECTION('',(0.,-1.,0.));
#13479=DIRECTION('center_axis',(0.,0.,-1.));
#13480=DIRECTION('ref_axis',(0.,1.,0.));
#13481=DIRECTION('',(-1.,0.,0.));
#13482=DIRECTION('',(0.,-1.,0.));
#13483=DIRECTION('center_axis',(0.978778461455994,0.,-0.20492126143921));
#13484=DIRECTION('ref_axis',(0.,1.,0.));
#13485=DIRECTION('',(-0.20492126143921,0.,-0.978778461455994));
#13486=DIRECTION('',(0.,-1.,0.));
#13487=DIRECTION('center_axis',(-0.822533274098508,0.,-0.568716988493213));
#13488=DIRECTION('ref_axis',(0.,1.,0.));
#13489=DIRECTION('',(-0.568716988493213,0.,0.822533274098508));
#13490=DIRECTION('',(0.,-1.,0.));
#13491=DIRECTION('center_axis',(-0.864355738660355,0.,-0.502880857703802));
#13492=DIRECTION('ref_axis',(0.,1.,0.));
#13493=DIRECTION('',(-0.502880857703802,0.,0.864355738660355));
#13494=DIRECTION('',(0.,-1.,0.));
#13495=DIRECTION('center_axis',(0.,0.,-1.));
#13496=DIRECTION('ref_axis',(0.,1.,0.));
#13497=DIRECTION('',(-1.,0.,0.));
#13498=DIRECTION('',(0.,-1.,0.));
#13499=DIRECTION('center_axis',(0.864609084614016,0.,0.502445152034442));
#13500=DIRECTION('ref_axis',(0.,1.,0.));
#13501=DIRECTION('',(0.502445152034442,0.,-0.864609084614016));
#13502=DIRECTION('',(0.,-1.,0.));
#13503=DIRECTION('center_axis',(0.965193630133557,0.,-0.261536338487803));
#13504=DIRECTION('ref_axis',(0.,1.,0.));
#13505=DIRECTION('',(-0.261536338487803,0.,-0.965193630133557));
#13506=DIRECTION('',(0.,-1.,0.));
#13507=DIRECTION('center_axis',(0.432536656696717,0.,0.901616348905468));
#13508=DIRECTION('ref_axis',(0.,1.,0.));
#13509=DIRECTION('',(0.901616348905468,0.,-0.432536656696717));
#13510=DIRECTION('',(0.,-1.,0.));
#13511=DIRECTION('center_axis',(-0.892683329990714,0.,0.450684448762867));
#13512=DIRECTION('ref_axis',(0.,1.,0.));
#13513=DIRECTION('',(0.450684448762867,0.,0.892683329990714));
#13514=DIRECTION('',(0.,-1.,0.));
#13515=DIRECTION('center_axis',(-0.709362287951667,0.,0.704844056818228));
#13516=DIRECTION('ref_axis',(0.,1.,0.));
#13517=DIRECTION('',(0.704844056818228,0.,0.709362287951666));
#13518=DIRECTION('',(0.,-1.,0.));
#13519=DIRECTION('center_axis',(1.,0.,0.));
#13520=DIRECTION('ref_axis',(0.,1.,0.));
#13521=DIRECTION('',(0.,0.,-1.));
#13522=DIRECTION('',(0.,-1.,0.));
#13523=DIRECTION('center_axis',(0.,0.,1.));
#13524=DIRECTION('ref_axis',(0.,1.,0.));
#13525=DIRECTION('',(1.,0.,0.));
#13526=DIRECTION('center_axis',(0.,1.,0.));
#13527=DIRECTION('ref_axis',(0.,0.,1.));
#13528=DIRECTION('center_axis',(0.,-1.,0.));
#13529=DIRECTION('ref_axis',(-0.453109963161307,0.,-0.89145463220736));
#13530=DIRECTION('',(-0.453109963161307,0.,-0.89145463220736));
#13531=DIRECTION('',(-0.95092538597224,0.,-0.309420281031393));
#13532=DIRECTION('',(-0.918575059084849,0.,0.395246582309405));
#13533=DIRECTION('',(-0.266751175638002,0.,0.963765433233494));
#13534=DIRECTION('',(0.274641754009036,0.,0.961546622351116));
#13535=DIRECTION('',(0.978990243303291,0.,-0.203907095308044));
#13536=DIRECTION('',(0.992277876713669,0.,0.124034734589201));
#13537=DIRECTION('',(-0.479068666567844,0.,0.877777427775919));
#13538=DIRECTION('',(-0.952111238567752,0.,0.30575184282843));
#13539=DIRECTION('',(-0.967513930284666,0.,-0.252817710426144));
#13540=DIRECTION('',(-0.657576929648069,0.,-0.753387404722576));
#13541=DIRECTION('',(-0.180971118515001,0.,-0.983488410843478));
#13542=DIRECTION('',(0.30257318011891,0.,-0.953126156745648));
#13543=DIRECTION('',(0.923709256612926,0.,-0.383094256349003));
#13544=DIRECTION('',(0.942291995135736,0.,0.334792168222487));
#13545=DIRECTION('',(0.457197196227115,0.,0.88936534886517));
#13546=DIRECTION('',(-0.992277876713668,0.,0.124034734589203));
#13547=DIRECTION('center_axis',(-0.89145463220736,0.,0.453109963161307));
#13548=DIRECTION('ref_axis',(0.,1.,0.));
#13549=DIRECTION('',(0.,1.,0.));
#13550=DIRECTION('',(0.453109963161307,0.,0.89145463220736));
#13551=DIRECTION('',(0.,-1.,0.));
#13552=DIRECTION('center_axis',(-0.309420281031393,0.,0.95092538597224));
#13553=DIRECTION('ref_axis',(0.,1.,0.));
#13554=DIRECTION('',(0.95092538597224,0.,0.309420281031393));
#13555=DIRECTION('',(0.,-1.,0.));
#13556=DIRECTION('center_axis',(0.395246582309405,0.,0.918575059084849));
#13557=DIRECTION('ref_axis',(0.,1.,0.));
#13558=DIRECTION('',(0.918575059084849,0.,-0.395246582309405));
#13559=DIRECTION('',(0.,-1.,0.));
#13560=DIRECTION('center_axis',(0.963765433233494,0.,0.266751175638002));
#13561=DIRECTION('ref_axis',(0.,1.,0.));
#13562=DIRECTION('',(0.266751175638002,0.,-0.963765433233494));
#13563=DIRECTION('',(0.,-1.,0.));
#13564=DIRECTION('center_axis',(0.961546622351116,0.,-0.274641754009036));
#13565=DIRECTION('ref_axis',(0.,1.,0.));
#13566=DIRECTION('',(-0.274641754009036,0.,-0.961546622351116));
#13567=DIRECTION('',(0.,-1.,0.));
#13568=DIRECTION('center_axis',(-0.203907095308044,0.,-0.978990243303291));
#13569=DIRECTION('ref_axis',(0.,1.,0.));
#13570=DIRECTION('',(-0.978990243303291,0.,0.203907095308044));
#13571=DIRECTION('',(0.,-1.,0.));
#13572=DIRECTION('center_axis',(0.124034734589201,0.,-0.992277876713669));
#13573=DIRECTION('ref_axis',(0.,1.,0.));
#13574=DIRECTION('',(-0.992277876713669,0.,-0.124034734589201));
#13575=DIRECTION('',(0.,-1.,0.));
#13576=DIRECTION('center_axis',(0.877777427775919,0.,0.479068666567844));
#13577=DIRECTION('ref_axis',(0.,1.,0.));
#13578=DIRECTION('',(0.479068666567844,0.,-0.877777427775919));
#13579=DIRECTION('',(0.,-1.,0.));
#13580=DIRECTION('center_axis',(0.30575184282843,0.,0.952111238567752));
#13581=DIRECTION('ref_axis',(0.,1.,0.));
#13582=DIRECTION('',(0.952111238567752,0.,-0.30575184282843));
#13583=DIRECTION('',(0.,-1.,0.));
#13584=DIRECTION('center_axis',(-0.252817710426144,0.,0.967513930284666));
#13585=DIRECTION('ref_axis',(0.,1.,0.));
#13586=DIRECTION('',(0.967513930284666,0.,0.252817710426144));
#13587=DIRECTION('',(0.,-1.,0.));
#13588=DIRECTION('center_axis',(-0.753387404722576,0.,0.657576929648069));
#13589=DIRECTION('ref_axis',(0.,1.,0.));
#13590=DIRECTION('',(0.657576929648069,0.,0.753387404722576));
#13591=DIRECTION('',(0.,-1.,0.));
#13592=DIRECTION('center_axis',(-0.983488410843478,0.,0.180971118515001));
#13593=DIRECTION('ref_axis',(0.,1.,0.));
#13594=DIRECTION('',(0.180971118515001,0.,0.983488410843478));
#13595=DIRECTION('',(0.,-1.,0.));
#13596=DIRECTION('center_axis',(-0.953126156745648,0.,-0.30257318011891));
#13597=DIRECTION('ref_axis',(0.,1.,0.));
#13598=DIRECTION('',(-0.30257318011891,0.,0.953126156745648));
#13599=DIRECTION('',(0.,-1.,0.));
#13600=DIRECTION('center_axis',(-0.383094256349003,0.,-0.923709256612926));
#13601=DIRECTION('ref_axis',(0.,1.,0.));
#13602=DIRECTION('',(-0.923709256612926,0.,0.383094256349003));
#13603=DIRECTION('',(0.,-1.,0.));
#13604=DIRECTION('center_axis',(0.334792168222487,0.,-0.942291995135736));
#13605=DIRECTION('ref_axis',(0.,1.,0.));
#13606=DIRECTION('',(-0.942291995135736,0.,-0.334792168222487));
#13607=DIRECTION('',(0.,-1.,0.));
#13608=DIRECTION('center_axis',(0.88936534886517,0.,-0.457197196227115));
#13609=DIRECTION('ref_axis',(0.,1.,0.));
#13610=DIRECTION('',(-0.457197196227115,0.,-0.88936534886517));
#13611=DIRECTION('',(0.,-1.,0.));
#13612=DIRECTION('center_axis',(0.124034734589203,0.,0.992277876713668));
#13613=DIRECTION('ref_axis',(0.,1.,0.));
#13614=DIRECTION('',(0.992277876713668,0.,-0.124034734589203));
#13615=DIRECTION('center_axis',(0.,1.,0.));
#13616=DIRECTION('ref_axis',(0.453109963161307,0.,0.89145463220736));
#13617=DIRECTION('center_axis',(0.,-1.,0.));
#13618=DIRECTION('ref_axis',(-0.695421427516056,0.,-0.71860214176659));
#13619=DIRECTION('',(-0.695421427516056,0.,-0.71860214176659));
#13620=DIRECTION('',(-0.978029924492736,0.,-0.20846454565881));
#13621=DIRECTION('',(-0.943780243521644,0.,0.330573519717212));
#13622=DIRECTION('',(-0.404926158272051,0.,0.914349389646561));
#13623=DIRECTION('',(0.998211056528806,0.,0.0597886830733408));
#13624=DIRECTION('',(-0.314406297626695,0.,0.949288512525393));
#13625=DIRECTION('',(-0.923035975183203,0.,0.384713644828973));
#13626=DIRECTION('',(-0.926603757762981,0.,-0.376039194897983));
#13627=DIRECTION('',(-0.320095304530526,0.,-0.94738534716213));
#13628=DIRECTION('',(0.326553995162929,0.,-0.94517854834054));
#13629=DIRECTION('',(0.934327514224253,0.,-0.356415622782629));
#13630=DIRECTION('',(0.965738270038279,0.,0.259518002811889));
#13631=DIRECTION('',(0.57907771234659,0.,0.815272349011936));
#13632=DIRECTION('',(-0.991970890479932,0.,0.126466408348033));
#13633=DIRECTION('',(0.482738504623786,0.,0.875764543786508));
#13634=DIRECTION('',(0.956839137870305,0.,0.290618072802798));
#13635=DIRECTION('',(0.942057719731643,0.,-0.335450820082494));
#13636=DIRECTION('',(0.404125491501335,0.,-0.914703551495677));
#13637=DIRECTION('',(-1.,0.,0.));
#13638=DIRECTION('center_axis',(-0.71860214176659,0.,0.695421427516057));
#13639=DIRECTION('ref_axis',(0.,1.,0.));
#13640=DIRECTION('',(0.,1.,0.));
#13641=DIRECTION('',(0.695421427516056,0.,0.71860214176659));
#13642=DIRECTION('',(0.,-1.,0.));
#13643=DIRECTION('center_axis',(-0.20846454565881,0.,0.978029924492736));
#13644=DIRECTION('ref_axis',(0.,1.,0.));
#13645=DIRECTION('',(0.978029924492736,0.,0.20846454565881));
#13646=DIRECTION('',(0.,-1.,0.));
#13647=DIRECTION('center_axis',(0.330573519717212,0.,0.943780243521644));
#13648=DIRECTION('ref_axis',(0.,1.,0.));
#13649=DIRECTION('',(0.943780243521644,0.,-0.330573519717212));
#13650=DIRECTION('',(0.,-1.,0.));
#13651=DIRECTION('center_axis',(0.914349389646561,0.,0.404926158272051));
#13652=DIRECTION('ref_axis',(0.,1.,0.));
#13653=DIRECTION('',(0.404926158272051,0.,-0.914349389646561));
#13654=DIRECTION('',(0.,-1.,0.));
#13655=DIRECTION('center_axis',(0.0597886830733408,0.,-0.998211056528806));
#13656=DIRECTION('ref_axis',(0.,1.,0.));
#13657=DIRECTION('',(-0.998211056528806,0.,-0.0597886830733408));
#13658=DIRECTION('',(0.,-1.,0.));
#13659=DIRECTION('center_axis',(0.949288512525393,0.,0.314406297626695));
#13660=DIRECTION('ref_axis',(0.,1.,0.));
#13661=DIRECTION('',(0.314406297626695,0.,-0.949288512525393));
#13662=DIRECTION('',(0.,-1.,0.));
#13663=DIRECTION('center_axis',(0.384713644828973,0.,0.923035975183203));
#13664=DIRECTION('ref_axis',(0.,1.,0.));
#13665=DIRECTION('',(0.923035975183203,0.,-0.384713644828973));
#13666=DIRECTION('',(0.,-1.,0.));
#13667=DIRECTION('center_axis',(-0.376039194897983,0.,0.926603757762981));
#13668=DIRECTION('ref_axis',(0.,1.,0.));
#13669=DIRECTION('',(0.926603757762981,0.,0.376039194897983));
#13670=DIRECTION('',(0.,-1.,0.));
#13671=DIRECTION('center_axis',(-0.94738534716213,0.,0.320095304530526));
#13672=DIRECTION('ref_axis',(0.,1.,0.));
#13673=DIRECTION('',(0.320095304530526,0.,0.94738534716213));
#13674=DIRECTION('',(0.,-1.,0.));
#13675=DIRECTION('center_axis',(-0.945178548340539,0.,-0.326553995162929));
#13676=DIRECTION('ref_axis',(0.,1.,0.));
#13677=DIRECTION('',(-0.326553995162929,0.,0.94517854834054));
#13678=DIRECTION('',(0.,-1.,0.));
#13679=DIRECTION('center_axis',(-0.356415622782629,0.,-0.934327514224253));
#13680=DIRECTION('ref_axis',(0.,1.,0.));
#13681=DIRECTION('',(-0.934327514224253,0.,0.356415622782629));
#13682=DIRECTION('',(0.,-1.,0.));
#13683=DIRECTION('center_axis',(0.259518002811889,0.,-0.965738270038279));
#13684=DIRECTION('ref_axis',(0.,1.,0.));
#13685=DIRECTION('',(-0.965738270038279,0.,-0.259518002811889));
#13686=DIRECTION('',(0.,-1.,0.));
#13687=DIRECTION('center_axis',(0.815272349011936,0.,-0.57907771234659));
#13688=DIRECTION('ref_axis',(0.,1.,0.));
#13689=DIRECTION('',(-0.57907771234659,0.,-0.815272349011936));
#13690=DIRECTION('',(0.,-1.,0.));
#13691=DIRECTION('center_axis',(0.126466408348033,0.,0.991970890479932));
#13692=DIRECTION('ref_axis',(0.,1.,0.));
#13693=DIRECTION('',(0.991970890479932,0.,-0.126466408348033));
#13694=DIRECTION('center_axis',(0.875764543786508,0.,-0.482738504623786));
#13695=DIRECTION('ref_axis',(0.,1.,0.));
#13696=DIRECTION('',(0.,1.,0.));
#13697=DIRECTION('',(-0.482738504623786,0.,-0.875764543786508));
#13698=DIRECTION('',(0.,-1.,0.));
#13699=DIRECTION('center_axis',(0.290618072802798,0.,-0.956839137870304));
#13700=DIRECTION('ref_axis',(0.,1.,0.));
#13701=DIRECTION('',(-0.956839137870305,0.,-0.290618072802798));
#13702=DIRECTION('',(0.,-1.,0.));
#13703=DIRECTION('center_axis',(-0.335450820082494,0.,-0.942057719731643));
#13704=DIRECTION('ref_axis',(0.,1.,0.));
#13705=DIRECTION('',(-0.942057719731643,0.,0.335450820082494));
#13706=DIRECTION('',(0.,-1.,0.));
#13707=DIRECTION('center_axis',(-0.914703551495677,0.,-0.404125491501335));
#13708=DIRECTION('ref_axis',(0.,1.,0.));
#13709=DIRECTION('',(-0.404125491501335,0.,0.914703551495677));
#13710=DIRECTION('',(0.,-1.,0.));
#13711=DIRECTION('center_axis',(0.,0.,1.));
#13712=DIRECTION('ref_axis',(0.,1.,0.));
#13713=DIRECTION('',(1.,0.,0.));
#13714=DIRECTION('center_axis',(0.,1.,0.));
#13715=DIRECTION('ref_axis',(0.695421427516056,0.,0.71860214176659));
#13716=DIRECTION('center_axis',(0.,-1.,0.));
#13717=DIRECTION('ref_axis',(0.,0.,-1.));
#13718=DIRECTION('',(0.,0.,-1.));
#13719=DIRECTION('',(0.15205718425394,0.,-0.988371697650617));
#13720=DIRECTION('',(0.604948514055207,0.,-0.796264588778376));
#13721=DIRECTION('',(0.953495740338611,0.,-0.30140649156268));
#13722=DIRECTION('',(0.978941803748438,0.,0.204139523056546));
#13723=DIRECTION('',(0.,0.,-1.));
#13724=DIRECTION('',(1.,0.,0.));
#13725=DIRECTION('',(0.,0.,1.));
#13726=DIRECTION('',(-1.,0.,0.));
#13727=DIRECTION('',(0.,0.,-1.));
#13728=DIRECTION('',(-0.980217196377502,0.,0.197924854239756));
#13729=DIRECTION('',(-0.0764850925816704,0.,0.997070724980316));
#13730=DIRECTION('',(0.,0.,1.));
#13731=DIRECTION('',(-1.,0.,0.));
#13732=DIRECTION('center_axis',(-1.,0.,0.));
#13733=DIRECTION('ref_axis',(0.,1.,0.));
#13734=DIRECTION('',(0.,1.,0.));
#13735=DIRECTION('',(0.,0.,1.));
#13736=DIRECTION('',(0.,-1.,0.));
#13737=DIRECTION('center_axis',(-0.988371697650617,0.,-0.15205718425394));
#13738=DIRECTION('ref_axis',(0.,1.,0.));
#13739=DIRECTION('',(-0.15205718425394,0.,0.988371697650617));
#13740=DIRECTION('',(0.,-1.,0.));
#13741=DIRECTION('center_axis',(-0.796264588778376,0.,-0.604948514055208));
#13742=DIRECTION('ref_axis',(0.,1.,0.));
#13743=DIRECTION('',(-0.604948514055207,0.,0.796264588778376));
#13744=DIRECTION('',(0.,-1.,0.));
#13745=DIRECTION('center_axis',(-0.30140649156268,0.,-0.953495740338611));
#13746=DIRECTION('ref_axis',(0.,1.,0.));
#13747=DIRECTION('',(-0.953495740338611,0.,0.30140649156268));
#13748=DIRECTION('',(0.,-1.,0.));
#13749=DIRECTION('center_axis',(0.204139523056546,0.,-0.978941803748438));
#13750=DIRECTION('ref_axis',(0.,1.,0.));
#13751=DIRECTION('',(-0.978941803748438,0.,-0.204139523056546));
#13752=DIRECTION('',(0.,-1.,0.));
#13753=DIRECTION('center_axis',(-1.,0.,0.));
#13754=DIRECTION('ref_axis',(0.,1.,0.));
#13755=DIRECTION('',(0.,0.,1.));
#13756=DIRECTION('',(0.,-1.,0.));
#13757=DIRECTION('center_axis',(0.,0.,-1.));
#13758=DIRECTION('ref_axis',(0.,1.,0.));
#13759=DIRECTION('',(-1.,0.,0.));
#13760=DIRECTION('',(0.,-1.,0.));
#13761=DIRECTION('center_axis',(1.,0.,0.));
#13762=DIRECTION('ref_axis',(0.,1.,0.));
#13763=DIRECTION('',(0.,0.,-1.));
#13764=DIRECTION('',(0.,-1.,0.));
#13765=DIRECTION('center_axis',(0.,0.,1.));
#13766=DIRECTION('ref_axis',(0.,1.,0.));
#13767=DIRECTION('',(1.,0.,0.));
#13768=DIRECTION('',(0.,-1.,0.));
#13769=DIRECTION('center_axis',(-1.,0.,0.));
#13770=DIRECTION('ref_axis',(0.,1.,0.));
#13771=DIRECTION('',(0.,0.,1.));
#13772=DIRECTION('',(0.,-1.,0.));
#13773=DIRECTION('center_axis',(0.197924854239756,0.,0.980217196377502));
#13774=DIRECTION('ref_axis',(0.,1.,0.));
#13775=DIRECTION('',(0.980217196377502,0.,-0.197924854239756));
#13776=DIRECTION('',(0.,-1.,0.));
#13777=DIRECTION('center_axis',(0.997070724980316,0.,0.0764850925816704));
#13778=DIRECTION('ref_axis',(0.,1.,0.));
#13779=DIRECTION('',(0.0764850925816704,0.,-0.997070724980316));
#13780=DIRECTION('',(0.,-1.,0.));
#13781=DIRECTION('center_axis',(1.,0.,0.));
#13782=DIRECTION('ref_axis',(0.,1.,0.));
#13783=DIRECTION('',(0.,0.,-1.));
#13784=DIRECTION('',(0.,-1.,0.));
#13785=DIRECTION('center_axis',(0.,0.,1.));
#13786=DIRECTION('ref_axis',(0.,1.,0.));
#13787=DIRECTION('',(1.,0.,0.));
#13788=DIRECTION('center_axis',(0.,1.,0.));
#13789=DIRECTION('ref_axis',(0.,0.,1.));
#13790=DIRECTION('center_axis',(0.,-1.,0.));
#13791=DIRECTION('ref_axis',(0.,0.,-1.));
#13792=DIRECTION('',(0.,0.,-1.));
#13793=DIRECTION('',(1.,0.,0.));
#13794=DIRECTION('',(0.480737230095617,0.,0.876864707694405));
#13795=DIRECTION('',(0.,0.,-1.));
#13796=DIRECTION('',(1.,0.,0.));
#13797=DIRECTION('',(0.,0.,1.));
#13798=DIRECTION('',(-1.,0.,0.));
#13799=DIRECTION('',(-0.480832611206853,0.,-0.876812408671319));
#13800=DIRECTION('',(0.,0.,1.));
#13801=DIRECTION('',(-1.,0.,0.));
#13802=DIRECTION('center_axis',(-1.,0.,0.));
#13803=DIRECTION('ref_axis',(0.,1.,0.));
#13804=DIRECTION('',(0.,1.,0.));
#13805=DIRECTION('',(0.,0.,1.));
#13806=DIRECTION('',(0.,-1.,0.));
#13807=DIRECTION('center_axis',(0.,0.,-1.));
#13808=DIRECTION('ref_axis',(0.,1.,0.));
#13809=DIRECTION('',(-1.,0.,0.));
#13810=DIRECTION('',(0.,-1.,0.));
#13811=DIRECTION('center_axis',(0.876864707694405,0.,-0.480737230095617));
#13812=DIRECTION('ref_axis',(0.,1.,0.));
#13813=DIRECTION('',(-0.480737230095617,0.,-0.876864707694405));
#13814=DIRECTION('',(0.,-1.,0.));
#13815=DIRECTION('center_axis',(-1.,0.,0.));
#13816=DIRECTION('ref_axis',(0.,1.,0.));
#13817=DIRECTION('',(0.,0.,1.));
#13818=DIRECTION('',(0.,-1.,0.));
#13819=DIRECTION('center_axis',(0.,0.,-1.));
#13820=DIRECTION('ref_axis',(0.,1.,0.));
#13821=DIRECTION('',(-1.,0.,0.));
#13822=DIRECTION('',(0.,-1.,0.));
#13823=DIRECTION('center_axis',(1.,0.,0.));
#13824=DIRECTION('ref_axis',(0.,1.,0.));
#13825=DIRECTION('',(0.,0.,-1.));
#13826=DIRECTION('',(0.,-1.,0.));
#13827=DIRECTION('center_axis',(0.,0.,1.));
#13828=DIRECTION('ref_axis',(0.,1.,0.));
#13829=DIRECTION('',(1.,0.,0.));
#13830=DIRECTION('',(0.,-1.,0.));
#13831=DIRECTION('center_axis',(-0.876812408671319,0.,0.480832611206853));
#13832=DIRECTION('ref_axis',(0.,1.,0.));
#13833=DIRECTION('',(0.480832611206853,0.,0.876812408671319));
#13834=DIRECTION('',(0.,-1.,0.));
#13835=DIRECTION('center_axis',(1.,0.,0.));
#13836=DIRECTION('ref_axis',(0.,1.,0.));
#13837=DIRECTION('',(0.,0.,-1.));
#13838=DIRECTION('',(0.,-1.,0.));
#13839=DIRECTION('center_axis',(0.,0.,1.));
#13840=DIRECTION('ref_axis',(0.,1.,0.));
#13841=DIRECTION('',(1.,0.,0.));
#13842=DIRECTION('center_axis',(0.,1.,0.));
#13843=DIRECTION('ref_axis',(0.,0.,1.));
#13844=DIRECTION('center_axis',(0.,-1.,0.));
#13845=DIRECTION('ref_axis',(1.,0.,0.));
#13846=DIRECTION('',(1.,0.,0.));
#13847=DIRECTION('',(0.,0.,1.));
#13848=DIRECTION('',(0.698444876144364,0.,-0.715663856141753));
#13849=DIRECTION('',(0.959090801135339,0.,-0.283098631536033));
#13850=DIRECTION('',(0.956906246460278,0.,0.290397030779074));
#13851=DIRECTION('',(0.638709740207849,0.,0.769447768054221));
#13852=DIRECTION('',(0.191107198571354,0.,0.981569171609525));
#13853=DIRECTION('',(-0.17833668212555,0.,0.983969525853545));
#13854=DIRECTION('',(-0.60501090638777,0.,0.796217183406543));
#13855=DIRECTION('',(-0.956477330127913,0.,0.291806643089871));
#13856=DIRECTION('',(-0.95886891273577,0.,-0.283849270192689));
#13857=DIRECTION('',(-0.640451289870476,0.,-0.767998792514184));
#13858=DIRECTION('',(0.,0.,1.));
#13859=DIRECTION('',(-1.,0.,0.));
#13860=DIRECTION('',(0.,0.,-1.));
#13861=DIRECTION('',(0.282360233902268,0.,0.95930844795126));
#13862=DIRECTION('',(0.891289658173166,0.,0.453434389116619));
#13863=DIRECTION('',(0.898768445643896,0.,-0.438423632021422));
#13864=DIRECTION('',(0.274233833928173,0.,-0.961663040949924));
#13865=DIRECTION('',(-0.271813318526522,0.,-0.962349998634384));
#13866=DIRECTION('',(-0.902982203576362,0.,-0.42967794919495));
#13867=DIRECTION('',(-0.90542858803867,0.,0.424498612438605));
#13868=DIRECTION('',(-0.273173344439393,0.,0.961964824662418));
#13869=DIRECTION('center_axis',(0.,0.,-1.));
#13870=DIRECTION('ref_axis',(0.,1.,0.));
#13871=DIRECTION('',(0.,1.,0.));
#13872=DIRECTION('',(-1.,0.,0.));
#13873=DIRECTION('',(0.,-1.,0.));
#13874=DIRECTION('center_axis',(1.,0.,0.));
#13875=DIRECTION('ref_axis',(0.,1.,0.));
#13876=DIRECTION('',(0.,0.,-1.));
#13877=DIRECTION('',(0.,-1.,0.));
#13878=DIRECTION('center_axis',(-0.715663856141753,0.,-0.698444876144364));
#13879=DIRECTION('ref_axis',(0.,1.,0.));
#13880=DIRECTION('',(-0.698444876144364,0.,0.715663856141753));
#13881=DIRECTION('',(0.,-1.,0.));
#13882=DIRECTION('center_axis',(-0.283098631536033,0.,-0.959090801135339));
#13883=DIRECTION('ref_axis',(0.,1.,0.));
#13884=DIRECTION('',(-0.959090801135339,0.,0.283098631536033));
#13885=DIRECTION('',(0.,-1.,0.));
#13886=DIRECTION('center_axis',(0.290397030779074,0.,-0.956906246460278));
#13887=DIRECTION('ref_axis',(0.,1.,0.));
#13888=DIRECTION('',(-0.956906246460278,0.,-0.290397030779074));
#13889=DIRECTION('',(0.,-1.,0.));
#13890=DIRECTION('center_axis',(0.769447768054221,0.,-0.638709740207849));
#13891=DIRECTION('ref_axis',(0.,1.,0.));
#13892=DIRECTION('',(-0.638709740207849,0.,-0.769447768054221));
#13893=DIRECTION('',(0.,-1.,0.));
#13894=DIRECTION('center_axis',(0.981569171609525,0.,-0.191107198571354));
#13895=DIRECTION('ref_axis',(0.,1.,0.));
#13896=DIRECTION('',(-0.191107198571354,0.,-0.981569171609525));
#13897=DIRECTION('',(0.,-1.,0.));
#13898=DIRECTION('center_axis',(0.983969525853545,0.,0.17833668212555));
#13899=DIRECTION('ref_axis',(0.,1.,0.));
#13900=DIRECTION('',(0.17833668212555,0.,-0.983969525853545));
#13901=DIRECTION('',(0.,-1.,0.));
#13902=DIRECTION('center_axis',(0.796217183406543,0.,0.605010906387771));
#13903=DIRECTION('ref_axis',(0.,1.,0.));
#13904=DIRECTION('',(0.60501090638777,0.,-0.796217183406543));
#13905=DIRECTION('',(0.,-1.,0.));
#13906=DIRECTION('center_axis',(0.291806643089871,0.,0.956477330127913));
#13907=DIRECTION('ref_axis',(0.,1.,0.));
#13908=DIRECTION('',(0.956477330127913,0.,-0.291806643089871));
#13909=DIRECTION('',(0.,-1.,0.));
#13910=DIRECTION('center_axis',(-0.283849270192689,0.,0.95886891273577));
#13911=DIRECTION('ref_axis',(0.,1.,0.));
#13912=DIRECTION('',(0.95886891273577,0.,0.283849270192689));
#13913=DIRECTION('',(0.,-1.,0.));
#13914=DIRECTION('center_axis',(-0.767998792514184,0.,0.640451289870476));
#13915=DIRECTION('ref_axis',(0.,1.,0.));
#13916=DIRECTION('',(0.640451289870476,0.,0.767998792514184));
#13917=DIRECTION('',(0.,-1.,0.));
#13918=DIRECTION('center_axis',(1.,0.,0.));
#13919=DIRECTION('ref_axis',(0.,1.,0.));
#13920=DIRECTION('',(0.,0.,-1.));
#13921=DIRECTION('',(0.,-1.,0.));
#13922=DIRECTION('center_axis',(0.,0.,1.));
#13923=DIRECTION('ref_axis',(0.,1.,0.));
#13924=DIRECTION('',(1.,0.,0.));
#13925=DIRECTION('',(0.,-1.,0.));
#13926=DIRECTION('center_axis',(-1.,0.,0.));
#13927=DIRECTION('ref_axis',(0.,1.,0.));
#13928=DIRECTION('',(0.,0.,1.));
#13929=DIRECTION('center_axis',(0.959308447951261,0.,-0.282360233902268));
#13930=DIRECTION('ref_axis',(0.,1.,0.));
#13931=DIRECTION('',(0.,1.,0.));
#13932=DIRECTION('',(-0.282360233902268,0.,-0.95930844795126));
#13933=DIRECTION('',(0.,-1.,0.));
#13934=DIRECTION('center_axis',(0.453434389116619,0.,-0.891289658173166));
#13935=DIRECTION('ref_axis',(0.,1.,0.));
#13936=DIRECTION('',(-0.891289658173166,0.,-0.453434389116619));
#13937=DIRECTION('',(0.,-1.,0.));
#13938=DIRECTION('center_axis',(-0.438423632021422,0.,-0.898768445643896));
#13939=DIRECTION('ref_axis',(0.,1.,0.));
#13940=DIRECTION('',(-0.898768445643896,0.,0.438423632021422));
#13941=DIRECTION('',(0.,-1.,0.));
#13942=DIRECTION('center_axis',(-0.961663040949924,0.,-0.274233833928173));
#13943=DIRECTION('ref_axis',(0.,1.,0.));
#13944=DIRECTION('',(-0.274233833928173,0.,0.961663040949924));
#13945=DIRECTION('',(0.,-1.,0.));
#13946=DIRECTION('center_axis',(-0.962349998634384,0.,0.271813318526522));
#13947=DIRECTION('ref_axis',(0.,1.,0.));
#13948=DIRECTION('',(0.271813318526522,0.,0.962349998634384));
#13949=DIRECTION('',(0.,-1.,0.));
#13950=DIRECTION('center_axis',(-0.42967794919495,0.,0.902982203576362));
#13951=DIRECTION('ref_axis',(0.,1.,0.));
#13952=DIRECTION('',(0.902982203576362,0.,0.42967794919495));
#13953=DIRECTION('',(0.,-1.,0.));
#13954=DIRECTION('center_axis',(0.424498612438605,0.,0.90542858803867));
#13955=DIRECTION('ref_axis',(0.,1.,0.));
#13956=DIRECTION('',(0.90542858803867,0.,-0.424498612438605));
#13957=DIRECTION('',(0.,-1.,0.));
#13958=DIRECTION('center_axis',(0.961964824662418,0.,0.273173344439393));
#13959=DIRECTION('ref_axis',(0.,1.,0.));
#13960=DIRECTION('',(0.273173344439393,0.,-0.961964824662418));
#13961=DIRECTION('center_axis',(0.,1.,0.));
#13962=DIRECTION('ref_axis',(-1.,0.,0.));
#13963=DIRECTION('center_axis',(0.,-1.,0.));
#13964=DIRECTION('ref_axis',(0.,0.,-1.));
#13965=DIRECTION('',(0.,0.,-1.));
#13966=DIRECTION('',(1.,0.,0.));
#13967=DIRECTION('',(0.,0.,-1.));
#13968=DIRECTION('',(1.,0.,0.));
#13969=DIRECTION('',(0.,0.,1.));
#13970=DIRECTION('',(1.,0.,0.));
#13971=DIRECTION('',(0.,0.,1.));
#13972=DIRECTION('',(-1.,0.,0.));
#13973=DIRECTION('center_axis',(-1.,0.,0.));
#13974=DIRECTION('ref_axis',(0.,1.,0.));
#13975=DIRECTION('',(0.,1.,0.));
#13976=DIRECTION('',(0.,0.,1.));
#13977=DIRECTION('',(0.,-1.,0.));
#13978=DIRECTION('center_axis',(0.,0.,-1.));
#13979=DIRECTION('ref_axis',(0.,1.,0.));
#13980=DIRECTION('',(-1.,0.,0.));
#13981=DIRECTION('',(0.,-1.,0.));
#13982=DIRECTION('center_axis',(-1.,0.,0.));
#13983=DIRECTION('ref_axis',(0.,1.,0.));
#13984=DIRECTION('',(0.,0.,1.));
#13985=DIRECTION('',(0.,-1.,0.));
#13986=DIRECTION('center_axis',(0.,0.,-1.));
#13987=DIRECTION('ref_axis',(0.,1.,0.));
#13988=DIRECTION('',(-1.,0.,0.));
#13989=DIRECTION('',(0.,-1.,0.));
#13990=DIRECTION('center_axis',(1.,0.,0.));
#13991=DIRECTION('ref_axis',(0.,1.,0.));
#13992=DIRECTION('',(0.,0.,-1.));
#13993=DIRECTION('',(0.,-1.,0.));
#13994=DIRECTION('center_axis',(0.,0.,-1.));
#13995=DIRECTION('ref_axis',(0.,1.,0.));
#13996=DIRECTION('',(-1.,0.,0.));
#13997=DIRECTION('',(0.,-1.,0.));
#13998=DIRECTION('center_axis',(1.,0.,0.));
#13999=DIRECTION('ref_axis',(0.,1.,0.));
#14000=DIRECTION('',(0.,0.,-1.));
#14001=DIRECTION('',(0.,-1.,0.));
#14002=DIRECTION('center_axis',(0.,0.,1.));
#14003=DIRECTION('ref_axis',(0.,1.,0.));
#14004=DIRECTION('',(1.,0.,0.));
#14005=DIRECTION('center_axis',(0.,1.,0.));
#14006=DIRECTION('ref_axis',(0.,0.,1.));
#14007=DIRECTION('center_axis',(0.,-1.,0.));
#14008=DIRECTION('ref_axis',(0.,0.,-1.));
#14009=DIRECTION('',(0.,0.,-1.));
#14010=DIRECTION('',(1.,0.,0.));
#14011=DIRECTION('',(0.204921261439207,0.,0.978778461455995));
#14012=DIRECTION('',(0.568716988493213,0.,-0.822533274098508));
#14013=DIRECTION('',(0.502880857703804,0.,-0.864355738660354));
#14014=DIRECTION('',(1.,0.,0.));
#14015=DIRECTION('',(-0.502445152034444,0.,0.864609084614015));
#14016=DIRECTION('',(0.261536338487803,0.,0.965193630133557));
#14017=DIRECTION('',(-0.901616348905467,0.,0.432536656696719));
#14018=DIRECTION('',(-0.450684448762875,0.,-0.892683329990711));
#14019=DIRECTION('',(-0.704844056818225,0.,-0.709362287951669));
#14020=DIRECTION('',(0.,0.,1.));
#14021=DIRECTION('',(-1.,0.,0.));
#14022=DIRECTION('center_axis',(-1.,0.,0.));
#14023=DIRECTION('ref_axis',(0.,1.,0.));
#14024=DIRECTION('',(0.,1.,0.));
#14025=DIRECTION('',(0.,0.,1.));
#14026=DIRECTION('',(0.,-1.,0.));
#14027=DIRECTION('center_axis',(0.,0.,-1.));
#14028=DIRECTION('ref_axis',(0.,1.,0.));
#14029=DIRECTION('',(-1.,0.,0.));
#14030=DIRECTION('',(0.,-1.,0.));
#14031=DIRECTION('center_axis',(0.978778461455995,0.,-0.204921261439207));
#14032=DIRECTION('ref_axis',(0.,1.,0.));
#14033=DIRECTION('',(-0.204921261439207,0.,-0.978778461455995));
#14034=DIRECTION('',(0.,-1.,0.));
#14035=DIRECTION('center_axis',(-0.822533274098508,0.,-0.568716988493213));
#14036=DIRECTION('ref_axis',(0.,1.,0.));
#14037=DIRECTION('',(-0.568716988493213,0.,0.822533274098508));
#14038=DIRECTION('',(0.,-1.,0.));
#14039=DIRECTION('center_axis',(-0.864355738660354,0.,-0.502880857703804));
#14040=DIRECTION('ref_axis',(0.,1.,0.));
#14041=DIRECTION('',(-0.502880857703804,0.,0.864355738660354));
#14042=DIRECTION('',(0.,-1.,0.));
#14043=DIRECTION('center_axis',(0.,0.,-1.));
#14044=DIRECTION('ref_axis',(0.,1.,0.));
#14045=DIRECTION('',(-1.,0.,0.));
#14046=DIRECTION('',(0.,-1.,0.));
#14047=DIRECTION('center_axis',(0.864609084614015,0.,0.502445152034444));
#14048=DIRECTION('ref_axis',(0.,1.,0.));
#14049=DIRECTION('',(0.502445152034444,0.,-0.864609084614015));
#14050=DIRECTION('',(0.,-1.,0.));
#14051=DIRECTION('center_axis',(0.965193630133557,0.,-0.261536338487803));
#14052=DIRECTION('ref_axis',(0.,1.,0.));
#14053=DIRECTION('',(-0.261536338487803,0.,-0.965193630133557));
#14054=DIRECTION('',(0.,-1.,0.));
#14055=DIRECTION('center_axis',(0.432536656696719,0.,0.901616348905467));
#14056=DIRECTION('ref_axis',(0.,1.,0.));
#14057=DIRECTION('',(0.901616348905467,0.,-0.432536656696719));
#14058=DIRECTION('',(0.,-1.,0.));
#14059=DIRECTION('center_axis',(-0.89268332999071,0.,0.450684448762875));
#14060=DIRECTION('ref_axis',(0.,1.,0.));
#14061=DIRECTION('',(0.450684448762875,0.,0.892683329990711));
#14062=DIRECTION('',(0.,-1.,0.));
#14063=DIRECTION('center_axis',(-0.709362287951669,0.,0.704844056818225));
#14064=DIRECTION('ref_axis',(0.,1.,0.));
#14065=DIRECTION('',(0.704844056818225,0.,0.709362287951669));
#14066=DIRECTION('',(0.,-1.,0.));
#14067=DIRECTION('center_axis',(1.,0.,0.));
#14068=DIRECTION('ref_axis',(0.,1.,0.));
#14069=DIRECTION('',(0.,0.,-1.));
#14070=DIRECTION('',(0.,-1.,0.));
#14071=DIRECTION('center_axis',(0.,0.,1.));
#14072=DIRECTION('ref_axis',(0.,1.,0.));
#14073=DIRECTION('',(1.,0.,0.));
#14074=DIRECTION('center_axis',(0.,1.,0.));
#14075=DIRECTION('ref_axis',(0.,0.,1.));
#14076=DIRECTION('center_axis',(0.,-1.,0.));
#14077=DIRECTION('ref_axis',(-0.69542142751605,0.,-0.718602141766596));
#14078=DIRECTION('',(-0.69542142751605,0.,-0.718602141766596));
#14079=DIRECTION('',(-0.978029924492736,0.,-0.208464545658808));
#14080=DIRECTION('',(-0.943780243521644,0.,0.330573519717212));
#14081=DIRECTION('',(-0.404926158272051,0.,0.914349389646561));
#14082=DIRECTION('',(0.998211056528806,0.,0.0597886830733408));
#14083=DIRECTION('',(-0.314406297626695,0.,0.949288512525393));
#14084=DIRECTION('',(-0.923035975183203,0.,0.384713644828973));
#14085=DIRECTION('',(-0.926603757762981,0.,-0.376039194897983));
#14086=DIRECTION('',(-0.320095304530526,0.,-0.94738534716213));
#14087=DIRECTION('',(0.326553995162929,0.,-0.94517854834054));
#14088=DIRECTION('',(0.934327514224253,0.,-0.356415622782629));
#14089=DIRECTION('',(0.965738270038279,0.,0.259518002811889));
#14090=DIRECTION('',(0.579077712346594,0.,0.815272349011933));
#14091=DIRECTION('',(-0.991970890479932,0.,0.126466408348032));
#14092=DIRECTION('',(0.482738504623786,0.,0.875764543786508));
#14093=DIRECTION('',(0.956839137870304,0.,0.290618072802799));
#14094=DIRECTION('',(0.942057719731643,0.,-0.335450820082492));
#14095=DIRECTION('',(0.404125491501329,0.,-0.91470355149568));
#14096=DIRECTION('',(-1.,0.,0.));
#14097=DIRECTION('center_axis',(-0.718602141766596,0.,0.69542142751605));
#14098=DIRECTION('ref_axis',(0.,1.,0.));
#14099=DIRECTION('',(0.,1.,0.));
#14100=DIRECTION('',(0.69542142751605,0.,0.718602141766596));
#14101=DIRECTION('',(0.,-1.,0.));
#14102=DIRECTION('center_axis',(-0.208464545658808,0.,0.978029924492736));
#14103=DIRECTION('ref_axis',(0.,1.,0.));
#14104=DIRECTION('',(0.978029924492736,0.,0.208464545658808));
#14105=DIRECTION('',(0.,-1.,0.));
#14106=DIRECTION('center_axis',(0.330573519717212,0.,0.943780243521644));
#14107=DIRECTION('ref_axis',(0.,1.,0.));
#14108=DIRECTION('',(0.943780243521644,0.,-0.330573519717212));
#14109=DIRECTION('',(0.,-1.,0.));
#14110=DIRECTION('center_axis',(0.914349389646561,0.,0.404926158272051));
#14111=DIRECTION('ref_axis',(0.,1.,0.));
#14112=DIRECTION('',(0.404926158272051,0.,-0.914349389646561));
#14113=DIRECTION('',(0.,-1.,0.));
#14114=DIRECTION('center_axis',(0.0597886830733408,0.,-0.998211056528806));
#14115=DIRECTION('ref_axis',(0.,1.,0.));
#14116=DIRECTION('',(-0.998211056528806,0.,-0.0597886830733408));
#14117=DIRECTION('',(0.,-1.,0.));
#14118=DIRECTION('center_axis',(0.949288512525393,0.,0.314406297626695));
#14119=DIRECTION('ref_axis',(0.,1.,0.));
#14120=DIRECTION('',(0.314406297626695,0.,-0.949288512525393));
#14121=DIRECTION('',(0.,-1.,0.));
#14122=DIRECTION('center_axis',(0.384713644828974,0.,0.923035975183203));
#14123=DIRECTION('ref_axis',(0.,1.,0.));
#14124=DIRECTION('',(0.923035975183203,0.,-0.384713644828973));
#14125=DIRECTION('',(0.,-1.,0.));
#14126=DIRECTION('center_axis',(-0.376039194897983,0.,0.926603757762981));
#14127=DIRECTION('ref_axis',(0.,1.,0.));
#14128=DIRECTION('',(0.926603757762981,0.,0.376039194897983));
#14129=DIRECTION('',(0.,-1.,0.));
#14130=DIRECTION('center_axis',(-0.94738534716213,0.,0.320095304530526));
#14131=DIRECTION('ref_axis',(0.,1.,0.));
#14132=DIRECTION('',(0.320095304530526,0.,0.94738534716213));
#14133=DIRECTION('',(0.,-1.,0.));
#14134=DIRECTION('center_axis',(-0.945178548340539,0.,-0.326553995162929));
#14135=DIRECTION('ref_axis',(0.,1.,0.));
#14136=DIRECTION('',(-0.326553995162929,0.,0.94517854834054));
#14137=DIRECTION('',(0.,-1.,0.));
#14138=DIRECTION('center_axis',(-0.356415622782629,0.,-0.934327514224253));
#14139=DIRECTION('ref_axis',(0.,1.,0.));
#14140=DIRECTION('',(-0.934327514224253,0.,0.356415622782629));
#14141=DIRECTION('',(0.,-1.,0.));
#14142=DIRECTION('center_axis',(0.259518002811889,0.,-0.965738270038279));
#14143=DIRECTION('ref_axis',(0.,1.,0.));
#14144=DIRECTION('',(-0.965738270038279,0.,-0.259518002811889));
#14145=DIRECTION('',(0.,-1.,0.));
#14146=DIRECTION('center_axis',(0.815272349011933,0.,-0.579077712346594));
#14147=DIRECTION('ref_axis',(0.,1.,0.));
#14148=DIRECTION('',(-0.579077712346594,0.,-0.815272349011933));
#14149=DIRECTION('',(0.,-1.,0.));
#14150=DIRECTION('center_axis',(0.126466408348032,0.,0.991970890479932));
#14151=DIRECTION('ref_axis',(0.,1.,0.));
#14152=DIRECTION('',(0.991970890479932,0.,-0.126466408348032));
#14153=DIRECTION('center_axis',(0.875764543786508,0.,-0.482738504623786));
#14154=DIRECTION('ref_axis',(0.,1.,0.));
#14155=DIRECTION('',(0.,1.,0.));
#14156=DIRECTION('',(-0.482738504623786,0.,-0.875764543786508));
#14157=DIRECTION('',(0.,-1.,0.));
#14158=DIRECTION('center_axis',(0.290618072802799,0.,-0.956839137870304));
#14159=DIRECTION('ref_axis',(0.,1.,0.));
#14160=DIRECTION('',(-0.956839137870304,0.,-0.290618072802799));
#14161=DIRECTION('',(0.,-1.,0.));
#14162=DIRECTION('center_axis',(-0.335450820082492,0.,-0.942057719731643));
#14163=DIRECTION('ref_axis',(0.,1.,0.));
#14164=DIRECTION('',(-0.942057719731643,0.,0.335450820082492));
#14165=DIRECTION('',(0.,-1.,0.));
#14166=DIRECTION('center_axis',(-0.91470355149568,0.,-0.404125491501329));
#14167=DIRECTION('ref_axis',(0.,1.,0.));
#14168=DIRECTION('',(-0.404125491501329,0.,0.91470355149568));
#14169=DIRECTION('',(0.,-1.,0.));
#14170=DIRECTION('center_axis',(0.,0.,1.));
#14171=DIRECTION('ref_axis',(0.,1.,0.));
#14172=DIRECTION('',(1.,0.,0.));
#14173=DIRECTION('center_axis',(0.,1.,0.));
#14174=DIRECTION('ref_axis',(0.69542142751605,0.,0.718602141766596));
#14175=DIRECTION('center_axis',(0.,-1.,0.));
#14176=DIRECTION('ref_axis',(-0.224859506698758,0.,-0.97439119569462));
#14177=DIRECTION('',(-0.224859506698758,0.,-0.97439119569462));
#14178=DIRECTION('',(0.630592625094464,0.,-0.776114000116267));
#14179=DIRECTION('',(0.847661981962027,0.,0.530536675769177));
#14180=DIRECTION('',(0.0520441767849428,0.,0.998644783525543));
#14181=DIRECTION('',(0.,0.,1.));
#14182=DIRECTION('',(1.,0.,0.));
#14183=DIRECTION('',(0.,0.,-1.));
#14184=DIRECTION('',(1.,0.,0.));
#14185=DIRECTION('',(0.,0.,1.));
#14186=DIRECTION('',(-1.,0.,0.));
#14187=DIRECTION('center_axis',(-0.97439119569462,0.,0.224859506698759));
#14188=DIRECTION('ref_axis',(0.,1.,0.));
#14189=DIRECTION('',(0.,1.,0.));
#14190=DIRECTION('',(0.224859506698758,0.,0.97439119569462));
#14191=DIRECTION('',(0.,-1.,0.));
#14192=DIRECTION('center_axis',(-0.776114000116267,0.,-0.630592625094464));
#14193=DIRECTION('ref_axis',(0.,1.,0.));
#14194=DIRECTION('',(-0.630592625094464,0.,0.776114000116267));
#14195=DIRECTION('',(0.,-1.,0.));
#14196=DIRECTION('center_axis',(0.530536675769177,0.,-0.847661981962027));
#14197=DIRECTION('ref_axis',(0.,1.,0.));
#14198=DIRECTION('',(-0.847661981962027,0.,-0.530536675769177));
#14199=DIRECTION('',(0.,-1.,0.));
#14200=DIRECTION('center_axis',(0.998644783525543,0.,-0.0520441767849428));
#14201=DIRECTION('ref_axis',(0.,1.,0.));
#14202=DIRECTION('',(-0.0520441767849428,0.,-0.998644783525543));
#14203=DIRECTION('',(0.,-1.,0.));
#14204=DIRECTION('center_axis',(1.,0.,0.));
#14205=DIRECTION('ref_axis',(0.,1.,0.));
#14206=DIRECTION('',(0.,0.,-1.));
#14207=DIRECTION('',(0.,-1.,0.));
#14208=DIRECTION('center_axis',(0.,0.,-1.));
#14209=DIRECTION('ref_axis',(0.,1.,0.));
#14210=DIRECTION('',(-1.,0.,0.));
#14211=DIRECTION('',(0.,-1.,0.));
#14212=DIRECTION('center_axis',(-1.,0.,0.));
#14213=DIRECTION('ref_axis',(0.,1.,0.));
#14214=DIRECTION('',(0.,0.,1.));
#14215=DIRECTION('',(0.,-1.,0.));
#14216=DIRECTION('center_axis',(0.,0.,-1.));
#14217=DIRECTION('ref_axis',(0.,1.,0.));
#14218=DIRECTION('',(-1.,0.,0.));
#14219=DIRECTION('',(0.,-1.,0.));
#14220=DIRECTION('center_axis',(1.,0.,0.));
#14221=DIRECTION('ref_axis',(0.,1.,0.));
#14222=DIRECTION('',(0.,0.,-1.));
#14223=DIRECTION('',(0.,-1.,0.));
#14224=DIRECTION('center_axis',(0.,0.,1.));
#14225=DIRECTION('ref_axis',(0.,1.,0.));
#14226=DIRECTION('',(1.,0.,0.));
#14227=DIRECTION('center_axis',(0.,1.,0.));
#14228=DIRECTION('ref_axis',(0.224859506698758,0.,0.97439119569462));
#14229=DIRECTION('center_axis',(0.,-1.,0.));
#14230=DIRECTION('ref_axis',(0.,0.,-1.));
#14231=DIRECTION('',(0.,0.,-1.));
#14232=DIRECTION('',(1.,0.,0.));
#14233=DIRECTION('',(-0.353806303622737,0.,-0.935318715474472));
#14234=DIRECTION('',(-0.925322494778213,0.,-0.379181065794989));
#14235=DIRECTION('',(-0.793095481525591,0.,0.609097329811657));
#14236=DIRECTION('',(-0.970142500145331,0.,-0.242535625036337));
#14237=DIRECTION('',(0.785165755458098,0.,-0.619285666276811));
#14238=DIRECTION('',(0.917803648156229,0.,0.397034587197535));
#14239=DIRECTION('',(0.276209800108494,0.,0.961097365683637));
#14240=DIRECTION('',(-0.201856814092018,0.,0.97941504307654));
#14241=DIRECTION('',(-0.648087512725627,0.,0.761565870984979));
#14242=DIRECTION('',(-0.96143609454352,0.,0.275028427819569));
#14243=DIRECTION('',(-0.956750437133125,0.,-0.290909953500347));
#14244=DIRECTION('',(-0.541612746987198,0.,-0.840628117719709));
#14245=DIRECTION('',(0.970142500145331,0.,-0.242535625036337));
#14246=DIRECTION('',(0.809953668445922,0.,0.586493866098353));
#14247=DIRECTION('',(0.941365739617343,0.,-0.337387824728003));
#14248=DIRECTION('',(0.37923036634738,0.,-0.925302290735321));
#14249=DIRECTION('',(-1.,0.,0.));
#14250=DIRECTION('center_axis',(-1.,0.,0.));
#14251=DIRECTION('ref_axis',(0.,1.,0.));
#14252=DIRECTION('',(0.,1.,0.));
#14253=DIRECTION('',(0.,0.,1.));
#14254=DIRECTION('',(0.,-1.,0.));
#14255=DIRECTION('center_axis',(0.,0.,-1.));
#14256=DIRECTION('ref_axis',(0.,1.,0.));
#14257=DIRECTION('',(-1.,0.,0.));
#14258=DIRECTION('',(0.,-1.,0.));
#14259=DIRECTION('center_axis',(-0.935318715474472,0.,0.353806303622737));
#14260=DIRECTION('ref_axis',(0.,1.,0.));
#14261=DIRECTION('',(0.353806303622737,0.,0.935318715474472));
#14262=DIRECTION('',(0.,-1.,0.));
#14263=DIRECTION('center_axis',(-0.379181065794989,0.,0.925322494778213));
#14264=DIRECTION('ref_axis',(0.,1.,0.));
#14265=DIRECTION('',(0.925322494778213,0.,0.379181065794989));
#14266=DIRECTION('',(0.,-1.,0.));
#14267=DIRECTION('center_axis',(0.609097329811657,0.,0.793095481525591));
#14268=DIRECTION('ref_axis',(0.,1.,0.));
#14269=DIRECTION('',(0.793095481525591,0.,-0.609097329811657));
#14270=DIRECTION('',(0.,-1.,0.));
#14271=DIRECTION('center_axis',(-0.242535625036337,0.,0.970142500145331));
#14272=DIRECTION('ref_axis',(0.,1.,0.));
#14273=DIRECTION('',(0.970142500145331,0.,0.242535625036337));
#14274=DIRECTION('',(0.,-1.,0.));
#14275=DIRECTION('center_axis',(-0.619285666276811,0.,-0.785165755458098));
#14276=DIRECTION('ref_axis',(0.,1.,0.));
#14277=DIRECTION('',(-0.785165755458098,0.,0.619285666276811));
#14278=DIRECTION('',(0.,-1.,0.));
#14279=DIRECTION('center_axis',(0.397034587197535,0.,-0.917803648156229));
#14280=DIRECTION('ref_axis',(0.,1.,0.));
#14281=DIRECTION('',(-0.917803648156229,0.,-0.397034587197535));
#14282=DIRECTION('',(0.,-1.,0.));
#14283=DIRECTION('center_axis',(0.961097365683637,0.,-0.276209800108494));
#14284=DIRECTION('ref_axis',(0.,1.,0.));
#14285=DIRECTION('',(-0.276209800108494,0.,-0.961097365683637));
#14286=DIRECTION('',(0.,-1.,0.));
#14287=DIRECTION('center_axis',(0.97941504307654,0.,0.201856814092018));
#14288=DIRECTION('ref_axis',(0.,1.,0.));
#14289=DIRECTION('',(0.201856814092018,0.,-0.97941504307654));
#14290=DIRECTION('',(0.,-1.,0.));
#14291=DIRECTION('center_axis',(0.761565870984979,0.,0.648087512725627));
#14292=DIRECTION('ref_axis',(0.,1.,0.));
#14293=DIRECTION('',(0.648087512725627,0.,-0.761565870984979));
#14294=DIRECTION('',(0.,-1.,0.));
#14295=DIRECTION('center_axis',(0.275028427819569,0.,0.96143609454352));
#14296=DIRECTION('ref_axis',(0.,1.,0.));
#14297=DIRECTION('',(0.96143609454352,0.,-0.275028427819569));
#14298=DIRECTION('',(0.,-1.,0.));
#14299=DIRECTION('center_axis',(-0.290909953500347,0.,0.956750437133125));
#14300=DIRECTION('ref_axis',(0.,1.,0.));
#14301=DIRECTION('',(0.956750437133125,0.,0.290909953500347));
#14302=DIRECTION('',(0.,-1.,0.));
#14303=DIRECTION('center_axis',(-0.840628117719709,0.,0.541612746987198));
#14304=DIRECTION('ref_axis',(0.,1.,0.));
#14305=DIRECTION('',(0.541612746987198,0.,0.840628117719709));
#14306=DIRECTION('',(0.,-1.,0.));
#14307=DIRECTION('center_axis',(-0.242535625036337,0.,-0.970142500145331));
#14308=DIRECTION('ref_axis',(0.,1.,0.));
#14309=DIRECTION('',(-0.970142500145331,0.,0.242535625036337));
#14310=DIRECTION('',(0.,-1.,0.));
#14311=DIRECTION('center_axis',(0.586493866098353,0.,-0.809953668445922));
#14312=DIRECTION('ref_axis',(0.,1.,0.));
#14313=DIRECTION('',(-0.809953668445922,0.,-0.586493866098353));
#14314=DIRECTION('',(0.,-1.,0.));
#14315=DIRECTION('center_axis',(-0.337387824728003,0.,-0.941365739617343));
#14316=DIRECTION('ref_axis',(0.,1.,0.));
#14317=DIRECTION('',(-0.941365739617343,0.,0.337387824728003));
#14318=DIRECTION('',(0.,-1.,0.));
#14319=DIRECTION('center_axis',(-0.925302290735321,0.,-0.37923036634738));
#14320=DIRECTION('ref_axis',(0.,1.,0.));
#14321=DIRECTION('',(-0.37923036634738,0.,0.925302290735321));
#14322=DIRECTION('',(0.,-1.,0.));
#14323=DIRECTION('center_axis',(0.,0.,1.));
#14324=DIRECTION('ref_axis',(0.,1.,0.));
#14325=DIRECTION('',(1.,0.,0.));
#14326=DIRECTION('center_axis',(0.,1.,0.));
#14327=DIRECTION('ref_axis',(0.,0.,1.));
#14328=DIRECTION('center_axis',(0.,-1.,0.));
#14329=DIRECTION('ref_axis',(-0.453109963161299,0.,-0.891454632207364));
#14330=DIRECTION('',(-0.453109963161299,0.,-0.891454632207364));
#14331=DIRECTION('',(-0.950925385972247,0.,-0.309420281031373));
#14332=DIRECTION('',(-0.918575059084855,0.,0.395246582309392));
#14333=DIRECTION('',(-0.266751175638002,0.,0.963765433233494));
#14334=DIRECTION('',(0.274641754009036,0.,0.961546622351116));
#14335=DIRECTION('',(0.978990243303291,0.,-0.203907095308044));
#14336=DIRECTION('',(0.992277876713669,0.,0.124034734589201));
#14337=DIRECTION('',(-0.479068666567844,0.,0.877777427775919));
#14338=DIRECTION('',(-0.952111238567748,0.,0.305751842828441));
#14339=DIRECTION('',(-0.967513930284666,0.,-0.252817710426144));
#14340=DIRECTION('',(-0.657576929648066,0.,-0.753387404722579));
#14341=DIRECTION('',(-0.180971118514995,0.,-0.983488410843479));
#14342=DIRECTION('',(0.302573180118906,0.,-0.953126156745649));
#14343=DIRECTION('',(0.92370925661293,0.,-0.383094256348994));
#14344=DIRECTION('',(0.942291995135736,0.,0.334792168222487));
#14345=DIRECTION('',(0.457197196227124,0.,0.889365348865165));
#14346=DIRECTION('',(-0.992277876713669,0.,0.124034734589201));
#14347=DIRECTION('center_axis',(-0.891454632207364,0.,0.453109963161299));
#14348=DIRECTION('ref_axis',(0.,1.,0.));
#14349=DIRECTION('',(0.,1.,0.));
#14350=DIRECTION('',(0.453109963161299,0.,0.891454632207364));
#14351=DIRECTION('',(0.,-1.,0.));
#14352=DIRECTION('center_axis',(-0.309420281031373,0.,0.950925385972247));
#14353=DIRECTION('ref_axis',(0.,1.,0.));
#14354=DIRECTION('',(0.950925385972247,0.,0.309420281031373));
#14355=DIRECTION('',(0.,-1.,0.));
#14356=DIRECTION('center_axis',(0.395246582309392,0.,0.918575059084855));
#14357=DIRECTION('ref_axis',(0.,1.,0.));
#14358=DIRECTION('',(0.918575059084855,0.,-0.395246582309392));
#14359=DIRECTION('',(0.,-1.,0.));
#14360=DIRECTION('center_axis',(0.963765433233494,0.,0.266751175638002));
#14361=DIRECTION('ref_axis',(0.,1.,0.));
#14362=DIRECTION('',(0.266751175638002,0.,-0.963765433233494));
#14363=DIRECTION('',(0.,-1.,0.));
#14364=DIRECTION('center_axis',(0.961546622351116,0.,-0.274641754009036));
#14365=DIRECTION('ref_axis',(0.,1.,0.));
#14366=DIRECTION('',(-0.274641754009036,0.,-0.961546622351116));
#14367=DIRECTION('',(0.,-1.,0.));
#14368=DIRECTION('center_axis',(-0.203907095308044,0.,-0.978990243303291));
#14369=DIRECTION('ref_axis',(0.,1.,0.));
#14370=DIRECTION('',(-0.978990243303291,0.,0.203907095308044));
#14371=DIRECTION('',(0.,-1.,0.));
#14372=DIRECTION('center_axis',(0.124034734589201,0.,-0.992277876713669));
#14373=DIRECTION('ref_axis',(0.,1.,0.));
#14374=DIRECTION('',(-0.992277876713669,0.,-0.124034734589201));
#14375=DIRECTION('',(0.,-1.,0.));
#14376=DIRECTION('center_axis',(0.877777427775919,0.,0.479068666567844));
#14377=DIRECTION('ref_axis',(0.,1.,0.));
#14378=DIRECTION('',(0.479068666567844,0.,-0.877777427775919));
#14379=DIRECTION('',(0.,-1.,0.));
#14380=DIRECTION('center_axis',(0.305751842828441,0.,0.952111238567749));
#14381=DIRECTION('ref_axis',(0.,1.,0.));
#14382=DIRECTION('',(0.952111238567748,0.,-0.305751842828441));
#14383=DIRECTION('',(0.,-1.,0.));
#14384=DIRECTION('center_axis',(-0.252817710426144,0.,0.967513930284666));
#14385=DIRECTION('ref_axis',(0.,1.,0.));
#14386=DIRECTION('',(0.967513930284666,0.,0.252817710426144));
#14387=DIRECTION('',(0.,-1.,0.));
#14388=DIRECTION('center_axis',(-0.753387404722579,0.,0.657576929648066));
#14389=DIRECTION('ref_axis',(0.,1.,0.));
#14390=DIRECTION('',(0.657576929648066,0.,0.753387404722579));
#14391=DIRECTION('',(0.,-1.,0.));
#14392=DIRECTION('center_axis',(-0.983488410843479,0.,0.180971118514995));
#14393=DIRECTION('ref_axis',(0.,1.,0.));
#14394=DIRECTION('',(0.180971118514995,0.,0.983488410843479));
#14395=DIRECTION('',(0.,-1.,0.));
#14396=DIRECTION('center_axis',(-0.953126156745649,0.,-0.302573180118906));
#14397=DIRECTION('ref_axis',(0.,1.,0.));
#14398=DIRECTION('',(-0.302573180118906,0.,0.953126156745649));
#14399=DIRECTION('',(0.,-1.,0.));
#14400=DIRECTION('center_axis',(-0.383094256348994,0.,-0.92370925661293));
#14401=DIRECTION('ref_axis',(0.,1.,0.));
#14402=DIRECTION('',(-0.92370925661293,0.,0.383094256348994));
#14403=DIRECTION('',(0.,-1.,0.));
#14404=DIRECTION('center_axis',(0.334792168222487,0.,-0.942291995135736));
#14405=DIRECTION('ref_axis',(0.,1.,0.));
#14406=DIRECTION('',(-0.942291995135736,0.,-0.334792168222487));
#14407=DIRECTION('',(0.,-1.,0.));
#14408=DIRECTION('center_axis',(0.889365348865165,0.,-0.457197196227124));
#14409=DIRECTION('ref_axis',(0.,1.,0.));
#14410=DIRECTION('',(-0.457197196227124,0.,-0.889365348865165));
#14411=DIRECTION('',(0.,-1.,0.));
#14412=DIRECTION('center_axis',(0.124034734589201,0.,0.992277876713669));
#14413=DIRECTION('ref_axis',(0.,1.,0.));
#14414=DIRECTION('',(0.992277876713669,0.,-0.124034734589201));
#14415=DIRECTION('center_axis',(0.,1.,0.));
#14416=DIRECTION('ref_axis',(0.453109963161299,0.,0.891454632207364));
#14417=DIRECTION('center_axis',(0.,-1.,0.));
#14418=DIRECTION('ref_axis',(1.,0.,0.));
#14419=DIRECTION('',(1.,0.,0.));
#14420=DIRECTION('',(0.,0.,1.));
#14421=DIRECTION('',(-1.,0.,0.));
#14422=DIRECTION('',(0.,0.,-1.));
#14423=DIRECTION('center_axis',(0.,0.,-1.));
#14424=DIRECTION('ref_axis',(0.,1.,0.));
#14425=DIRECTION('',(0.,1.,0.));
#14426=DIRECTION('',(-1.,0.,0.));
#14427=DIRECTION('',(0.,-1.,0.));
#14428=DIRECTION('center_axis',(1.,0.,0.));
#14429=DIRECTION('ref_axis',(0.,1.,0.));
#14430=DIRECTION('',(0.,0.,-1.));
#14431=DIRECTION('',(0.,-1.,0.));
#14432=DIRECTION('center_axis',(0.,0.,1.));
#14433=DIRECTION('ref_axis',(0.,1.,0.));
#14434=DIRECTION('',(1.,0.,0.));
#14435=DIRECTION('',(0.,-1.,0.));
#14436=DIRECTION('center_axis',(-1.,0.,0.));
#14437=DIRECTION('ref_axis',(0.,1.,0.));
#14438=DIRECTION('',(0.,0.,1.));
#14439=DIRECTION('center_axis',(0.,1.,0.));
#14440=DIRECTION('ref_axis',(-1.,0.,0.));
#14441=DIRECTION('center_axis',(0.,-1.,0.));
#14442=DIRECTION('ref_axis',(1.,0.,0.));
#14443=DIRECTION('',(1.,0.,0.));
#14444=DIRECTION('',(0.,0.,1.));
#14445=DIRECTION('',(-1.,0.,0.));
#14446=DIRECTION('',(0.,0.,-1.));
#14447=DIRECTION('center_axis',(0.,0.,-1.));
#14448=DIRECTION('ref_axis',(0.,1.,0.));
#14449=DIRECTION('',(0.,1.,0.));
#14450=DIRECTION('',(-1.,0.,0.));
#14451=DIRECTION('',(0.,-1.,0.));
#14452=DIRECTION('center_axis',(1.,0.,0.));
#14453=DIRECTION('ref_axis',(0.,1.,0.));
#14454=DIRECTION('',(0.,0.,-1.));
#14455=DIRECTION('',(0.,-1.,0.));
#14456=DIRECTION('center_axis',(0.,0.,1.));
#14457=DIRECTION('ref_axis',(0.,1.,0.));
#14458=DIRECTION('',(1.,0.,0.));
#14459=DIRECTION('',(0.,-1.,0.));
#14460=DIRECTION('center_axis',(-1.,0.,0.));
#14461=DIRECTION('ref_axis',(0.,1.,0.));
#14462=DIRECTION('',(0.,0.,1.));
#14463=DIRECTION('center_axis',(0.,1.,0.));
#14464=DIRECTION('ref_axis',(-1.,0.,0.));
#14465=DIRECTION('center_axis',(0.,-1.,0.));
#14466=DIRECTION('ref_axis',(1.,0.,0.));
#14467=DIRECTION('',(1.,0.,0.));
#14468=DIRECTION('',(0.,0.,1.));
#14469=DIRECTION('',(0.78086880944303,0.,0.624695047554424));
#14470=DIRECTION('',(0.232371591509587,0.,-0.972627083449408));
#14471=DIRECTION('',(0.,0.,-1.));
#14472=DIRECTION('',(1.,0.,0.));
#14473=DIRECTION('',(0.,0.,1.));
#14474=DIRECTION('',(0.291885648764901,0.,0.956453223134876));
#14475=DIRECTION('',(0.892573777665339,0.,-0.450901376604936));
#14476=DIRECTION('',(0.,0.,-1.));
#14477=DIRECTION('',(1.,0.,0.));
#14478=DIRECTION('',(0.,0.,1.));
#14479=DIRECTION('',(-0.293953716770732,0.,0.955819654744906));
#14480=DIRECTION('',(-0.937959833582791,0.,0.346743926529857));
#14481=DIRECTION('',(-0.835305415609028,0.,-0.549786197220546));
#14482=DIRECTION('',(-0.540902998433849,0.,0.841084981607252));
#14483=DIRECTION('',(-0.95648174010578,0.,0.291792187771057));
#14484=DIRECTION('',(-0.956129069523843,0.,-0.292945732878071));
#14485=DIRECTION('',(-0.655532981106509,0.,-0.755166544996276));
#14486=DIRECTION('',(0.,0.,1.));
#14487=DIRECTION('',(-1.,0.,0.));
#14488=DIRECTION('',(0.,0.,-1.));
#14489=DIRECTION('center_axis',(0.,0.,-1.));
#14490=DIRECTION('ref_axis',(0.,1.,0.));
#14491=DIRECTION('',(0.,-1.,0.));
#14492=DIRECTION('',(-1.,0.,0.));
#14493=DIRECTION('',(0.,-1.,0.));
#14494=DIRECTION('center_axis',(1.,0.,0.));
#14495=DIRECTION('ref_axis',(0.,1.,0.));
#14496=DIRECTION('',(0.,0.,-1.));
#14497=DIRECTION('',(0.,-1.,0.));
#14498=DIRECTION('center_axis',(0.624695047554424,0.,-0.78086880944303));
#14499=DIRECTION('ref_axis',(0.,1.,0.));
#14500=DIRECTION('',(-0.78086880944303,0.,-0.624695047554424));
#14501=DIRECTION('',(0.,-1.,0.));
#14502=DIRECTION('center_axis',(-0.972627083449408,0.,-0.232371591509587));
#14503=DIRECTION('ref_axis',(0.,1.,0.));
#14504=DIRECTION('',(-0.232371591509587,0.,0.972627083449408));
#14505=DIRECTION('',(0.,-1.,0.));
#14506=DIRECTION('center_axis',(-1.,0.,0.));
#14507=DIRECTION('ref_axis',(0.,1.,0.));
#14508=DIRECTION('',(0.,0.,1.));
#14509=DIRECTION('',(0.,-1.,0.));
#14510=DIRECTION('center_axis',(0.,0.,-1.));
#14511=DIRECTION('ref_axis',(0.,1.,0.));
#14512=DIRECTION('',(-1.,0.,0.));
#14513=DIRECTION('',(0.,-1.,0.));
#14514=DIRECTION('center_axis',(1.,0.,0.));
#14515=DIRECTION('ref_axis',(0.,1.,0.));
#14516=DIRECTION('',(0.,0.,-1.));
#14517=DIRECTION('',(0.,-1.,0.));
#14518=DIRECTION('center_axis',(0.956453223134876,0.,-0.291885648764901));
#14519=DIRECTION('ref_axis',(0.,1.,0.));
#14520=DIRECTION('',(-0.291885648764901,0.,-0.956453223134876));
#14521=DIRECTION('',(0.,-1.,0.));
#14522=DIRECTION('center_axis',(-0.450901376604936,0.,-0.892573777665339));
#14523=DIRECTION('ref_axis',(0.,1.,0.));
#14524=DIRECTION('',(-0.892573777665339,0.,0.450901376604936));
#14525=DIRECTION('',(0.,-1.,0.));
#14526=DIRECTION('center_axis',(-1.,0.,0.));
#14527=DIRECTION('ref_axis',(0.,1.,0.));
#14528=DIRECTION('',(0.,0.,1.));
#14529=DIRECTION('',(0.,-1.,0.));
#14530=DIRECTION('center_axis',(0.,0.,-1.));
#14531=DIRECTION('ref_axis',(0.,1.,0.));
#14532=DIRECTION('',(-1.,0.,0.));
#14533=DIRECTION('',(0.,-1.,0.));
#14534=DIRECTION('center_axis',(1.,0.,0.));
#14535=DIRECTION('ref_axis',(0.,1.,0.));
#14536=DIRECTION('',(0.,0.,-1.));
#14537=DIRECTION('',(0.,-1.,0.));
#14538=DIRECTION('center_axis',(0.955819654744907,0.,0.293953716770732));
#14539=DIRECTION('ref_axis',(0.,1.,0.));
#14540=DIRECTION('',(0.293953716770732,0.,-0.955819654744906));
#14541=DIRECTION('',(0.,-1.,0.));
#14542=DIRECTION('center_axis',(0.346743926529857,0.,0.937959833582791));
#14543=DIRECTION('ref_axis',(0.,1.,0.));
#14544=DIRECTION('',(0.937959833582791,0.,-0.346743926529857));
#14545=DIRECTION('',(0.,-1.,0.));
#14546=DIRECTION('center_axis',(-0.549786197220546,0.,0.835305415609028));
#14547=DIRECTION('ref_axis',(0.,1.,0.));
#14548=DIRECTION('',(0.835305415609028,0.,0.549786197220546));
#14549=DIRECTION('',(0.,-1.,0.));
#14550=DIRECTION('center_axis',(0.841084981607252,0.,0.540902998433849));
#14551=DIRECTION('ref_axis',(0.,1.,0.));
#14552=DIRECTION('',(0.540902998433849,0.,-0.841084981607252));
#14553=DIRECTION('',(0.,-1.,0.));
#14554=DIRECTION('center_axis',(0.291792187771057,0.,0.95648174010578));
#14555=DIRECTION('ref_axis',(0.,1.,0.));
#14556=DIRECTION('',(0.95648174010578,0.,-0.291792187771057));
#14557=DIRECTION('',(0.,-1.,0.));
#14558=DIRECTION('center_axis',(-0.292945732878071,0.,0.956129069523843));
#14559=DIRECTION('ref_axis',(0.,1.,0.));
#14560=DIRECTION('',(0.956129069523843,0.,0.292945732878071));
#14561=DIRECTION('',(0.,-1.,0.));
#14562=DIRECTION('center_axis',(-0.755166544996276,0.,0.655532981106509));
#14563=DIRECTION('ref_axis',(0.,1.,0.));
#14564=DIRECTION('',(0.655532981106509,0.,0.755166544996276));
#14565=DIRECTION('',(0.,-1.,0.));
#14566=DIRECTION('center_axis',(1.,0.,0.));
#14567=DIRECTION('ref_axis',(0.,1.,0.));
#14568=DIRECTION('',(0.,0.,-1.));
#14569=DIRECTION('',(0.,1.,0.));
#14570=DIRECTION('center_axis',(0.,0.,1.));
#14571=DIRECTION('ref_axis',(0.,1.,0.));
#14572=DIRECTION('',(1.,0.,0.));
#14573=DIRECTION('',(0.,1.,0.));
#14574=DIRECTION('center_axis',(-1.,0.,0.));
#14575=DIRECTION('ref_axis',(0.,1.,0.));
#14576=DIRECTION('',(0.,0.,1.));
#14577=DIRECTION('center_axis',(0.,1.,0.));
#14578=DIRECTION('ref_axis',(-1.,0.,0.));
#14579=DIRECTION('center_axis',(0.,-1.,0.));
#14580=DIRECTION('ref_axis',(-0.695421427516059,0.,-0.718602141766588));
#14581=DIRECTION('',(-0.695421427516059,0.,-0.718602141766588));
#14582=DIRECTION('',(-0.978029924492736,0.,-0.208464545658808));
#14583=DIRECTION('',(-0.943780243521649,0.,0.3305735197172));
#14584=DIRECTION('',(-0.404926158272046,0.,0.914349389646563));
#14585=DIRECTION('',(0.998211056528806,0.,0.0597886830733408));
#14586=DIRECTION('',(-0.314406297626697,0.,0.949288512525393));
#14587=DIRECTION('',(-0.9230359751832,0.,0.384713644828981));
#14588=DIRECTION('',(-0.926603757762978,0.,-0.37603919489799));
#14589=DIRECTION('',(-0.320095304530525,0.,-0.947385347162131));
#14590=DIRECTION('',(0.326553995162929,0.,-0.945178548340539));
#14591=DIRECTION('',(0.934327514224253,0.,-0.356415622782628));
#14592=DIRECTION('',(0.965738270038282,0.,0.259518002811879));
#14593=DIRECTION('',(0.579077712346594,0.,0.815272349011933));
#14594=DIRECTION('',(-0.991970890479932,0.,0.126466408348032));
#14595=DIRECTION('',(0.482738504623786,0.,0.875764543786508));
#14596=DIRECTION('',(0.956839137870304,0.,0.290618072802799));
#14597=DIRECTION('',(0.942057719731643,0.,-0.335450820082492));
#14598=DIRECTION('',(0.404125491501331,0.,-0.914703551495679));
#14599=DIRECTION('',(-1.,0.,0.));
#14600=DIRECTION('center_axis',(-0.718602141766588,0.,0.695421427516059));
#14601=DIRECTION('ref_axis',(0.,1.,0.));
#14602=DIRECTION('',(0.,1.,0.));
#14603=DIRECTION('',(0.695421427516059,0.,0.718602141766588));
#14604=DIRECTION('',(0.,-1.,0.));
#14605=DIRECTION('center_axis',(-0.208464545658808,0.,0.978029924492736));
#14606=DIRECTION('ref_axis',(0.,1.,0.));
#14607=DIRECTION('',(0.978029924492736,0.,0.208464545658808));
#14608=DIRECTION('',(0.,-1.,0.));
#14609=DIRECTION('center_axis',(0.3305735197172,0.,0.943780243521649));
#14610=DIRECTION('ref_axis',(0.,1.,0.));
#14611=DIRECTION('',(0.943780243521649,0.,-0.3305735197172));
#14612=DIRECTION('',(0.,-1.,0.));
#14613=DIRECTION('center_axis',(0.914349389646563,0.,0.404926158272046));
#14614=DIRECTION('ref_axis',(0.,1.,0.));
#14615=DIRECTION('',(0.404926158272046,0.,-0.914349389646563));
#14616=DIRECTION('',(0.,-1.,0.));
#14617=DIRECTION('center_axis',(0.0597886830733408,0.,-0.998211056528806));
#14618=DIRECTION('ref_axis',(0.,1.,0.));
#14619=DIRECTION('',(-0.998211056528806,0.,-0.0597886830733408));
#14620=DIRECTION('',(0.,-1.,0.));
#14621=DIRECTION('center_axis',(0.949288512525393,0.,0.314406297626697));
#14622=DIRECTION('ref_axis',(0.,1.,0.));
#14623=DIRECTION('',(0.314406297626697,0.,-0.949288512525393));
#14624=DIRECTION('',(0.,-1.,0.));
#14625=DIRECTION('center_axis',(0.384713644828981,0.,0.9230359751832));
#14626=DIRECTION('ref_axis',(0.,1.,0.));
#14627=DIRECTION('',(0.9230359751832,0.,-0.384713644828981));
#14628=DIRECTION('',(0.,-1.,0.));
#14629=DIRECTION('center_axis',(-0.37603919489799,0.,0.926603757762978));
#14630=DIRECTION('ref_axis',(0.,1.,0.));
#14631=DIRECTION('',(0.926603757762978,0.,0.37603919489799));
#14632=DIRECTION('',(0.,-1.,0.));
#14633=DIRECTION('center_axis',(-0.947385347162131,0.,0.320095304530525));
#14634=DIRECTION('ref_axis',(0.,1.,0.));
#14635=DIRECTION('',(0.320095304530525,0.,0.947385347162131));
#14636=DIRECTION('',(0.,-1.,0.));
#14637=DIRECTION('center_axis',(-0.945178548340539,0.,-0.32655399516293));
#14638=DIRECTION('ref_axis',(0.,1.,0.));
#14639=DIRECTION('',(-0.326553995162929,0.,0.945178548340539));
#14640=DIRECTION('',(0.,-1.,0.));
#14641=DIRECTION('center_axis',(-0.356415622782628,0.,-0.934327514224253));
#14642=DIRECTION('ref_axis',(0.,1.,0.));
#14643=DIRECTION('',(-0.934327514224253,0.,0.356415622782628));
#14644=DIRECTION('',(0.,-1.,0.));
#14645=DIRECTION('center_axis',(0.259518002811879,0.,-0.965738270038282));
#14646=DIRECTION('ref_axis',(0.,1.,0.));
#14647=DIRECTION('',(-0.965738270038282,0.,-0.259518002811879));
#14648=DIRECTION('',(0.,-1.,0.));
#14649=DIRECTION('center_axis',(0.815272349011933,0.,-0.579077712346594));
#14650=DIRECTION('ref_axis',(0.,1.,0.));
#14651=DIRECTION('',(-0.579077712346594,0.,-0.815272349011933));
#14652=DIRECTION('',(0.,-1.,0.));
#14653=DIRECTION('center_axis',(0.126466408348032,0.,0.991970890479932));
#14654=DIRECTION('ref_axis',(0.,1.,0.));
#14655=DIRECTION('',(0.991970890479932,0.,-0.126466408348032));
#14656=DIRECTION('center_axis',(0.875764543786508,0.,-0.482738504623786));
#14657=DIRECTION('ref_axis',(0.,1.,0.));
#14658=DIRECTION('',(0.,1.,0.));
#14659=DIRECTION('',(-0.482738504623786,0.,-0.875764543786508));
#14660=DIRECTION('',(0.,-1.,0.));
#14661=DIRECTION('center_axis',(0.290618072802799,0.,-0.956839137870304));
#14662=DIRECTION('ref_axis',(0.,1.,0.));
#14663=DIRECTION('',(-0.956839137870304,0.,-0.290618072802799));
#14664=DIRECTION('',(0.,-1.,0.));
#14665=DIRECTION('center_axis',(-0.335450820082492,0.,-0.942057719731643));
#14666=DIRECTION('ref_axis',(0.,1.,0.));
#14667=DIRECTION('',(-0.942057719731643,0.,0.335450820082492));
#14668=DIRECTION('',(0.,-1.,0.));
#14669=DIRECTION('center_axis',(-0.914703551495679,0.,-0.404125491501331));
#14670=DIRECTION('ref_axis',(0.,1.,0.));
#14671=DIRECTION('',(-0.404125491501331,0.,0.914703551495679));
#14672=DIRECTION('',(0.,-1.,0.));
#14673=DIRECTION('center_axis',(0.,0.,1.));
#14674=DIRECTION('ref_axis',(0.,1.,0.));
#14675=DIRECTION('',(1.,0.,0.));
#14676=DIRECTION('center_axis',(0.,1.,0.));
#14677=DIRECTION('ref_axis',(0.695421427516059,0.,0.718602141766588));
#14678=DIRECTION('center_axis',(0.,-1.,0.));
#14679=DIRECTION('ref_axis',(1.,0.,0.));
#14680=DIRECTION('',(1.,0.,0.));
#14681=DIRECTION('',(0.,0.,1.));
#14682=DIRECTION('',(-1.,0.,0.));
#14683=DIRECTION('',(0.,0.,-1.));
#14684=DIRECTION('',(-0.68087720714348,0.,0.732397589286376));
#14685=DIRECTION('',(-0.958992608875134,0.,0.283431078258655));
#14686=DIRECTION('',(-0.958249000638977,0.,-0.285935049922883));
#14687=DIRECTION('',(-0.616270409227845,0.,-0.787534623181829));
#14688=DIRECTION('',(-0.176919045511752,0.,-0.984225406771848));
#14689=DIRECTION('',(0.191595295796423,0.,-0.981474015259029));
#14690=DIRECTION('',(0.629824883130276,0.,-0.77673716055686));
#14691=DIRECTION('',(0.954533541760865,0.,-0.298103535124054));
#14692=DIRECTION('',(0.827765019239921,0.,0.561074926300162));
#14693=DIRECTION('',(0.,0.,-1.));
#14694=DIRECTION('',(0.259908744632363,0.,0.965633183182739));
#14695=DIRECTION('',(0.904266639929975,0.,0.426968200115363));
#14696=DIRECTION('',(0.902559971292184,0.,-0.430564162722645));
#14697=DIRECTION('',(0.261888820938045,0.,-0.965098049665256));
#14698=DIRECTION('',(-0.277951431795447,0.,-0.960595128846103));
#14699=DIRECTION('',(-0.906698650638387,0.,-0.421779038040688));
#14700=DIRECTION('',(-0.900941832806392,0.,0.433939873599396));
#14701=DIRECTION('',(-0.279837181612886,0.,0.96004747371521));
#14702=DIRECTION('center_axis',(0.,0.,-1.));
#14703=DIRECTION('ref_axis',(0.,1.,0.));
#14704=DIRECTION('',(0.,1.,0.));
#14705=DIRECTION('',(-1.,0.,0.));
#14706=DIRECTION('',(0.,-1.,0.));
#14707=DIRECTION('center_axis',(1.,0.,0.));
#14708=DIRECTION('ref_axis',(0.,1.,0.));
#14709=DIRECTION('',(0.,0.,-1.));
#14710=DIRECTION('',(0.,-1.,0.));
#14711=DIRECTION('center_axis',(0.,0.,1.));
#14712=DIRECTION('ref_axis',(0.,1.,0.));
#14713=DIRECTION('',(1.,0.,0.));
#14714=DIRECTION('',(0.,-1.,0.));
#14715=DIRECTION('center_axis',(-1.,0.,0.));
#14716=DIRECTION('ref_axis',(0.,1.,0.));
#14717=DIRECTION('',(0.,0.,1.));
#14718=DIRECTION('',(0.,-1.,0.));
#14719=DIRECTION('center_axis',(0.732397589286376,0.,0.68087720714348));
#14720=DIRECTION('ref_axis',(0.,1.,0.));
#14721=DIRECTION('',(0.68087720714348,0.,-0.732397589286376));
#14722=DIRECTION('',(0.,-1.,0.));
#14723=DIRECTION('center_axis',(0.283431078258655,0.,0.958992608875134));
#14724=DIRECTION('ref_axis',(0.,1.,0.));
#14725=DIRECTION('',(0.958992608875134,0.,-0.283431078258655));
#14726=DIRECTION('',(0.,-1.,0.));
#14727=DIRECTION('center_axis',(-0.285935049922883,0.,0.958249000638977));
#14728=DIRECTION('ref_axis',(0.,1.,0.));
#14729=DIRECTION('',(0.958249000638977,0.,0.285935049922883));
#14730=DIRECTION('',(0.,-1.,0.));
#14731=DIRECTION('center_axis',(-0.787534623181829,0.,0.616270409227845));
#14732=DIRECTION('ref_axis',(0.,1.,0.));
#14733=DIRECTION('',(0.616270409227845,0.,0.787534623181829));
#14734=DIRECTION('',(0.,-1.,0.));
#14735=DIRECTION('center_axis',(-0.984225406771849,0.,0.176919045511752));
#14736=DIRECTION('ref_axis',(0.,1.,0.));
#14737=DIRECTION('',(0.176919045511752,0.,0.984225406771848));
#14738=DIRECTION('',(0.,-1.,0.));
#14739=DIRECTION('center_axis',(-0.981474015259029,0.,-0.191595295796423));
#14740=DIRECTION('ref_axis',(0.,1.,0.));
#14741=DIRECTION('',(-0.191595295796423,0.,0.981474015259029));
#14742=DIRECTION('',(0.,-1.,0.));
#14743=DIRECTION('center_axis',(-0.776737160556861,0.,-0.629824883130276));
#14744=DIRECTION('ref_axis',(0.,1.,0.));
#14745=DIRECTION('',(-0.629824883130276,0.,0.77673716055686));
#14746=DIRECTION('',(0.,-1.,0.));
#14747=DIRECTION('center_axis',(-0.298103535124054,0.,-0.954533541760865));
#14748=DIRECTION('ref_axis',(0.,1.,0.));
#14749=DIRECTION('',(-0.954533541760865,0.,0.298103535124054));
#14750=DIRECTION('',(0.,-1.,0.));
#14751=DIRECTION('center_axis',(0.561074926300162,0.,-0.827765019239921));
#14752=DIRECTION('ref_axis',(0.,1.,0.));
#14753=DIRECTION('',(-0.827765019239921,0.,-0.561074926300162));
#14754=DIRECTION('',(0.,-1.,0.));
#14755=DIRECTION('center_axis',(-1.,0.,0.));
#14756=DIRECTION('ref_axis',(0.,1.,0.));
#14757=DIRECTION('',(0.,0.,1.));
#14758=DIRECTION('center_axis',(0.965633183182739,0.,-0.259908744632363));
#14759=DIRECTION('ref_axis',(0.,1.,0.));
#14760=DIRECTION('',(0.,-1.,0.));
#14761=DIRECTION('',(-0.259908744632363,0.,-0.965633183182739));
#14762=DIRECTION('',(0.,-1.,0.));
#14763=DIRECTION('center_axis',(0.426968200115363,0.,-0.904266639929975));
#14764=DIRECTION('ref_axis',(0.,1.,0.));
#14765=DIRECTION('',(-0.904266639929975,0.,-0.426968200115363));
#14766=DIRECTION('',(0.,-1.,0.));
#14767=DIRECTION('center_axis',(-0.430564162722645,0.,-0.902559971292184));
#14768=DIRECTION('ref_axis',(0.,1.,0.));
#14769=DIRECTION('',(-0.902559971292184,0.,0.430564162722645));
#14770=DIRECTION('',(0.,-1.,0.));
#14771=DIRECTION('center_axis',(-0.965098049665256,0.,-0.261888820938045));
#14772=DIRECTION('ref_axis',(0.,1.,0.));
#14773=DIRECTION('',(-0.261888820938045,0.,0.965098049665256));
#14774=DIRECTION('',(0.,-1.,0.));
#14775=DIRECTION('center_axis',(-0.960595128846103,0.,0.277951431795447));
#14776=DIRECTION('ref_axis',(0.,1.,0.));
#14777=DIRECTION('',(0.277951431795447,0.,0.960595128846103));
#14778=DIRECTION('',(0.,-1.,0.));
#14779=DIRECTION('center_axis',(-0.421779038040688,0.,0.906698650638387));
#14780=DIRECTION('ref_axis',(0.,1.,0.));
#14781=DIRECTION('',(0.906698650638387,0.,0.421779038040688));
#14782=DIRECTION('',(0.,1.,0.));
#14783=DIRECTION('center_axis',(0.433939873599396,0.,0.900941832806392));
#14784=DIRECTION('ref_axis',(0.,1.,0.));
#14785=DIRECTION('',(0.900941832806392,0.,-0.433939873599396));
#14786=DIRECTION('',(0.,1.,0.));
#14787=DIRECTION('center_axis',(0.96004747371521,0.,0.279837181612886));
#14788=DIRECTION('ref_axis',(0.,1.,0.));
#14789=DIRECTION('',(0.279837181612886,0.,-0.96004747371521));
#14790=DIRECTION('center_axis',(0.,1.,0.));
#14791=DIRECTION('ref_axis',(-1.,0.,0.));
#14792=DIRECTION('center_axis',(0.,-1.,0.));
#14793=DIRECTION('ref_axis',(0.893293580593992,0.,0.449473668716606));
#14794=DIRECTION('',(0.893293580593992,0.,0.449473668716606));
#14795=DIRECTION('',(-0.0292174256066782,0.,0.999573079890069));
#14796=DIRECTION('',(-0.305285334845017,0.,0.952260922399195));
#14797=DIRECTION('',(-0.98941644050965,0.,0.145103780961125));
#14798=DIRECTION('',(-0.988573841364043,0.,-0.150737388098439));
#14799=DIRECTION('',(-0.835779190622327,0.,-0.549065701462665));
#14800=DIRECTION('',(-0.405035353595705,0.,-0.914301023918054));
#14801=DIRECTION('',(0.93597395294532,0.,0.352069253709994));
#14802=DIRECTION('',(0.982396618104621,0.,0.186807078925303));
#14803=DIRECTION('',(0.739940073395942,0.,-0.672672793996314));
#14804=DIRECTION('',(-0.877074757126689,0.,-0.480353901213637));
#14805=DIRECTION('',(0.385564685443146,0.,-0.922680807939088));
#14806=DIRECTION('',(0.950520737040861,0.,-0.310661115132388));
#14807=DIRECTION('',(0.983465796120544,0.,0.181093975220007));
#14808=DIRECTION('',(0.963825219760388,0.,0.266535074153178));
#14809=DIRECTION('',(-0.802113387598679,0.,-0.597171762087736));
#14810=DIRECTION('',(0.135718821291497,0.,0.99074739542794));
#14811=DIRECTION('',(0.920585845735084,0.,-0.390540267619383));
#14812=DIRECTION('center_axis',(0.449473668716606,0.,-0.893293580593992));
#14813=DIRECTION('ref_axis',(0.,1.,0.));
#14814=DIRECTION('',(0.,-1.,0.));
#14815=DIRECTION('',(-0.893293580593992,0.,-0.449473668716606));
#14816=DIRECTION('',(0.,-1.,0.));
#14817=DIRECTION('center_axis',(0.999573079890069,0.,0.0292174256066782));
#14818=DIRECTION('ref_axis',(0.,1.,0.));
#14819=DIRECTION('',(0.0292174256066782,0.,-0.999573079890069));
#14820=DIRECTION('',(0.,-1.,0.));
#14821=DIRECTION('center_axis',(0.952260922399195,0.,0.305285334845017));
#14822=DIRECTION('ref_axis',(0.,1.,0.));
#14823=DIRECTION('',(0.305285334845017,0.,-0.952260922399195));
#14824=DIRECTION('',(0.,-1.,0.));
#14825=DIRECTION('center_axis',(0.145103780961125,0.,0.98941644050965));
#14826=DIRECTION('ref_axis',(0.,1.,0.));
#14827=DIRECTION('',(0.98941644050965,0.,-0.145103780961125));
#14828=DIRECTION('',(0.,-1.,0.));
#14829=DIRECTION('center_axis',(-0.150737388098439,0.,0.988573841364043));
#14830=DIRECTION('ref_axis',(0.,1.,0.));
#14831=DIRECTION('',(0.988573841364043,0.,0.150737388098439));
#14832=DIRECTION('',(0.,-1.,0.));
#14833=DIRECTION('center_axis',(-0.549065701462665,0.,0.835779190622327));
#14834=DIRECTION('ref_axis',(0.,1.,0.));
#14835=DIRECTION('',(0.835779190622327,0.,0.549065701462665));
#14836=DIRECTION('',(0.,-1.,0.));
#14837=DIRECTION('center_axis',(-0.914301023918054,0.,0.405035353595705));
#14838=DIRECTION('ref_axis',(0.,1.,0.));
#14839=DIRECTION('',(0.405035353595705,0.,0.914301023918054));
#14840=DIRECTION('',(0.,1.,0.));
#14841=DIRECTION('center_axis',(0.352069253709994,0.,-0.93597395294532));
#14842=DIRECTION('ref_axis',(0.,1.,0.));
#14843=DIRECTION('',(-0.93597395294532,0.,-0.352069253709994));
#14844=DIRECTION('',(0.,-1.,0.));
#14845=DIRECTION('center_axis',(0.186807078925303,0.,-0.982396618104621));
#14846=DIRECTION('ref_axis',(0.,1.,0.));
#14847=DIRECTION('',(-0.982396618104621,0.,-0.186807078925303));
#14848=DIRECTION('',(0.,-1.,0.));
#14849=DIRECTION('center_axis',(-0.672672793996315,0.,-0.739940073395942));
#14850=DIRECTION('ref_axis',(0.,1.,0.));
#14851=DIRECTION('',(-0.739940073395942,0.,0.672672793996314));
#14852=DIRECTION('',(0.,-1.,0.));
#14853=DIRECTION('center_axis',(-0.480353901213637,0.,0.877074757126688));
#14854=DIRECTION('ref_axis',(0.,1.,0.));
#14855=DIRECTION('',(0.877074757126689,0.,0.480353901213637));
#14856=DIRECTION('',(0.,-1.,0.));
#14857=DIRECTION('center_axis',(-0.922680807939088,0.,-0.385564685443146));
#14858=DIRECTION('ref_axis',(0.,1.,0.));
#14859=DIRECTION('',(-0.385564685443146,0.,0.922680807939088));
#14860=DIRECTION('',(0.,-1.,0.));
#14861=DIRECTION('center_axis',(-0.310661115132388,0.,-0.950520737040861));
#14862=DIRECTION('ref_axis',(0.,1.,0.));
#14863=DIRECTION('',(-0.950520737040861,0.,0.310661115132388));
#14864=DIRECTION('',(0.,-1.,0.));
#14865=DIRECTION('center_axis',(0.181093975220007,0.,-0.983465796120544));
#14866=DIRECTION('ref_axis',(0.,1.,0.));
#14867=DIRECTION('',(-0.983465796120544,0.,-0.181093975220007));
#14868=DIRECTION('',(0.,-1.,0.));
#14869=DIRECTION('center_axis',(0.266535074153178,0.,-0.963825219760388));
#14870=DIRECTION('ref_axis',(0.,1.,0.));
#14871=DIRECTION('',(-0.963825219760388,0.,-0.266535074153178));
#14872=DIRECTION('center_axis',(-0.597171762087736,0.,0.802113387598679));
#14873=DIRECTION('ref_axis',(0.,1.,0.));
#14874=DIRECTION('',(0.,1.,0.));
#14875=DIRECTION('',(0.802113387598679,0.,0.597171762087736));
#14876=DIRECTION('',(0.,-1.,0.));
#14877=DIRECTION('center_axis',(0.99074739542794,0.,-0.135718821291497));
#14878=DIRECTION('ref_axis',(0.,1.,0.));
#14879=DIRECTION('',(-0.135718821291497,0.,-0.99074739542794));
#14880=DIRECTION('',(0.,-1.,0.));
#14881=DIRECTION('center_axis',(-0.390540267619383,0.,-0.920585845735084));
#14882=DIRECTION('ref_axis',(0.,1.,0.));
#14883=DIRECTION('',(-0.920585845735084,0.,0.390540267619383));
#14884=DIRECTION('center_axis',(0.,1.,0.));
#14885=DIRECTION('ref_axis',(-0.893293580593992,0.,-0.449473668716606));
#14886=DIRECTION('center_axis',(0.,-1.,0.));
#14887=DIRECTION('ref_axis',(1.,0.,0.));
#14888=DIRECTION('',(1.,0.,0.));
#14889=DIRECTION('',(0.,0.,1.));
#14890=DIRECTION('',(-1.,0.,0.));
#14891=DIRECTION('',(0.,0.,-1.));
#14892=DIRECTION('',(-0.922302223793277,0.,-0.386469414036836));
#14893=DIRECTION('',(-0.0592825260110673,0.,0.998241244444321));
#14894=DIRECTION('',(0.,0.,1.));
#14895=DIRECTION('',(-1.,0.,0.));
#14896=DIRECTION('',(0.,0.,-1.));
#14897=DIRECTION('',(0.420846928047218,0.,-0.907131668035694));
#14898=DIRECTION('',(0.978290328455063,0.,-0.207239072694519));
#14899=DIRECTION('',(0.846553980608731,0.,0.532302881746392));
#14900=DIRECTION('',(0.,0.,-1.));
#14901=DIRECTION('center_axis',(0.,0.,-1.));
#14902=DIRECTION('ref_axis',(0.,1.,0.));
#14903=DIRECTION('',(0.,-1.,0.));
#14904=DIRECTION('',(-1.,0.,0.));
#14905=DIRECTION('',(0.,1.,0.));
#14906=DIRECTION('center_axis',(1.,0.,0.));
#14907=DIRECTION('ref_axis',(0.,1.,0.));
#14908=DIRECTION('',(0.,0.,-1.));
#14909=DIRECTION('',(0.,-1.,0.));
#14910=DIRECTION('center_axis',(0.,0.,1.));
#14911=DIRECTION('ref_axis',(0.,1.,0.));
#14912=DIRECTION('',(1.,0.,0.));
#14913=DIRECTION('',(0.,-1.,0.));
#14914=DIRECTION('center_axis',(-1.,0.,0.));
#14915=DIRECTION('ref_axis',(0.,1.,0.));
#14916=DIRECTION('',(0.,0.,1.));
#14917=DIRECTION('',(0.,-1.,0.));
#14918=DIRECTION('center_axis',(-0.386469414036836,0.,0.922302223793277));
#14919=DIRECTION('ref_axis',(0.,1.,0.));
#14920=DIRECTION('',(0.922302223793277,0.,0.386469414036836));
#14921=DIRECTION('',(0.,-1.,0.));
#14922=DIRECTION('center_axis',(0.998241244444321,0.,0.0592825260110673));
#14923=DIRECTION('ref_axis',(0.,1.,0.));
#14924=DIRECTION('',(0.0592825260110673,0.,-0.998241244444321));
#14925=DIRECTION('',(0.,-1.,0.));
#14926=DIRECTION('center_axis',(1.,0.,0.));
#14927=DIRECTION('ref_axis',(0.,1.,0.));
#14928=DIRECTION('',(0.,0.,-1.));
#14929=DIRECTION('',(0.,-1.,0.));
#14930=DIRECTION('center_axis',(0.,0.,1.));
#14931=DIRECTION('ref_axis',(0.,1.,0.));
#14932=DIRECTION('',(1.,0.,0.));
#14933=DIRECTION('',(0.,-1.,0.));
#14934=DIRECTION('center_axis',(-1.,0.,0.));
#14935=DIRECTION('ref_axis',(0.,1.,0.));
#14936=DIRECTION('',(0.,0.,1.));
#14937=DIRECTION('',(0.,-1.,0.));
#14938=DIRECTION('center_axis',(-0.907131668035694,0.,-0.420846928047218));
#14939=DIRECTION('ref_axis',(0.,1.,0.));
#14940=DIRECTION('',(-0.420846928047218,0.,0.907131668035694));
#14941=DIRECTION('',(0.,-1.,0.));
#14942=DIRECTION('center_axis',(-0.207239072694519,0.,-0.978290328455063));
#14943=DIRECTION('ref_axis',(0.,1.,0.));
#14944=DIRECTION('',(-0.978290328455063,0.,0.207239072694519));
#14945=DIRECTION('',(0.,-1.,0.));
#14946=DIRECTION('center_axis',(0.532302881746392,0.,-0.846553980608731));
#14947=DIRECTION('ref_axis',(0.,1.,0.));
#14948=DIRECTION('',(-0.846553980608731,0.,-0.532302881746392));
#14949=DIRECTION('',(0.,-1.,0.));
#14950=DIRECTION('center_axis',(-1.,0.,0.));
#14951=DIRECTION('ref_axis',(0.,1.,0.));
#14952=DIRECTION('',(0.,0.,1.));
#14953=DIRECTION('center_axis',(0.,1.,0.));
#14954=DIRECTION('ref_axis',(-1.,0.,0.));
#14955=DIRECTION('center_axis',(0.,-1.,0.));
#14956=DIRECTION('ref_axis',(1.,0.,0.));
#14957=DIRECTION('',(1.,0.,0.));
#14958=DIRECTION('',(0.,0.,1.));
#14959=DIRECTION('',(-1.,0.,0.));
#14960=DIRECTION('',(0.,0.,-1.));
#14961=DIRECTION('',(-0.825017372982687,0.,0.565107365264996));
#14962=DIRECTION('',(-0.958875464309664,0.,-0.283827137435668));
#14963=DIRECTION('',(-0.624519949163643,0.,-0.781008855965565));
#14964=DIRECTION('',(-0.181872166951013,0.,-0.983322182648466));
#14965=DIRECTION('',(0.307549490042534,0.,-0.951532086255938));
#14966=DIRECTION('',(0.903850152985805,0.,-0.427849156768523));
#14967=DIRECTION('',(0.95675213613886,0.,0.290904365717891));
#14968=DIRECTION('',(0.69204409650882,0.,0.721855226819957));
#14969=DIRECTION('',(0.,0.,-1.));
#14970=DIRECTION('',(0.263627825939428,0.,0.964624470657079));
#14971=DIRECTION('',(0.900928178580764,0.,0.433968221231864));
#14972=DIRECTION('',(0.89426468609185,0.,-0.447538457798931));
#14973=DIRECTION('',(0.274489222507589,0.,-0.961590176076679));
#14974=DIRECTION('',(-0.279613921643889,0.,-0.960112521959236));
#14975=DIRECTION('',(-0.903928572518071,0.,-0.427683452784233));
#14976=DIRECTION('',(-0.90228616930672,0.,0.431137644700397));
#14977=DIRECTION('',(-0.279441312432667,0.,0.960162774172123));
#14978=DIRECTION('center_axis',(0.,0.,-1.));
#14979=DIRECTION('ref_axis',(0.,1.,0.));
#14980=DIRECTION('',(0.,-1.,0.));
#14981=DIRECTION('',(-1.,0.,0.));
#14982=DIRECTION('',(0.,1.,0.));
#14983=DIRECTION('center_axis',(1.,0.,0.));
#14984=DIRECTION('ref_axis',(0.,1.,0.));
#14985=DIRECTION('',(0.,0.,-1.));
#14986=DIRECTION('',(0.,-1.,0.));
#14987=DIRECTION('center_axis',(0.,0.,1.));
#14988=DIRECTION('ref_axis',(0.,1.,0.));
#14989=DIRECTION('',(1.,0.,0.));
#14990=DIRECTION('',(0.,-1.,0.));
#14991=DIRECTION('center_axis',(-1.,0.,0.));
#14992=DIRECTION('ref_axis',(0.,1.,0.));
#14993=DIRECTION('',(0.,0.,1.));
#14994=DIRECTION('',(0.,-1.,0.));
#14995=DIRECTION('center_axis',(0.565107365264996,0.,0.825017372982687));
#14996=DIRECTION('ref_axis',(0.,1.,0.));
#14997=DIRECTION('',(0.825017372982687,0.,-0.565107365264996));
#14998=DIRECTION('',(0.,-1.,0.));
#14999=DIRECTION('center_axis',(-0.283827137435668,0.,0.958875464309665));
#15000=DIRECTION('ref_axis',(0.,1.,0.));
#15001=DIRECTION('',(0.958875464309664,0.,0.283827137435668));
#15002=DIRECTION('',(0.,-1.,0.));
#15003=DIRECTION('center_axis',(-0.781008855965565,0.,0.624519949163643));
#15004=DIRECTION('ref_axis',(0.,1.,0.));
#15005=DIRECTION('',(0.624519949163643,0.,0.781008855965565));
#15006=DIRECTION('',(0.,-1.,0.));
#15007=DIRECTION('center_axis',(-0.983322182648466,0.,0.181872166951013));
#15008=DIRECTION('ref_axis',(0.,1.,0.));
#15009=DIRECTION('',(0.181872166951013,0.,0.983322182648466));
#15010=DIRECTION('',(0.,-1.,0.));
#15011=DIRECTION('center_axis',(-0.951532086255938,0.,-0.307549490042534));
#15012=DIRECTION('ref_axis',(0.,1.,0.));
#15013=DIRECTION('',(-0.307549490042534,0.,0.951532086255938));
#15014=DIRECTION('',(0.,-1.,0.));
#15015=DIRECTION('center_axis',(-0.427849156768523,0.,-0.903850152985805));
#15016=DIRECTION('ref_axis',(0.,1.,0.));
#15017=DIRECTION('',(-0.903850152985805,0.,0.427849156768523));
#15018=DIRECTION('',(0.,-1.,0.));
#15019=DIRECTION('center_axis',(0.290904365717891,0.,-0.95675213613886));
#15020=DIRECTION('ref_axis',(0.,1.,0.));
#15021=DIRECTION('',(-0.95675213613886,0.,-0.290904365717891));
#15022=DIRECTION('',(0.,-1.,0.));
#15023=DIRECTION('center_axis',(0.721855226819957,0.,-0.69204409650882));
#15024=DIRECTION('ref_axis',(0.,1.,0.));
#15025=DIRECTION('',(-0.69204409650882,0.,-0.721855226819957));
#15026=DIRECTION('',(0.,-1.,0.));
#15027=DIRECTION('center_axis',(-1.,0.,0.));
#15028=DIRECTION('ref_axis',(0.,1.,0.));
#15029=DIRECTION('',(0.,0.,1.));
#15030=DIRECTION('center_axis',(0.964624470657079,0.,-0.263627825939428));
#15031=DIRECTION('ref_axis',(0.,1.,0.));
#15032=DIRECTION('',(0.,1.,0.));
#15033=DIRECTION('',(-0.263627825939428,0.,-0.964624470657079));
#15034=DIRECTION('',(0.,-1.,0.));
#15035=DIRECTION('center_axis',(0.433968221231864,0.,-0.900928178580763));
#15036=DIRECTION('ref_axis',(0.,1.,0.));
#15037=DIRECTION('',(-0.900928178580764,0.,-0.433968221231864));
#15038=DIRECTION('',(0.,-1.,0.));
#15039=DIRECTION('center_axis',(-0.447538457798931,0.,-0.89426468609185));
#15040=DIRECTION('ref_axis',(0.,1.,0.));
#15041=DIRECTION('',(-0.89426468609185,0.,0.447538457798931));
#15042=DIRECTION('',(0.,-1.,0.));
#15043=DIRECTION('center_axis',(-0.96159017607668,0.,-0.274489222507589));
#15044=DIRECTION('ref_axis',(0.,1.,0.));
#15045=DIRECTION('',(-0.274489222507589,0.,0.961590176076679));
#15046=DIRECTION('',(0.,-1.,0.));
#15047=DIRECTION('center_axis',(-0.960112521959236,0.,0.279613921643889));
#15048=DIRECTION('ref_axis',(0.,1.,0.));
#15049=DIRECTION('',(0.279613921643889,0.,0.960112521959236));
#15050=DIRECTION('',(0.,-1.,0.));
#15051=DIRECTION('center_axis',(-0.427683452784233,0.,0.903928572518071));
#15052=DIRECTION('ref_axis',(0.,1.,0.));
#15053=DIRECTION('',(0.903928572518071,0.,0.427683452784233));
#15054=DIRECTION('',(0.,-1.,0.));
#15055=DIRECTION('center_axis',(0.431137644700397,0.,0.90228616930672));
#15056=DIRECTION('ref_axis',(0.,1.,0.));
#15057=DIRECTION('',(0.90228616930672,0.,-0.431137644700397));
#15058=DIRECTION('',(0.,-1.,0.));
#15059=DIRECTION('center_axis',(0.960162774172124,0.,0.279441312432667));
#15060=DIRECTION('ref_axis',(0.,1.,0.));
#15061=DIRECTION('',(0.279441312432667,0.,-0.960162774172123));
#15062=DIRECTION('center_axis',(0.,1.,0.));
#15063=DIRECTION('ref_axis',(-1.,0.,0.));
#15064=DIRECTION('center_axis',(0.,-1.,0.));
#15065=DIRECTION('ref_axis',(1.,0.,0.));
#15066=DIRECTION('',(1.,0.,0.));
#15067=DIRECTION('',(0.343392121351621,0.,0.939192126773662));
#15068=DIRECTION('',(1.,0.,0.));
#15069=DIRECTION('',(0.344039098799819,0.,-0.938955322950463));
#15070=DIRECTION('',(1.,0.,0.));
#15071=DIRECTION('',(-0.451217993386903,0.,0.892413761908621));
#15072=DIRECTION('',(-0.370725987540642,0.,-0.92874229049937));
#15073=DIRECTION('',(0.343876661906729,0.,0.939014824907405));
#15074=DIRECTION('',(0.34358153126353,0.,0.939122852120322));
#15075=DIRECTION('',(0.34337563145698,0.,-0.939198155727278));
#15076=DIRECTION('',(0.344062861239522,0.,-0.938946615902988));
#15077=DIRECTION('',(-1.,0.,0.));
#15078=DIRECTION('center_axis',(0.,0.,-1.));
#15079=DIRECTION('ref_axis',(0.,1.,0.));
#15080=DIRECTION('',(0.,1.,0.));
#15081=DIRECTION('',(-1.,0.,0.));
#15082=DIRECTION('',(0.,-1.,0.));
#15083=DIRECTION('center_axis',(0.939192126773661,0.,-0.343392121351621));
#15084=DIRECTION('ref_axis',(0.,1.,0.));
#15085=DIRECTION('',(-0.343392121351621,0.,-0.939192126773662));
#15086=DIRECTION('',(0.,-1.,0.));
#15087=DIRECTION('center_axis',(0.,0.,-1.));
#15088=DIRECTION('ref_axis',(0.,1.,0.));
#15089=DIRECTION('',(-1.,0.,0.));
#15090=DIRECTION('',(0.,-1.,0.));
#15091=DIRECTION('center_axis',(-0.938955322950463,0.,-0.344039098799819));
#15092=DIRECTION('ref_axis',(0.,1.,0.));
#15093=DIRECTION('',(-0.344039098799819,0.,0.938955322950463));
#15094=DIRECTION('',(0.,-1.,0.));
#15095=DIRECTION('center_axis',(0.,0.,-1.));
#15096=DIRECTION('ref_axis',(0.,1.,0.));
#15097=DIRECTION('',(-1.,0.,0.));
#15098=DIRECTION('',(0.,-1.,0.));
#15099=DIRECTION('center_axis',(0.892413761908621,0.,0.451217993386903));
#15100=DIRECTION('ref_axis',(0.,1.,0.));
#15101=DIRECTION('',(0.451217993386903,0.,-0.892413761908621));
#15102=DIRECTION('',(0.,-1.,0.));
#15103=DIRECTION('center_axis',(-0.92874229049937,0.,0.370725987540642));
#15104=DIRECTION('ref_axis',(0.,1.,0.));
#15105=DIRECTION('',(0.370725987540642,0.,0.92874229049937));
#15106=DIRECTION('center_axis',(0.939014824907405,0.,-0.343876661906729));
#15107=DIRECTION('ref_axis',(0.,1.,0.));
#15108=DIRECTION('',(0.,1.,0.));
#15109=DIRECTION('',(-0.343876661906729,0.,-0.939014824907405));
#15110=DIRECTION('',(0.,-1.,0.));
#15111=DIRECTION('center_axis',(0.939122852120322,0.,-0.34358153126353));
#15112=DIRECTION('ref_axis',(0.,1.,0.));
#15113=DIRECTION('',(-0.34358153126353,0.,-0.939122852120322));
#15114=DIRECTION('',(0.,-1.,0.));
#15115=DIRECTION('center_axis',(-0.939198155727278,0.,-0.343375631456981));
#15116=DIRECTION('ref_axis',(0.,1.,0.));
#15117=DIRECTION('',(-0.34337563145698,0.,0.939198155727278));
#15118=DIRECTION('',(0.,-1.,0.));
#15119=DIRECTION('center_axis',(-0.938946615902988,0.,-0.344062861239522));
#15120=DIRECTION('ref_axis',(0.,1.,0.));
#15121=DIRECTION('',(-0.344062861239522,0.,0.938946615902988));
#15122=DIRECTION('',(0.,-1.,0.));
#15123=DIRECTION('center_axis',(0.,0.,1.));
#15124=DIRECTION('ref_axis',(0.,1.,0.));
#15125=DIRECTION('',(1.,0.,0.));
#15126=DIRECTION('center_axis',(0.,1.,0.));
#15127=DIRECTION('ref_axis',(-1.,0.,0.));
#15128=DIRECTION('center_axis',(0.,-1.,0.));
#15129=DIRECTION('ref_axis',(-1.,0.,0.));
#15130=DIRECTION('',(-1.,0.,0.));
#15131=DIRECTION('',(0.,0.,-1.));
#15132=DIRECTION('',(1.,0.,0.));
#15133=DIRECTION('',(0.,0.,1.));
#15134=DIRECTION('center_axis',(0.,1.,0.));
#15135=DIRECTION('ref_axis',(1.,0.,0.));
#15136=DIRECTION('',(0.,0.,-1.));
#15137=DIRECTION('',(-1.,0.,0.));
#15138=DIRECTION('',(0.,0.,1.));
#15139=DIRECTION('',(1.,0.,0.));
#15140=DIRECTION('center_axis',(0.,0.,1.));
#15141=DIRECTION('ref_axis',(0.,1.,0.));
#15142=DIRECTION('',(0.,1.,0.));
#15143=DIRECTION('',(0.,-1.,0.));
#15144=DIRECTION('center_axis',(-1.,0.,0.));
#15145=DIRECTION('ref_axis',(0.,1.,0.));
#15146=DIRECTION('',(0.,-1.,0.));
#15147=DIRECTION('center_axis',(0.,0.,-1.));
#15148=DIRECTION('ref_axis',(0.,1.,0.));
#15149=DIRECTION('',(0.,-1.,0.));
#15150=DIRECTION('center_axis',(1.,0.,0.));
#15151=DIRECTION('ref_axis',(0.,1.,0.));
#15152=DIRECTION('center_axis',(1.,0.,0.));
#15153=DIRECTION('ref_axis',(0.,0.707106781186554,0.707106781186541));
#15154=DIRECTION('',(0.,0.707106781186554,0.707106781186541));
#15155=DIRECTION('',(0.,-0.258819045102512,0.965925826289071));
#15156=DIRECTION('',(0.,-0.965925826289065,0.258819045102531));
#15157=DIRECTION('',(0.,-0.707106781186556,-0.707106781186539));
#15158=DIRECTION('',(0.,0.258819045102508,-0.965925826289072));
#15159=DIRECTION('',(0.,0.965925826289066,-0.258819045102528));
#15160=DIRECTION('center_axis',(-1.,0.,0.));
#15161=DIRECTION('ref_axis',(0.,-0.707106781186554,-0.707106781186541));
#15162=DIRECTION('',(0.,-0.965925826289066,0.258819045102528));
#15163=DIRECTION('',(0.,-0.258819045102508,0.965925826289072));
#15164=DIRECTION('',(0.,0.707106781186556,0.707106781186539));
#15165=DIRECTION('',(0.,0.965925826289065,-0.258819045102531));
#15166=DIRECTION('',(0.,0.258819045102512,-0.965925826289071));
#15167=DIRECTION('',(0.,-0.707106781186554,-0.707106781186541));
#15168=DIRECTION('center_axis',(0.,0.707106781186541,-0.707106781186554));
#15169=DIRECTION('ref_axis',(-1.,0.,0.));
#15170=DIRECTION('',(-1.,0.,0.));
#15171=DIRECTION('',(1.,0.,0.));
#15172=DIRECTION('center_axis',(0.,0.965925826289071,0.258819045102512));
#15173=DIRECTION('ref_axis',(-1.,0.,0.));
#15174=DIRECTION('',(1.,0.,0.));
#15175=DIRECTION('center_axis',(0.,0.258819045102531,0.965925826289066));
#15176=DIRECTION('ref_axis',(-1.,0.,0.));
#15177=DIRECTION('',(1.,0.,0.));
#15178=DIRECTION('center_axis',(0.,-0.707106781186539,0.707106781186556));
#15179=DIRECTION('ref_axis',(-1.,0.,0.));
#15180=DIRECTION('',(1.,0.,0.));
#15181=DIRECTION('center_axis',(0.,-0.965925826289072,-0.258819045102508));
#15182=DIRECTION('ref_axis',(-1.,0.,0.));
#15183=DIRECTION('',(1.,0.,0.));
#15184=DIRECTION('center_axis',(0.,-0.258819045102529,-0.965925826289066));
#15185=DIRECTION('ref_axis',(-1.,0.,0.));
#15186=DIRECTION('center_axis',(1.,0.,0.));
#15187=DIRECTION('ref_axis',(0.,0.,1.));
#15188=DIRECTION('center_axis',(1.,0.,0.));
#15189=DIRECTION('ref_axis',(0.,1.,0.));
#15190=DIRECTION('center_axis',(1.,0.,0.));
#15191=DIRECTION('ref_axis',(0.,1.,0.));
#15192=DIRECTION('center_axis',(-1.,0.,0.));
#15193=DIRECTION('ref_axis',(0.,0.,-1.));
#15194=DIRECTION('center_axis',(-1.,0.,0.));
#15195=DIRECTION('ref_axis',(0.,1.,0.));
#15196=DIRECTION('center_axis',(-1.,0.,0.));
#15197=DIRECTION('ref_axis',(0.,1.,0.));
#15198=DIRECTION('center_axis',(1.,0.,0.));
#15199=DIRECTION('ref_axis',(0.,1.,0.));
#15200=DIRECTION('',(-1.,0.,0.));
#15201=DIRECTION('',(1.,0.,0.));
#15202=DIRECTION('center_axis',(1.,0.,0.));
#15203=DIRECTION('ref_axis',(0.,1.,0.));
#15204=DIRECTION('center_axis',(0.,0.,1.));
#15205=DIRECTION('ref_axis',(-1.,3.11617542933196E-15,0.));
#15206=DIRECTION('',(-1.,3.11617542933196E-15,0.));
#15207=DIRECTION('center_axis',(0.,0.,1.));
#15208=DIRECTION('ref_axis',(1.,0.,0.));
#15209=DIRECTION('',(-1.55342092659773E-15,-1.,0.));
#15210=DIRECTION('center_axis',(0.,0.,1.));
#15211=DIRECTION('ref_axis',(1.,0.,0.));
#15212=DIRECTION('',(1.,-3.27220257893139E-15,0.));
#15213=DIRECTION('center_axis',(0.,0.,1.));
#15214=DIRECTION('ref_axis',(1.,0.,0.));
#15215=DIRECTION('',(3.24580462977554E-15,1.,0.));
#15216=DIRECTION('center_axis',(0.,0.,1.));
#15217=DIRECTION('ref_axis',(1.,0.,0.));
#15218=DIRECTION('center_axis',(0.,0.,-1.));
#15219=DIRECTION('ref_axis',(1.,-3.11617542933196E-15,0.));
#15220=DIRECTION('center_axis',(0.,0.,-1.));
#15221=DIRECTION('ref_axis',(1.,0.,0.));
#15222=DIRECTION('',(-3.24580462977554E-15,-1.,0.));
#15223=DIRECTION('center_axis',(0.,0.,-1.));
#15224=DIRECTION('ref_axis',(1.,0.,0.));
#15225=DIRECTION('',(-1.,3.27220257893139E-15,0.));
#15226=DIRECTION('center_axis',(0.,0.,-1.));
#15227=DIRECTION('ref_axis',(1.,0.,0.));
#15228=DIRECTION('',(1.55342092659773E-15,1.,0.));
#15229=DIRECTION('center_axis',(0.,0.,-1.));
#15230=DIRECTION('ref_axis',(1.,0.,0.));
#15231=DIRECTION('',(1.,-3.11617542933196E-15,0.));
#15232=DIRECTION('center_axis',(3.11617542933196E-15,1.,0.));
#15233=DIRECTION('ref_axis',(0.,0.,-1.));
#15234=DIRECTION('',(0.,0.,-1.));
#15235=DIRECTION('',(0.,0.,1.));
#15236=DIRECTION('center_axis',(-1.,1.55342092659773E-15,0.));
#15237=DIRECTION('ref_axis',(0.,0.,-1.));
#15238=DIRECTION('',(0.,0.,-1.));
#15239=DIRECTION('',(0.,0.,1.));
#15240=DIRECTION('center_axis',(-3.20106774025897E-15,-1.,0.));
#15241=DIRECTION('ref_axis',(0.,0.,-1.));
#15242=DIRECTION('',(0.,0.,-1.));
#15243=DIRECTION('',(0.,0.,1.));
#15244=DIRECTION('center_axis',(1.,-3.12988303585498E-15,0.));
#15245=DIRECTION('ref_axis',(0.,0.,-1.));
#15246=DIRECTION('',(0.,0.,-1.));
#15247=DIRECTION('',(0.,0.,1.));
#15248=DIRECTION('center_axis',(0.,0.,1.));
#15249=DIRECTION('ref_axis',(1.,0.,0.));
#15250=DIRECTION('center_axis',(0.,0.,1.));
#15251=DIRECTION('ref_axis',(1.,0.,0.));
#15252=DIRECTION('center_axis',(0.,0.,1.));
#15253=DIRECTION('ref_axis',(1.,0.,0.));
#15254=DIRECTION('center_axis',(0.,0.,1.));
#15255=DIRECTION('ref_axis',(1.,0.,0.));
#15256=DIRECTION('',(0.,0.,1.));
#15257=DIRECTION('',(1.,0.,0.));
#15258=DIRECTION('',(0.,0.,1.));
#15259=DIRECTION('',(1.,0.,0.));
#15260=CARTESIAN_POINT('',(0.,0.,0.));
#15261=CARTESIAN_POINT('',(0.,0.,0.));
#15262=CARTESIAN_POINT('Origin',(1577.59101173633,8.45989944764369E-14,
0.));
#15263=CARTESIAN_POINT('',(-47.333333333332,15.9999999999996,-5.35778938197575E-14));
#15264=CARTESIAN_POINT('',(-47.333333333332,-15.9999999999995,2.7494673204842E-14));
#15265=CARTESIAN_POINT('Origin',(-47.333333333332,8.45989944764369E-14,
0.));
#15266=CARTESIAN_POINT('',(-59.9999999999988,-15.9999999999995,2.58487131909207E-14));
#15267=CARTESIAN_POINT('',(-47.333333333332,-15.9999999999995,0.));
#15268=CARTESIAN_POINT('',(-59.9999999999988,15.9999999999996,-5.16974263818413E-14));
#15269=CARTESIAN_POINT('Origin',(-59.9999999999988,8.45989944764369E-14,
0.));
#15270=CARTESIAN_POINT('',(-59.9999999999988,15.9999999999996,-5.16974263818413E-14));
#15271=CARTESIAN_POINT('Origin',(1577.59101173633,8.45989944764369E-14,
0.));
#15272=CARTESIAN_POINT('Origin',(-47.333333333332,8.45989944764369E-14,
0.));
#15273=CARTESIAN_POINT('Origin',(-59.9999999999988,8.45989944764369E-14,
0.));
#15274=CARTESIAN_POINT('Origin',(-47.333333333332,8.45989944764369E-14,
0.));
#15275=CARTESIAN_POINT('',(-47.333333333332,27.4019237886381,-9.15802832824156E-14));
#15276=CARTESIAN_POINT('',(-47.333333333332,15.9999999999996,-5.16974263818413E-14));
#15277=CARTESIAN_POINT('',(-47.333333333332,-27.4019237886379,5.03534786475833E-14));
#15278=CARTESIAN_POINT('Origin',(-47.333333333332,8.45989944764369E-14,
0.));
#15279=CARTESIAN_POINT('',(-47.333333333332,-27.4019237886379,0.));
#15280=CARTESIAN_POINT('Origin',(-47.333333333332,8.45989944764369E-14,
0.));
#15281=CARTESIAN_POINT('Origin',(-47.333333333332,8.45989944764369E-14,
0.));
#15282=CARTESIAN_POINT('Origin',(1577.59101173633,8.45989944764369E-14,
0.));
#15283=CARTESIAN_POINT('',(-31.9019237886585,29.9999999999996,-1.00263343539829E-13));
#15284=CARTESIAN_POINT('',(-31.9019237886585,-29.9999999999995,5.51276753807277E-14));
#15285=CARTESIAN_POINT('Origin',(-31.9019237886585,8.45989944764369E-14,
0.));
#15286=CARTESIAN_POINT('',(-45.8333333333464,-29.9999999999995,5.51276753807277E-14));
#15287=CARTESIAN_POINT('',(-31.9019237886585,-29.9999999999995,0.));
#15288=CARTESIAN_POINT('',(-45.8333333333464,29.9999999999996,-1.00263343539829E-13));
#15289=CARTESIAN_POINT('Origin',(-45.8333333333465,8.45989944764369E-14,
0.));
#15290=CARTESIAN_POINT('',(-45.8333333333465,29.9999999999996,-9.69326744659537E-14));
#15291=CARTESIAN_POINT('Origin',(1577.59101173633,8.45989944764369E-14,
0.));
#15292=CARTESIAN_POINT('Origin',(-31.9019237886585,8.45989944764369E-14,
0.));
#15293=CARTESIAN_POINT('Origin',(-45.8333333333465,8.45989944764369E-14,
0.));
#15294=CARTESIAN_POINT('Origin',(-31.4999999999988,8.45989944764369E-14,
0.));
#15295=CARTESIAN_POINT('',(-31.4999999999988,24.9999999999994,-8.35527862831901E-14));
#15296=CARTESIAN_POINT('',(-31.4999999999988,-24.9999999999993,4.59397294839393E-14));
#15297=CARTESIAN_POINT('Origin',(-31.4999999999988,8.45989944764369E-14,
0.));
#15298=CARTESIAN_POINT('',(-31.4999999999988,-27.0270457002987,4.28282409536962E-14));
#15299=CARTESIAN_POINT('',(-31.4999999999988,-24.9999999999993,0.));
#15300=CARTESIAN_POINT('',(-31.4999999999988,27.0270457002988,-8.77023316161535E-14));
#15301=CARTESIAN_POINT('Origin',(-31.4999999999988,8.45989944764369E-14,
0.));
#15302=CARTESIAN_POINT('',(-31.4999999999988,27.0270457002988,-8.73267940881184E-14));
#15303=CARTESIAN_POINT('Origin',(-31.4999999999988,8.45989944764369E-14,
0.));
#15304=CARTESIAN_POINT('Origin',(-31.4999999999988,8.45989944764369E-14,
0.));
#15305=CARTESIAN_POINT('Origin',(-31.4999999999988,8.45989944764369E-14,
0.));
#15306=CARTESIAN_POINT('Origin',(1577.59101173633,8.45989944764369E-14,
0.));
#15307=CARTESIAN_POINT('',(19.,-17.4999999999982,-17.8535710713579));
#15308=CARTESIAN_POINT('',(21.5,-17.4999999999982,-17.8535710713579));
#15309=CARTESIAN_POINT('Ctrl Pts',(19.0000000000001,-17.4999999999982,-17.8535710713579));
#15310=CARTESIAN_POINT('Ctrl Pts',(19.0000000000001,-17.3542521257646,-17.996432563263));
#15311=CARTESIAN_POINT('Ctrl Pts',(19.0267622839159,-17.1940164129889,-18.1496584803727));
#15312=CARTESIAN_POINT('Ctrl Pts',(19.1486729499222,-16.8859843218348,-18.4365896179809));
#15313=CARTESIAN_POINT('Ctrl Pts',(19.2439612251413,-16.7382718218905,-18.5703254238655));
#15314=CARTESIAN_POINT('Ctrl Pts',(19.4672453457436,-16.5149877012881,-18.7689504535457));
#15315=CARTESIAN_POINT('Ctrl Pts',(19.600397131581,-16.4190519173882,-18.852650414109));
#15316=CARTESIAN_POINT('Ctrl Pts',(19.9071944055213,-16.2863619668196,-18.9673958928766));
#15317=CARTESIAN_POINT('Ctrl Pts',(20.0810416025447,-16.2499999999982,-18.998355191964));
#15318=CARTESIAN_POINT('Ctrl Pts',(20.2500000000001,-16.2499999999982,-18.998355191964));
#15319=CARTESIAN_POINT('Ctrl Pts',(20.4043047740772,-16.2499999999982,-18.998355191964));
#15320=CARTESIAN_POINT('Ctrl Pts',(20.564942670687,-16.2804578081603,-18.9724098063126));
#15321=CARTESIAN_POINT('Ctrl Pts',(20.8529722305798,-16.3941535718345,-18.8742514885253));
#15322=CARTESIAN_POINT('Ctrl Pts',(20.9805564076458,-16.4770199126353,-18.8021735116848));
#15323=CARTESIAN_POINT('Ctrl Pts',(21.2209536000293,-16.6905130721578,-18.6132934801067));
#15324=CARTESIAN_POINT('Ctrl Pts',(21.3298018820768,-16.8457196756498,-18.4735328710788));
#15325=CARTESIAN_POINT('Ctrl Pts',(21.4693294593518,-17.1724478157887,-18.1702153068069));
#15326=CARTESIAN_POINT('Ctrl Pts',(21.5000000000001,-17.3439000232198,-18.0065796533779));
#15327=CARTESIAN_POINT('Ctrl Pts',(21.5000000000001,-17.4999999999982,-17.8535710713579));
#15328=CARTESIAN_POINT('Ctrl Pts',(21.5000000000001,-17.4999999999982,-17.8535710713579));
#15329=CARTESIAN_POINT('Ctrl Pts',(21.5000000000001,-17.6650313010047,-17.6918080405295));
#15330=CARTESIAN_POINT('Ctrl Pts',(21.4659018091919,-17.8411224958435,-17.51429287743));
#15331=CARTESIAN_POINT('Ctrl Pts',(21.3205981114359,-18.1697771593951,-17.173098290258));
#15332=CARTESIAN_POINT('Ctrl Pts',(21.20985558039,-18.3225047367434,-17.0093799548299));
#15333=CARTESIAN_POINT('Ctrl Pts',(20.9713801578709,-18.5287456003607,-16.7839449181233));
#15334=CARTESIAN_POINT('Ctrl Pts',(20.8480082219152,-18.6080916712305,-16.6956838878593));
#15335=CARTESIAN_POINT('Ctrl Pts',(20.6363509021706,-18.6912087320541,-16.6024230184172));
#15336=CARTESIAN_POINT('Ctrl Pts',(20.5613871008387,-18.7131360750215,-16.5776659882284));
#15337=CARTESIAN_POINT('Ctrl Pts',(20.4073367041569,-18.7425304370878,-16.5444270470036));
#15338=CARTESIAN_POINT('Ctrl Pts',(20.3282504737648,-18.7499999999982,-16.5359456941547));
#15339=CARTESIAN_POINT('Ctrl Pts',(20.1621363521357,-18.7499999999982,-16.5359456941547));
#15340=CARTESIAN_POINT('Ctrl Pts',(20.0742732031246,-18.7406119502449,-16.5466078993143));
#15341=CARTESIAN_POINT('Ctrl Pts',(19.9047180994859,-18.7044954029999,-16.5874219830687));
#15342=CARTESIAN_POINT('Ctrl Pts',(19.8230289507136,-18.6777579185176,-16.6175775648566));
#15343=CARTESIAN_POINT('Ctrl Pts',(19.5946094111339,-18.5773277129379,-16.7300028547657));
#15344=CARTESIAN_POINT('Ctrl Pts',(19.4646990117209,-18.4824659646856,-16.8350709365802));
#15345=CARTESIAN_POINT('Ctrl Pts',(19.2469593369806,-18.2647262899452,-17.071341187911));
#15346=CARTESIAN_POINT('Ctrl Pts',(19.1524525439788,-18.1206358782985,-17.2247242495738));
#15347=CARTESIAN_POINT('Ctrl Pts',(19.0288917348018,-17.814155888059,-17.5415056396216));
#15348=CARTESIAN_POINT('Ctrl Pts',(19.0000000000001,-17.6516857484011,-17.7048892985943));
#15349=CARTESIAN_POINT('Ctrl Pts',(19.0000000000001,-17.4999999999982,-17.8535710713579));
#15350=CARTESIAN_POINT('Origin',(1577.59101173633,8.45989944764369E-14,
0.));
#15351=CARTESIAN_POINT('',(-21.5,-17.4999999999982,-17.8535710713579));
#15352=CARTESIAN_POINT('',(-19.,-17.4999999999982,-17.8535710713579));
#15353=CARTESIAN_POINT('Ctrl Pts',(-21.5000000000001,-17.4999999999982,
-17.8535710713579));
#15354=CARTESIAN_POINT('Ctrl Pts',(-21.5000000000001,-17.3439000232198,
-18.0065796533779));
#15355=CARTESIAN_POINT('Ctrl Pts',(-21.4693294593518,-17.1724478157887,
-18.1702153068069));
#15356=CARTESIAN_POINT('Ctrl Pts',(-21.3298018820768,-16.8457196756498,
-18.4735328710788));
#15357=CARTESIAN_POINT('Ctrl Pts',(-21.2209536000293,-16.6905130721578,
-18.6132934801067));
#15358=CARTESIAN_POINT('Ctrl Pts',(-20.9805564076458,-16.4770199126353,
-18.8021735116848));
#15359=CARTESIAN_POINT('Ctrl Pts',(-20.8529722305798,-16.3941535718345,
-18.8742514885253));
#15360=CARTESIAN_POINT('Ctrl Pts',(-20.564942670687,-16.2804578081603,-18.9724098063126));
#15361=CARTESIAN_POINT('Ctrl Pts',(-20.4043047740772,-16.2499999999982,
-18.998355191964));
#15362=CARTESIAN_POINT('Ctrl Pts',(-20.2500000000001,-16.2499999999982,
-18.998355191964));
#15363=CARTESIAN_POINT('Ctrl Pts',(-20.0810416025447,-16.2499999999982,
-18.998355191964));
#15364=CARTESIAN_POINT('Ctrl Pts',(-19.9071944055213,-16.2863619668196,
-18.9673958928766));
#15365=CARTESIAN_POINT('Ctrl Pts',(-19.600397131581,-16.4190519173882,-18.852650414109));
#15366=CARTESIAN_POINT('Ctrl Pts',(-19.4672453457436,-16.5149877012881,
-18.7689504535457));
#15367=CARTESIAN_POINT('Ctrl Pts',(-19.2439612251413,-16.7382718218905,
-18.5703254238655));
#15368=CARTESIAN_POINT('Ctrl Pts',(-19.1486729499222,-16.8859843218348,
-18.4365896179809));
#15369=CARTESIAN_POINT('Ctrl Pts',(-19.0267622839159,-17.1940164129889,
-18.1496584803727));
#15370=CARTESIAN_POINT('Ctrl Pts',(-19.0000000000001,-17.3542521257646,
-17.996432563263));
#15371=CARTESIAN_POINT('Ctrl Pts',(-19.0000000000001,-17.4999999999982,
-17.8535710713579));
#15372=CARTESIAN_POINT('Ctrl Pts',(-19.0000000000001,-17.4999999999982,
-17.8535710713579));
#15373=CARTESIAN_POINT('Ctrl Pts',(-19.0000000000001,-17.6516857484011,
-17.7048892985943));
#15374=CARTESIAN_POINT('Ctrl Pts',(-19.0288917348018,-17.814155888059,-17.5415056396216));
#15375=CARTESIAN_POINT('Ctrl Pts',(-19.1524525439788,-18.1206358782985,
-17.2247242495738));
#15376=CARTESIAN_POINT('Ctrl Pts',(-19.2469593369806,-18.2647262899452,
-17.071341187911));
#15377=CARTESIAN_POINT('Ctrl Pts',(-19.4646990117209,-18.4824659646856,
-16.8350709365802));
#15378=CARTESIAN_POINT('Ctrl Pts',(-19.5946094111339,-18.5773277129379,
-16.7300028547657));
#15379=CARTESIAN_POINT('Ctrl Pts',(-19.8230289507136,-18.6777579185176,
-16.6175775648566));
#15380=CARTESIAN_POINT('Ctrl Pts',(-19.9047180994859,-18.7044954029999,
-16.5874219830687));
#15381=CARTESIAN_POINT('Ctrl Pts',(-20.0742732031246,-18.7406119502449,
-16.5466078993143));
#15382=CARTESIAN_POINT('Ctrl Pts',(-20.1621363521357,-18.7499999999982,
-16.5359456941547));
#15383=CARTESIAN_POINT('Ctrl Pts',(-20.3282504737648,-18.7499999999982,
-16.5359456941547));
#15384=CARTESIAN_POINT('Ctrl Pts',(-20.4073367041569,-18.7425304370878,
-16.5444270470036));
#15385=CARTESIAN_POINT('Ctrl Pts',(-20.5613871008387,-18.7131360750215,
-16.5776659882284));
#15386=CARTESIAN_POINT('Ctrl Pts',(-20.6363509021706,-18.6912087320541,
-16.6024230184172));
#15387=CARTESIAN_POINT('Ctrl Pts',(-20.8480082219152,-18.6080916712305,
-16.6956838878593));
#15388=CARTESIAN_POINT('Ctrl Pts',(-20.9713801578709,-18.5287456003607,
-16.7839449181233));
#15389=CARTESIAN_POINT('Ctrl Pts',(-21.20985558039,-18.3225047367434,-17.0093799548299));
#15390=CARTESIAN_POINT('Ctrl Pts',(-21.3205981114359,-18.1697771593951,
-17.173098290258));
#15391=CARTESIAN_POINT('Ctrl Pts',(-21.4659018091919,-17.8411224958435,
-17.5142928774299));
#15392=CARTESIAN_POINT('Ctrl Pts',(-21.5000000000001,-17.6650313010047,
-17.6918080405295));
#15393=CARTESIAN_POINT('Ctrl Pts',(-21.5000000000001,-17.4999999999982,
-17.8535710713579));
#15394=CARTESIAN_POINT('Origin',(1577.59101173633,8.45989944764369E-14,
0.));
#15395=CARTESIAN_POINT('',(19.,12.5000000000009,-21.6506350946098));
#15396=CARTESIAN_POINT('',(21.5,12.5000000000009,-21.6506350946098));
#15397=CARTESIAN_POINT('Ctrl Pts',(19.0000000000001,12.5000000000009,-21.6506350946098));
#15398=CARTESIAN_POINT('Ctrl Pts',(19.0000000000001,12.6542187126968,-21.5615968793207));
#15399=CARTESIAN_POINT('Ctrl Pts',(19.0300858210463,12.81917224784,-21.4639498565767));
#15400=CARTESIAN_POINT('Ctrl Pts',(19.1556879689429,13.1265322773169,-21.277369925259));
#15401=CARTESIAN_POINT('Ctrl Pts',(19.2512105346252,13.2689774875926,-21.1885050030099));
#15402=CARTESIAN_POINT('Ctrl Pts',(19.4716563854458,13.4894233384132,-21.0487783874043));
#15403=CARTESIAN_POINT('Ctrl Pts',(19.6080977120437,13.5855049856935,-20.9866650604093));
#15404=CARTESIAN_POINT('Ctrl Pts',(19.9154027133937,13.7158964527538,-20.901680329408));
#15405=CARTESIAN_POINT('Ctrl Pts',(20.0864387959467,13.7500000000009,-20.8791163606113));
#15406=CARTESIAN_POINT('Ctrl Pts',(20.2500000000001,13.7500000000009,-20.8791163606113));
#15407=CARTESIAN_POINT('Ctrl Pts',(20.4063149410338,13.7500000000009,-20.8791163606113));
#15408=CARTESIAN_POINT('Ctrl Pts',(20.5705323229709,13.7188028615441,-20.8997515241982));
#15409=CARTESIAN_POINT('Ctrl Pts',(20.8678377833503,13.5984070002446,-20.9782862207449));
#15410=CARTESIAN_POINT('Ctrl Pts',(21.0010839413194,13.5094147135878,-21.0359033220123));
#15411=CARTESIAN_POINT('Ctrl Pts',(21.2294302558366,13.29503120001,-21.1721781629638));
#15412=CARTESIAN_POINT('Ctrl Pts',(21.3321725813689,13.148955773352,-21.2635705965667));
#15413=CARTESIAN_POINT('Ctrl Pts',(21.4674667427686,12.8316863524431,-21.4565211019683));
#15414=CARTESIAN_POINT('Ctrl Pts',(21.5000000000001,12.660439514117,-21.5580052979461));
#15415=CARTESIAN_POINT('Ctrl Pts',(21.5000000000001,12.5000000000009,-21.6506350946098));
#15416=CARTESIAN_POINT('Ctrl Pts',(21.5000000000001,12.5000000000009,-21.6506350946098));
#15417=CARTESIAN_POINT('Ctrl Pts',(21.5000000000001,12.3437399684701,-21.7408518658777));
#15418=CARTESIAN_POINT('Ctrl Pts',(21.4690098894043,12.1745385871116,-21.8360511981556));
#15419=CARTESIAN_POINT('Ctrl Pts',(21.3363142056546,11.8582588401367,-22.0094120542805));
#15420=CARTESIAN_POINT('Ctrl Pts',(21.2344832585686,11.7112671838667,-22.0876357666437));
#15421=CARTESIAN_POINT('Ctrl Pts',(21.0054066945428,11.4933705745612,-22.2016983317457));
#15422=CARTESIAN_POINT('Ctrl Pts',(20.8701991689303,11.4027143170386,-22.2482083026061));
#15423=CARTESIAN_POINT('Ctrl Pts',(20.5703530150038,11.2809606649018,-22.31019033686));
#15424=CARTESIAN_POINT('Ctrl Pts',(20.4056695269093,11.2500000000009,-22.3257138743636));
#15425=CARTESIAN_POINT('Ctrl Pts',(20.0887421326541,11.2500000000009,-22.3257138743636));
#15426=CARTESIAN_POINT('Ctrl Pts',(19.9186596052242,11.2831973867222,-22.3090733020385));
#15427=CARTESIAN_POINT('Ctrl Pts',(19.6108214092579,11.4128727318054,-22.2430130820441));
#15428=CARTESIAN_POINT('Ctrl Pts',(19.4730214873629,11.5092115596715,-22.1935266396123));
#15429=CARTESIAN_POINT('Ctrl Pts',(19.2501891073486,11.7320439396859,-22.0766003833812));
#15430=CARTESIAN_POINT('Ctrl Pts',(19.1541425875932,11.8760876198558,-21.9997605793907));
#15431=CARTESIAN_POINT('Ctrl Pts',(19.0291155897199,12.1843873261887,-21.8305205669886));
#15432=CARTESIAN_POINT('Ctrl Pts',(19.0000000000001,12.348560269225,-21.7380688639392));
#15433=CARTESIAN_POINT('Ctrl Pts',(19.0000000000001,12.5000000000009,-21.6506350946098));
#15434=CARTESIAN_POINT('Origin',(1577.59101173633,8.45989944764369E-14,
0.));
#15435=CARTESIAN_POINT('',(-21.5,12.5000000000009,-21.6506350946098));
#15436=CARTESIAN_POINT('',(-19.,12.5000000000009,-21.6506350946098));
#15437=CARTESIAN_POINT('Ctrl Pts',(-21.5000000000001,12.5000000000009,-21.6506350946098));
#15438=CARTESIAN_POINT('Ctrl Pts',(-21.5000000000001,12.660439514117,-21.5580052979461));
#15439=CARTESIAN_POINT('Ctrl Pts',(-21.4674667427686,12.8316863524431,-21.4565211019683));
#15440=CARTESIAN_POINT('Ctrl Pts',(-21.3321725813689,13.148955773352,-21.2635705965667));
#15441=CARTESIAN_POINT('Ctrl Pts',(-21.2294302558366,13.29503120001,-21.1721781629638));
#15442=CARTESIAN_POINT('Ctrl Pts',(-21.0010839413194,13.5094147135878,-21.0359033220123));
#15443=CARTESIAN_POINT('Ctrl Pts',(-20.8678377833503,13.5984070002446,-20.9782862207449));
#15444=CARTESIAN_POINT('Ctrl Pts',(-20.5705323229709,13.7188028615441,-20.8997515241982));
#15445=CARTESIAN_POINT('Ctrl Pts',(-20.4063149410338,13.7500000000009,-20.8791163606113));
#15446=CARTESIAN_POINT('Ctrl Pts',(-20.2500000000001,13.7500000000009,-20.8791163606113));
#15447=CARTESIAN_POINT('Ctrl Pts',(-20.0864387959467,13.7500000000009,-20.8791163606113));
#15448=CARTESIAN_POINT('Ctrl Pts',(-19.9154027133937,13.7158964527538,-20.901680329408));
#15449=CARTESIAN_POINT('Ctrl Pts',(-19.6080977120437,13.5855049856935,-20.9866650604093));
#15450=CARTESIAN_POINT('Ctrl Pts',(-19.4716563854458,13.4894233384132,-21.0487783874043));
#15451=CARTESIAN_POINT('Ctrl Pts',(-19.2512105346252,13.2689774875926,-21.1885050030099));
#15452=CARTESIAN_POINT('Ctrl Pts',(-19.1556879689429,13.1265322773169,-21.277369925259));
#15453=CARTESIAN_POINT('Ctrl Pts',(-19.0300858210463,12.81917224784,-21.4639498565766));
#15454=CARTESIAN_POINT('Ctrl Pts',(-19.0000000000001,12.6542187126968,-21.5615968793207));
#15455=CARTESIAN_POINT('Ctrl Pts',(-19.0000000000001,12.5000000000009,-21.6506350946098));
#15456=CARTESIAN_POINT('Ctrl Pts',(-19.0000000000001,12.5000000000009,-21.6506350946098));
#15457=CARTESIAN_POINT('Ctrl Pts',(-19.0000000000001,12.348560269225,-21.7380688639392));
#15458=CARTESIAN_POINT('Ctrl Pts',(-19.0291155897199,12.1843873261887,-21.8305205669886));
#15459=CARTESIAN_POINT('Ctrl Pts',(-19.1541425875931,11.8760876198558,-21.9997605793907));
#15460=CARTESIAN_POINT('Ctrl Pts',(-19.2501891073486,11.7320439396859,-22.0766003833812));
#15461=CARTESIAN_POINT('Ctrl Pts',(-19.4730214873629,11.5092115596715,-22.1935266396123));
#15462=CARTESIAN_POINT('Ctrl Pts',(-19.6108214092579,11.4128727318054,-22.2430130820441));
#15463=CARTESIAN_POINT('Ctrl Pts',(-19.9186596052242,11.2831973867222,-22.3090733020385));
#15464=CARTESIAN_POINT('Ctrl Pts',(-20.0887421326541,11.2500000000009,-22.3257138743636));
#15465=CARTESIAN_POINT('Ctrl Pts',(-20.4056695269093,11.2500000000009,-22.3257138743636));
#15466=CARTESIAN_POINT('Ctrl Pts',(-20.5703530150038,11.2809606649018,-22.31019033686));
#15467=CARTESIAN_POINT('Ctrl Pts',(-20.8701991689303,11.4027143170386,-22.2482083026061));
#15468=CARTESIAN_POINT('Ctrl Pts',(-21.0054066945428,11.4933705745612,-22.2016983317457));
#15469=CARTESIAN_POINT('Ctrl Pts',(-21.2344832585686,11.7112671838667,-22.0876357666437));
#15470=CARTESIAN_POINT('Ctrl Pts',(-21.3363142056546,11.8582588401367,-22.0094120542805));
#15471=CARTESIAN_POINT('Ctrl Pts',(-21.4690098894043,12.1745385871116,-21.8360511981556));
#15472=CARTESIAN_POINT('Ctrl Pts',(-21.5000000000001,12.3437399684701,-21.7408518658777));
#15473=CARTESIAN_POINT('Ctrl Pts',(-21.5000000000001,12.5000000000009,-21.6506350946098));
#15474=CARTESIAN_POINT('Origin',(1577.59101173633,8.45989944764369E-14,
0.));
#15475=CARTESIAN_POINT('',(31.4999999999991,24.9999999999994,-8.1203926444852E-14));
#15476=CARTESIAN_POINT('',(-31.4999999999988,24.9999999999994,-8.07772287216273E-14));
#15477=CARTESIAN_POINT('',(31.4999999999991,-24.9999999999993,4.01845223763075E-14));
#15478=CARTESIAN_POINT('Origin',(31.4999999999991,8.45989944764369E-14,
0.));
#15479=CARTESIAN_POINT('',(31.4999999999991,-24.9999999999993,0.));
#15480=CARTESIAN_POINT('',(20.25,-20.7499999999982,-13.9440847673858));
#15481=CARTESIAN_POINT('',(23.5,-17.4999999999982,-17.8535710713579));
#15482=CARTESIAN_POINT('Ctrl Pts',(20.2500000000001,-20.7499999999982,-13.9440847673858));
#15483=CARTESIAN_POINT('Ctrl Pts',(20.4590262691676,-20.7499999999982,-13.9440847673858));
#15484=CARTESIAN_POINT('Ctrl Pts',(20.6660447787053,-20.7296341271906,-13.9745106293067));
#15485=CARTESIAN_POINT('Ctrl Pts',(21.0643220080645,-20.652857358896,-14.0877308778115));
#15486=CARTESIAN_POINT('Ctrl Pts',(21.2556234405209,-20.5964784860284,-14.1703966856081));
#15487=CARTESIAN_POINT('Ctrl Pts',(21.7926755126293,-20.3862575104667,-14.4727599000909));
#15488=CARTESIAN_POINT('Ctrl Pts',(22.1017847175441,-20.1896296293371,-14.7477027657954));
#15489=CARTESIAN_POINT('Ctrl Pts',(22.7135988453189,-19.673993128112,-15.4337992321418));
#15490=CARTESIAN_POINT('Ctrl Pts',(23.0068487213652,-19.2848926866795,-15.9223507464515));
#15491=CARTESIAN_POINT('Ctrl Pts',(23.4011460443939,-18.4253836549034,-16.9095705838836));
#15492=CARTESIAN_POINT('Ctrl Pts',(23.4999999999999,-17.9541606785007,-17.408404564219));
#15493=CARTESIAN_POINT('Ctrl Pts',(23.4999999999999,-17.4999999999982,-17.8535710713579));
#15494=CARTESIAN_POINT('',(23.5,12.5000000000008,-21.6506350946098));
#15495=CARTESIAN_POINT('Origin',(23.5000000000001,8.45989944764369E-14,
0.));
#15496=CARTESIAN_POINT('',(20.25,15.7500000000009,-19.4148783153525));
#15497=CARTESIAN_POINT('Ctrl Pts',(23.4999999999999,12.5000000000009,-21.6506350946098));
#15498=CARTESIAN_POINT('Ctrl Pts',(23.4999999999999,12.92756060263,-21.4037828655869));
#15499=CARTESIAN_POINT('Ctrl Pts',(23.4114462870204,13.3779760893597,-21.1252356578308));
#15500=CARTESIAN_POINT('Ctrl Pts',(23.0532803344263,14.2050524299204,-20.5781999045358));
#15501=CARTESIAN_POINT('Ctrl Pts',(22.7840741921292,14.582148033339,-20.3101030110832));
#15502=CARTESIAN_POINT('Ctrl Pts',(22.1931036378953,15.1306613807082,-19.9037383633883));
#15503=CARTESIAN_POINT('Ctrl Pts',(21.851701715488,15.3579667621381,-19.727440816426));
#15504=CARTESIAN_POINT('Ctrl Pts',(21.0851551820733,15.6679546164424,-19.4821524307633));
#15505=CARTESIAN_POINT('Ctrl Pts',(20.6592049034685,15.7500000000009,-19.4148783153525));
#15506=CARTESIAN_POINT('Ctrl Pts',(20.2500000000001,15.7500000000009,-19.4148783153525));
#15507=CARTESIAN_POINT('',(-20.25,15.7500000000009,-19.4148783153525));
#15508=CARTESIAN_POINT('',(20.25,15.7500000000009,-19.4148783153525));
#15509=CARTESIAN_POINT('',(-23.5,12.500000000001,-21.6506350946097));
#15510=CARTESIAN_POINT('Ctrl Pts',(-20.2500000000001,15.7500000000009,-19.4148783153525));
#15511=CARTESIAN_POINT('Ctrl Pts',(-20.6592049034685,15.7500000000009,-19.4148783153525));
#15512=CARTESIAN_POINT('Ctrl Pts',(-21.0851551820733,15.6679546164424,-19.4821524307633));
#15513=CARTESIAN_POINT('Ctrl Pts',(-21.851701715488,15.3579667621381,-19.727440816426));
#15514=CARTESIAN_POINT('Ctrl Pts',(-22.1931036378953,15.1306613807082,-19.9037383633884));
#15515=CARTESIAN_POINT('Ctrl Pts',(-22.7840741921292,14.582148033339,-20.3101030110832));
#15516=CARTESIAN_POINT('Ctrl Pts',(-23.0532803344263,14.2050524299204,-20.5781999045358));
#15517=CARTESIAN_POINT('Ctrl Pts',(-23.4114462870204,13.3779760893597,-21.1252356578308));
#15518=CARTESIAN_POINT('Ctrl Pts',(-23.4999999999999,12.92756060263,-21.4037828655869));
#15519=CARTESIAN_POINT('Ctrl Pts',(-23.4999999999999,12.5000000000009,-21.6506350946098));
#15520=CARTESIAN_POINT('',(-23.5,-17.4999999999981,-17.853571071358));
#15521=CARTESIAN_POINT('Origin',(-23.5000000000001,8.45989944764369E-14,
0.));
#15522=CARTESIAN_POINT('',(-20.25,-20.7499999999982,-13.9440847673858));
#15523=CARTESIAN_POINT('Ctrl Pts',(-23.4999999999999,-17.4999999999982,
-17.8535710713579));
#15524=CARTESIAN_POINT('Ctrl Pts',(-23.5,-17.9541606785007,-17.408404564219));
#15525=CARTESIAN_POINT('Ctrl Pts',(-23.4011460443939,-18.4253836549034,
-16.9095705838836));
#15526=CARTESIAN_POINT('Ctrl Pts',(-23.0068487213652,-19.2848926866795,
-15.9223507464515));
#15527=CARTESIAN_POINT('Ctrl Pts',(-22.7135988453189,-19.673993128112,-15.4337992321418));
#15528=CARTESIAN_POINT('Ctrl Pts',(-22.1017847175441,-20.1896296293371,
-14.7477027657954));
#15529=CARTESIAN_POINT('Ctrl Pts',(-21.7926755126293,-20.3862575104667,
-14.4727599000909));
#15530=CARTESIAN_POINT('Ctrl Pts',(-21.2556234405209,-20.5964784860284,
-14.1703966856081));
#15531=CARTESIAN_POINT('Ctrl Pts',(-21.0643220080645,-20.652857358896,-14.0877308778115));
#15532=CARTESIAN_POINT('Ctrl Pts',(-20.6660447787053,-20.7296341271906,
-13.9745106293067));
#15533=CARTESIAN_POINT('Ctrl Pts',(-20.4590262691676,-20.7499999999982,
-13.9440847673858));
#15534=CARTESIAN_POINT('Ctrl Pts',(-20.2500000000001,-20.7499999999982,
-13.9440847673858));
#15535=CARTESIAN_POINT('',(-20.25,-20.7499999999982,-13.9440847673858));
#15536=CARTESIAN_POINT('Origin',(1577.59101173633,8.45989944764369E-14,
0.));
#15537=CARTESIAN_POINT('',(21.5,-17.4999999999981,17.853571071358));
#15538=CARTESIAN_POINT('',(19.,-17.4999999999981,17.853571071358));
#15539=CARTESIAN_POINT('Ctrl Pts',(21.5000000000001,-17.4999999999982,17.8535710713579));
#15540=CARTESIAN_POINT('Ctrl Pts',(21.5,-17.3439000232198,18.0065796533779));
#15541=CARTESIAN_POINT('Ctrl Pts',(21.4693294593518,-17.1724478157887,18.1702153068069));
#15542=CARTESIAN_POINT('Ctrl Pts',(21.3298018820768,-16.8457196756498,18.4735328710788));
#15543=CARTESIAN_POINT('Ctrl Pts',(21.2209536000293,-16.6905130721578,18.6132934801067));
#15544=CARTESIAN_POINT('Ctrl Pts',(20.9805564076458,-16.4770199126353,18.8021735116848));
#15545=CARTESIAN_POINT('Ctrl Pts',(20.8529722305798,-16.3941535718345,18.8742514885253));
#15546=CARTESIAN_POINT('Ctrl Pts',(20.564942670687,-16.2804578081603,18.9724098063126));
#15547=CARTESIAN_POINT('Ctrl Pts',(20.4043047740772,-16.2499999999982,18.998355191964));
#15548=CARTESIAN_POINT('Ctrl Pts',(20.2500000000001,-16.2499999999982,18.998355191964));
#15549=CARTESIAN_POINT('Ctrl Pts',(20.0810416025447,-16.2499999999982,18.998355191964));
#15550=CARTESIAN_POINT('Ctrl Pts',(19.9071944055213,-16.2863619668196,18.9673958928766));
#15551=CARTESIAN_POINT('Ctrl Pts',(19.600397131581,-16.4190519173882,18.852650414109));
#15552=CARTESIAN_POINT('Ctrl Pts',(19.4672453457436,-16.5149877012881,18.7689504535457));
#15553=CARTESIAN_POINT('Ctrl Pts',(19.2439612251413,-16.7382718218905,18.5703254238655));
#15554=CARTESIAN_POINT('Ctrl Pts',(19.1486729499222,-16.8859843218348,18.4365896179809));
#15555=CARTESIAN_POINT('Ctrl Pts',(19.0267622839159,-17.1940164129889,18.1496584803727));
#15556=CARTESIAN_POINT('Ctrl Pts',(19.0000000000001,-17.3542521257646,17.996432563263));
#15557=CARTESIAN_POINT('Ctrl Pts',(19.0000000000001,-17.4999999999982,17.8535710713579));
#15558=CARTESIAN_POINT('Ctrl Pts',(19.0000000000001,-17.4999999999982,17.8535710713579));
#15559=CARTESIAN_POINT('Ctrl Pts',(19.,-17.6516857484011,17.7048892985943));
#15560=CARTESIAN_POINT('Ctrl Pts',(19.0288917348018,-17.814155888059,17.5415056396216));
#15561=CARTESIAN_POINT('Ctrl Pts',(19.1524525439788,-18.1206358782985,17.2247242495738));
#15562=CARTESIAN_POINT('Ctrl Pts',(19.2469593369806,-18.2647262899452,17.071341187911));
#15563=CARTESIAN_POINT('Ctrl Pts',(19.4646990117209,-18.4824659646856,16.8350709365802));
#15564=CARTESIAN_POINT('Ctrl Pts',(19.5946094111339,-18.5773277129379,16.7300028547657));
#15565=CARTESIAN_POINT('Ctrl Pts',(19.8230289507136,-18.6777579185176,16.6175775648566));
#15566=CARTESIAN_POINT('Ctrl Pts',(19.9047180994859,-18.7044954029999,16.5874219830687));
#15567=CARTESIAN_POINT('Ctrl Pts',(20.0742732031246,-18.7406119502449,16.5466078993143));
#15568=CARTESIAN_POINT('Ctrl Pts',(20.1621363521357,-18.7499999999982,16.5359456941547));
#15569=CARTESIAN_POINT('Ctrl Pts',(20.3282504737648,-18.7499999999982,16.5359456941547));
#15570=CARTESIAN_POINT('Ctrl Pts',(20.4073367041569,-18.7425304370878,16.5444270470036));
#15571=CARTESIAN_POINT('Ctrl Pts',(20.5613871008387,-18.7131360750215,16.5776659882284));
#15572=CARTESIAN_POINT('Ctrl Pts',(20.6363509021706,-18.6912087320541,16.6024230184172));
#15573=CARTESIAN_POINT('Ctrl Pts',(20.8480082219152,-18.6080916712305,16.6956838878593));
#15574=CARTESIAN_POINT('Ctrl Pts',(20.9713801578709,-18.5287456003607,16.7839449181233));
#15575=CARTESIAN_POINT('Ctrl Pts',(21.20985558039,-18.3225047367434,17.0093799548299));
#15576=CARTESIAN_POINT('Ctrl Pts',(21.3205981114359,-18.1697771593951,17.173098290258));
#15577=CARTESIAN_POINT('Ctrl Pts',(21.4659018091919,-17.8411224958435,17.5142928774299));
#15578=CARTESIAN_POINT('Ctrl Pts',(21.5000000000001,-17.6650313010047,17.6918080405295));
#15579=CARTESIAN_POINT('Ctrl Pts',(21.5000000000001,-17.4999999999982,17.8535710713579));
#15580=CARTESIAN_POINT('Origin',(1577.59101173633,8.45989944764369E-14,
0.));
#15581=CARTESIAN_POINT('',(-19.,-17.4999999999981,17.853571071358));
#15582=CARTESIAN_POINT('',(-21.5,-17.4999999999981,17.853571071358));
#15583=CARTESIAN_POINT('Ctrl Pts',(-19.0000000000001,-17.4999999999982,
17.8535710713579));
#15584=CARTESIAN_POINT('Ctrl Pts',(-19.0000000000001,-17.3542521257646,
17.996432563263));
#15585=CARTESIAN_POINT('Ctrl Pts',(-19.0267622839159,-17.1940164129889,
18.1496584803727));
#15586=CARTESIAN_POINT('Ctrl Pts',(-19.1486729499222,-16.8859843218348,
18.4365896179809));
#15587=CARTESIAN_POINT('Ctrl Pts',(-19.2439612251413,-16.7382718218905,
18.5703254238655));
#15588=CARTESIAN_POINT('Ctrl Pts',(-19.4672453457436,-16.5149877012881,
18.7689504535457));
#15589=CARTESIAN_POINT('Ctrl Pts',(-19.600397131581,-16.4190519173882,18.852650414109));
#15590=CARTESIAN_POINT('Ctrl Pts',(-19.9071944055213,-16.2863619668196,
18.9673958928766));
#15591=CARTESIAN_POINT('Ctrl Pts',(-20.0810416025447,-16.2499999999982,
18.998355191964));
#15592=CARTESIAN_POINT('Ctrl Pts',(-20.2500000000001,-16.2499999999982,
18.998355191964));
#15593=CARTESIAN_POINT('Ctrl Pts',(-20.4043047740772,-16.2499999999982,
18.998355191964));
#15594=CARTESIAN_POINT('Ctrl Pts',(-20.564942670687,-16.2804578081603,18.9724098063126));
#15595=CARTESIAN_POINT('Ctrl Pts',(-20.8529722305798,-16.3941535718345,
18.8742514885253));
#15596=CARTESIAN_POINT('Ctrl Pts',(-20.9805564076458,-16.4770199126353,
18.8021735116848));
#15597=CARTESIAN_POINT('Ctrl Pts',(-21.2209536000293,-16.6905130721578,
18.6132934801067));
#15598=CARTESIAN_POINT('Ctrl Pts',(-21.3298018820768,-16.8457196756498,
18.4735328710788));
#15599=CARTESIAN_POINT('Ctrl Pts',(-21.4693294593518,-17.1724478157887,
18.1702153068069));
#15600=CARTESIAN_POINT('Ctrl Pts',(-21.5000000000001,-17.3439000232198,
18.0065796533779));
#15601=CARTESIAN_POINT('Ctrl Pts',(-21.5000000000001,-17.4999999999982,
17.8535710713579));
#15602=CARTESIAN_POINT('Ctrl Pts',(-21.5000000000001,-17.4999999999982,
17.8535710713579));
#15603=CARTESIAN_POINT('Ctrl Pts',(-21.5000000000001,-17.6650313010047,
17.6918080405295));
#15604=CARTESIAN_POINT('Ctrl Pts',(-21.4659018091919,-17.8411224958435,
17.51429287743));
#15605=CARTESIAN_POINT('Ctrl Pts',(-21.3205981114359,-18.1697771593951,
17.173098290258));
#15606=CARTESIAN_POINT('Ctrl Pts',(-21.20985558039,-18.3225047367434,17.0093799548299));
#15607=CARTESIAN_POINT('Ctrl Pts',(-20.9713801578709,-18.5287456003607,
16.7839449181233));
#15608=CARTESIAN_POINT('Ctrl Pts',(-20.8480082219152,-18.6080916712305,
16.6956838878593));
#15609=CARTESIAN_POINT('Ctrl Pts',(-20.6363509021706,-18.6912087320541,
16.6024230184172));
#15610=CARTESIAN_POINT('Ctrl Pts',(-20.5613871008387,-18.7131360750215,
16.5776659882284));
#15611=CARTESIAN_POINT('Ctrl Pts',(-20.4073367041569,-18.7425304370878,
16.5444270470036));
#15612=CARTESIAN_POINT('Ctrl Pts',(-20.3282504737648,-18.7499999999982,
16.5359456941547));
#15613=CARTESIAN_POINT('Ctrl Pts',(-20.1621363521357,-18.7499999999982,
16.5359456941547));
#15614=CARTESIAN_POINT('Ctrl Pts',(-20.0742732031246,-18.7406119502449,
16.5466078993143));
#15615=CARTESIAN_POINT('Ctrl Pts',(-19.9047180994859,-18.7044954029999,
16.5874219830687));
#15616=CARTESIAN_POINT('Ctrl Pts',(-19.8230289507136,-18.6777579185176,
16.6175775648566));
#15617=CARTESIAN_POINT('Ctrl Pts',(-19.5946094111339,-18.5773277129379,
16.7300028547657));
#15618=CARTESIAN_POINT('Ctrl Pts',(-19.4646990117209,-18.4824659646856,
16.8350709365802));
#15619=CARTESIAN_POINT('Ctrl Pts',(-19.2469593369806,-18.2647262899452,
17.071341187911));
#15620=CARTESIAN_POINT('Ctrl Pts',(-19.1524525439788,-18.1206358782985,
17.2247242495738));
#15621=CARTESIAN_POINT('Ctrl Pts',(-19.0288917348018,-17.814155888059,17.5415056396216));
#15622=CARTESIAN_POINT('Ctrl Pts',(-19.0000000000001,-17.6516857484011,
17.7048892985943));
#15623=CARTESIAN_POINT('Ctrl Pts',(-19.0000000000001,-17.4999999999982,
17.8535710713579));
#15624=CARTESIAN_POINT('Origin',(1577.59101173633,8.45989944764369E-14,
0.));
#15625=CARTESIAN_POINT('',(21.5,12.500000000001,21.6506350946097));
#15626=CARTESIAN_POINT('',(19.,12.500000000001,21.6506350946097));
#15627=CARTESIAN_POINT('Ctrl Pts',(21.5000000000001,12.5000000000009,21.6506350946098));
#15628=CARTESIAN_POINT('Ctrl Pts',(21.5,12.660439514117,21.5580052979461));
#15629=CARTESIAN_POINT('Ctrl Pts',(21.4674667427686,12.8316863524431,21.4565211019683));
#15630=CARTESIAN_POINT('Ctrl Pts',(21.3321725813689,13.148955773352,21.2635705965667));
#15631=CARTESIAN_POINT('Ctrl Pts',(21.2294302558366,13.29503120001,21.1721781629638));
#15632=CARTESIAN_POINT('Ctrl Pts',(21.0010839413194,13.5094147135878,21.0359033220123));
#15633=CARTESIAN_POINT('Ctrl Pts',(20.8678377833503,13.5984070002446,20.9782862207449));
#15634=CARTESIAN_POINT('Ctrl Pts',(20.5705323229709,13.7188028615441,20.8997515241982));
#15635=CARTESIAN_POINT('Ctrl Pts',(20.4063149410338,13.7500000000009,20.8791163606113));
#15636=CARTESIAN_POINT('Ctrl Pts',(20.2500000000001,13.7500000000009,20.8791163606113));
#15637=CARTESIAN_POINT('Ctrl Pts',(20.0864387959467,13.7500000000009,20.8791163606113));
#15638=CARTESIAN_POINT('Ctrl Pts',(19.9154027133937,13.7158964527538,20.901680329408));
#15639=CARTESIAN_POINT('Ctrl Pts',(19.6080977120437,13.5855049856935,20.9866650604093));
#15640=CARTESIAN_POINT('Ctrl Pts',(19.4716563854458,13.4894233384132,21.0487783874043));
#15641=CARTESIAN_POINT('Ctrl Pts',(19.2512105346252,13.2689774875926,21.1885050030099));
#15642=CARTESIAN_POINT('Ctrl Pts',(19.1556879689429,13.1265322773169,21.277369925259));
#15643=CARTESIAN_POINT('Ctrl Pts',(19.0300858210463,12.81917224784,21.4639498565767));
#15644=CARTESIAN_POINT('Ctrl Pts',(19.0000000000001,12.6542187126968,21.5615968793207));
#15645=CARTESIAN_POINT('Ctrl Pts',(19.0000000000001,12.5000000000009,21.6506350946098));
#15646=CARTESIAN_POINT('Ctrl Pts',(19.0000000000001,12.5000000000009,21.6506350946098));
#15647=CARTESIAN_POINT('Ctrl Pts',(19.,12.348560269225,21.7380688639392));
#15648=CARTESIAN_POINT('Ctrl Pts',(19.0291155897199,12.1843873261887,21.8305205669886));
#15649=CARTESIAN_POINT('Ctrl Pts',(19.1541425875932,11.8760876198558,21.9997605793907));
#15650=CARTESIAN_POINT('Ctrl Pts',(19.2501891073486,11.7320439396859,22.0766003833812));
#15651=CARTESIAN_POINT('Ctrl Pts',(19.4730214873629,11.5092115596715,22.1935266396123));
#15652=CARTESIAN_POINT('Ctrl Pts',(19.6108214092579,11.4128727318054,22.2430130820441));
#15653=CARTESIAN_POINT('Ctrl Pts',(19.9186596052242,11.2831973867222,22.3090733020385));
#15654=CARTESIAN_POINT('Ctrl Pts',(20.0887421326541,11.2500000000009,22.3257138743636));
#15655=CARTESIAN_POINT('Ctrl Pts',(20.4056695269093,11.2500000000009,22.3257138743636));
#15656=CARTESIAN_POINT('Ctrl Pts',(20.5703530150038,11.2809606649018,22.31019033686));
#15657=CARTESIAN_POINT('Ctrl Pts',(20.8701991689303,11.4027143170386,22.2482083026061));
#15658=CARTESIAN_POINT('Ctrl Pts',(21.0054066945428,11.4933705745612,22.2016983317457));
#15659=CARTESIAN_POINT('Ctrl Pts',(21.2344832585686,11.7112671838667,22.0876357666437));
#15660=CARTESIAN_POINT('Ctrl Pts',(21.3363142056546,11.8582588401366,22.0094120542805));
#15661=CARTESIAN_POINT('Ctrl Pts',(21.4690098894043,12.1745385871116,21.8360511981556));
#15662=CARTESIAN_POINT('Ctrl Pts',(21.5000000000001,12.3437399684701,21.7408518658777));
#15663=CARTESIAN_POINT('Ctrl Pts',(21.5000000000001,12.5000000000009,21.6506350946098));
#15664=CARTESIAN_POINT('Origin',(1577.59101173633,8.45989944764369E-14,
0.));
#15665=CARTESIAN_POINT('',(-19.,12.500000000001,21.6506350946097));
#15666=CARTESIAN_POINT('',(-21.5,12.500000000001,21.6506350946097));
#15667=CARTESIAN_POINT('Ctrl Pts',(-19.0000000000001,12.5000000000009,21.6506350946098));
#15668=CARTESIAN_POINT('Ctrl Pts',(-19.0000000000001,12.6542187126968,21.5615968793207));
#15669=CARTESIAN_POINT('Ctrl Pts',(-19.0300858210463,12.81917224784,21.4639498565766));
#15670=CARTESIAN_POINT('Ctrl Pts',(-19.1556879689429,13.1265322773169,21.277369925259));
#15671=CARTESIAN_POINT('Ctrl Pts',(-19.2512105346252,13.2689774875926,21.1885050030099));
#15672=CARTESIAN_POINT('Ctrl Pts',(-19.4716563854458,13.4894233384132,21.0487783874043));
#15673=CARTESIAN_POINT('Ctrl Pts',(-19.6080977120437,13.5855049856935,20.9866650604093));
#15674=CARTESIAN_POINT('Ctrl Pts',(-19.9154027133937,13.7158964527538,20.901680329408));
#15675=CARTESIAN_POINT('Ctrl Pts',(-20.0864387959467,13.7500000000009,20.8791163606113));
#15676=CARTESIAN_POINT('Ctrl Pts',(-20.2500000000001,13.7500000000009,20.8791163606113));
#15677=CARTESIAN_POINT('Ctrl Pts',(-20.4063149410338,13.7500000000009,20.8791163606113));
#15678=CARTESIAN_POINT('Ctrl Pts',(-20.5705323229709,13.7188028615441,20.8997515241982));
#15679=CARTESIAN_POINT('Ctrl Pts',(-20.8678377833503,13.5984070002446,20.9782862207449));
#15680=CARTESIAN_POINT('Ctrl Pts',(-21.0010839413194,13.5094147135878,21.0359033220123));
#15681=CARTESIAN_POINT('Ctrl Pts',(-21.2294302558366,13.29503120001,21.1721781629638));
#15682=CARTESIAN_POINT('Ctrl Pts',(-21.3321725813689,13.148955773352,21.2635705965667));
#15683=CARTESIAN_POINT('Ctrl Pts',(-21.4674667427686,12.8316863524431,21.4565211019683));
#15684=CARTESIAN_POINT('Ctrl Pts',(-21.5000000000001,12.660439514117,21.5580052979461));
#15685=CARTESIAN_POINT('Ctrl Pts',(-21.5000000000001,12.5000000000009,21.6506350946098));
#15686=CARTESIAN_POINT('Ctrl Pts',(-21.5000000000001,12.5000000000009,21.6506350946098));
#15687=CARTESIAN_POINT('Ctrl Pts',(-21.5000000000001,12.3437399684701,21.7408518658777));
#15688=CARTESIAN_POINT('Ctrl Pts',(-21.4690098894043,12.1745385871116,21.8360511981556));
#15689=CARTESIAN_POINT('Ctrl Pts',(-21.3363142056546,11.8582588401367,22.0094120542805));
#15690=CARTESIAN_POINT('Ctrl Pts',(-21.2344832585686,11.7112671838667,22.0876357666437));
#15691=CARTESIAN_POINT('Ctrl Pts',(-21.0054066945428,11.4933705745612,22.2016983317457));
#15692=CARTESIAN_POINT('Ctrl Pts',(-20.8701991689303,11.4027143170386,22.2482083026061));
#15693=CARTESIAN_POINT('Ctrl Pts',(-20.5703530150038,11.2809606649018,22.31019033686));
#15694=CARTESIAN_POINT('Ctrl Pts',(-20.4056695269093,11.2500000000009,22.3257138743636));
#15695=CARTESIAN_POINT('Ctrl Pts',(-20.0887421326541,11.2500000000009,22.3257138743636));
#15696=CARTESIAN_POINT('Ctrl Pts',(-19.9186596052242,11.2831973867222,22.3090733020385));
#15697=CARTESIAN_POINT('Ctrl Pts',(-19.6108214092579,11.4128727318054,22.2430130820441));
#15698=CARTESIAN_POINT('Ctrl Pts',(-19.4730214873629,11.5092115596715,22.1935266396123));
#15699=CARTESIAN_POINT('Ctrl Pts',(-19.2501891073486,11.7320439396859,22.0766003833812));
#15700=CARTESIAN_POINT('Ctrl Pts',(-19.1541425875931,11.8760876198558,21.9997605793907));
#15701=CARTESIAN_POINT('Ctrl Pts',(-19.0291155897199,12.1843873261887,21.8305205669886));
#15702=CARTESIAN_POINT('Ctrl Pts',(-19.0000000000001,12.348560269225,21.7380688639392));
#15703=CARTESIAN_POINT('Ctrl Pts',(-19.0000000000001,12.5000000000009,21.6506350946098));
#15704=CARTESIAN_POINT('Origin',(1577.59101173633,8.45989944764369E-14,
0.));
#15705=CARTESIAN_POINT('Origin',(31.4999999999991,8.45989944764369E-14,
0.));
#15706=CARTESIAN_POINT('',(23.5,-17.4999999999981,17.853571071358));
#15707=CARTESIAN_POINT('',(20.25,-20.7499999999981,13.9440847673858));
#15708=CARTESIAN_POINT('Ctrl Pts',(23.4999999999999,-17.4999999999982,17.8535710713579));
#15709=CARTESIAN_POINT('Ctrl Pts',(23.5,-17.9541606785007,17.408404564219));
#15710=CARTESIAN_POINT('Ctrl Pts',(23.4011460443939,-18.4253836549034,16.9095705838836));
#15711=CARTESIAN_POINT('Ctrl Pts',(23.0068487213652,-19.2848926866795,15.9223507464515));
#15712=CARTESIAN_POINT('Ctrl Pts',(22.7135988453189,-19.673993128112,15.4337992321418));
#15713=CARTESIAN_POINT('Ctrl Pts',(22.1017847175441,-20.1896296293371,14.7477027657954));
#15714=CARTESIAN_POINT('Ctrl Pts',(21.7926755126293,-20.3862575104667,14.4727599000909));
#15715=CARTESIAN_POINT('Ctrl Pts',(21.2556234405209,-20.5964784860284,14.1703966856081));
#15716=CARTESIAN_POINT('Ctrl Pts',(21.0643220080645,-20.652857358896,14.0877308778115));
#15717=CARTESIAN_POINT('Ctrl Pts',(20.6660447787053,-20.7296341271906,13.9745106293067));
#15718=CARTESIAN_POINT('Ctrl Pts',(20.4590262691676,-20.7499999999982,13.9440847673858));
#15719=CARTESIAN_POINT('Ctrl Pts',(20.2500000000001,-20.7499999999982,13.9440847673858));
#15720=CARTESIAN_POINT('',(-20.25,-20.7499999999981,13.9440847673858));
#15721=CARTESIAN_POINT('',(20.25,-20.7499999999981,13.9440847673859));
#15722=CARTESIAN_POINT('',(-23.5,-17.499999999998,17.8535710713581));
#15723=CARTESIAN_POINT('Ctrl Pts',(-20.2500000000001,-20.7499999999982,
13.9440847673858));
#15724=CARTESIAN_POINT('Ctrl Pts',(-20.4590262691676,-20.7499999999982,
13.9440847673858));
#15725=CARTESIAN_POINT('Ctrl Pts',(-20.6660447787053,-20.7296341271906,
13.9745106293067));
#15726=CARTESIAN_POINT('Ctrl Pts',(-21.0643220080645,-20.652857358896,14.0877308778115));
#15727=CARTESIAN_POINT('Ctrl Pts',(-21.2556234405209,-20.5964784860284,
14.1703966856081));
#15728=CARTESIAN_POINT('Ctrl Pts',(-21.7926755126293,-20.3862575104667,
14.4727599000909));
#15729=CARTESIAN_POINT('Ctrl Pts',(-22.1017847175441,-20.1896296293371,
14.7477027657954));
#15730=CARTESIAN_POINT('Ctrl Pts',(-22.7135988453189,-19.673993128112,15.4337992321418));
#15731=CARTESIAN_POINT('Ctrl Pts',(-23.0068487213652,-19.2848926866795,
15.9223507464515));
#15732=CARTESIAN_POINT('Ctrl Pts',(-23.4011460443939,-18.4253836549034,
16.9095705838836));
#15733=CARTESIAN_POINT('Ctrl Pts',(-23.4999999999999,-17.9541606785007,
17.408404564219));
#15734=CARTESIAN_POINT('Ctrl Pts',(-23.4999999999999,-17.4999999999982,
17.8535710713579));
#15735=CARTESIAN_POINT('',(-23.5,12.5000000000011,21.6506350946096));
#15736=CARTESIAN_POINT('Origin',(-23.5000000000001,8.45989944764369E-14,
0.));
#15737=CARTESIAN_POINT('',(-20.25,15.750000000001,19.4148783153524));
#15738=CARTESIAN_POINT('Ctrl Pts',(-23.4999999999999,12.5000000000009,21.6506350946098));
#15739=CARTESIAN_POINT('Ctrl Pts',(-23.4999999999999,12.92756060263,21.4037828655869));
#15740=CARTESIAN_POINT('Ctrl Pts',(-23.4114462870204,13.3779760893597,21.1252356578308));
#15741=CARTESIAN_POINT('Ctrl Pts',(-23.0532803344263,14.2050524299204,20.5781999045358));
#15742=CARTESIAN_POINT('Ctrl Pts',(-22.7840741921292,14.582148033339,20.3101030110832));
#15743=CARTESIAN_POINT('Ctrl Pts',(-22.1931036378953,15.1306613807082,19.9037383633884));
#15744=CARTESIAN_POINT('Ctrl Pts',(-21.851701715488,15.3579667621381,19.727440816426));
#15745=CARTESIAN_POINT('Ctrl Pts',(-21.0851551820733,15.6679546164424,19.4821524307633));
#15746=CARTESIAN_POINT('Ctrl Pts',(-20.6592049034685,15.7500000000009,19.4148783153525));
#15747=CARTESIAN_POINT('Ctrl Pts',(-20.2500000000001,15.7500000000009,19.4148783153525));
#15748=CARTESIAN_POINT('',(20.25,15.750000000001,19.4148783153524));
#15749=CARTESIAN_POINT('',(-20.25,15.750000000001,19.4148783153523));
#15750=CARTESIAN_POINT('',(23.5,12.500000000001,21.6506350946097));
#15751=CARTESIAN_POINT('Ctrl Pts',(20.2500000000001,15.7500000000009,19.4148783153525));
#15752=CARTESIAN_POINT('Ctrl Pts',(20.6592049034685,15.7500000000009,19.4148783153525));
#15753=CARTESIAN_POINT('Ctrl Pts',(21.0851551820733,15.6679546164424,19.4821524307633));
#15754=CARTESIAN_POINT('Ctrl Pts',(21.851701715488,15.3579667621381,19.727440816426));
#15755=CARTESIAN_POINT('Ctrl Pts',(22.1931036378953,15.1306613807082,19.9037383633883));
#15756=CARTESIAN_POINT('Ctrl Pts',(22.7840741921292,14.582148033339,20.3101030110832));
#15757=CARTESIAN_POINT('Ctrl Pts',(23.0532803344263,14.2050524299204,20.5781999045358));
#15758=CARTESIAN_POINT('Ctrl Pts',(23.4114462870204,13.3779760893597,21.1252356578308));
#15759=CARTESIAN_POINT('Ctrl Pts',(23.4999999999999,12.92756060263,21.4037828655869));
#15760=CARTESIAN_POINT('Ctrl Pts',(23.4999999999999,12.5000000000009,21.6506350946098));
#15761=CARTESIAN_POINT('Origin',(23.5000000000001,8.45989944764369E-14,
0.));
#15762=CARTESIAN_POINT('Origin',(31.4999999999991,8.45989944764369E-14,
0.));
#15763=CARTESIAN_POINT('',(31.4999999999991,27.0270457002988,-9.03273989305252E-14));
#15764=CARTESIAN_POINT('',(31.4999999999991,24.9999999999994,-8.07772287216273E-14));
#15765=CARTESIAN_POINT('',(31.4999999999991,-27.0270457002987,4.96646067288728E-14));
#15766=CARTESIAN_POINT('Origin',(31.4999999999991,8.45989944764369E-14,
0.));
#15767=CARTESIAN_POINT('',(31.4999999999991,-27.0270457002987,0.));
#15768=CARTESIAN_POINT('Origin',(31.4999999999991,8.45989944764369E-14,
0.));
#15769=CARTESIAN_POINT('Origin',(31.4999999999991,8.45989944764369E-14,
0.));
#15770=CARTESIAN_POINT('Origin',(47.3333333333326,8.45989944764369E-14,
0.));
#15771=CARTESIAN_POINT('',(47.3333333333326,16.0000000000003,-5.16974263818435E-14));
#15772=CARTESIAN_POINT('',(47.3333333333326,-16.0000000000001,2.58487131909218E-14));
#15773=CARTESIAN_POINT('Origin',(47.3333333333326,8.45989944764369E-14,
0.));
#15774=CARTESIAN_POINT('',(47.3333333333326,-27.4019237886372,4.49432158156071E-14));
#15775=CARTESIAN_POINT('',(47.3333333333326,-16.0000000000001,0.));
#15776=CARTESIAN_POINT('',(47.3333333333326,27.4019237886374,-8.80820362932093E-14));
#15777=CARTESIAN_POINT('Origin',(47.3333333333326,8.45989944764369E-14,
0.));
#15778=CARTESIAN_POINT('',(47.3333333333326,27.4019237886374,-8.85380586114965E-14));
#15779=CARTESIAN_POINT('Origin',(47.3333333333326,8.45989944764369E-14,
0.));
#15780=CARTESIAN_POINT('Origin',(47.3333333333326,8.45989944764369E-14,
0.));
#15781=CARTESIAN_POINT('Origin',(47.3333333333326,8.45989944764369E-14,
0.));
#15782=CARTESIAN_POINT('Origin',(1577.59101173633,8.45989944764369E-14,
0.));
#15783=CARTESIAN_POINT('',(59.9999999999991,16.0000000000003,-5.22560345310648E-14));
#15784=CARTESIAN_POINT('',(47.3333333333326,16.0000000000003,-5.16974263818435E-14));
#15785=CARTESIAN_POINT('',(59.9999999999991,-16.0000000000001,2.61728139161477E-14));
#15786=CARTESIAN_POINT('Origin',(59.9999999999991,8.45989944764369E-14,
0.));
#15787=CARTESIAN_POINT('',(59.9999999999991,-16.0000000000001,0.));
#15788=CARTESIAN_POINT('Origin',(1577.59101173633,8.45989944764369E-14,
0.));
#15789=CARTESIAN_POINT('Origin',(59.9999999999991,8.45989944764369E-14,
0.));
#15790=CARTESIAN_POINT('Origin',(59.9999999999991,8.45989944764369E-14,
0.));
#15791=CARTESIAN_POINT('',(59.9999999999991,16.0000000000003,-5.16974263818435E-14));
#15792=CARTESIAN_POINT('Origin',(59.9999999999991,8.45989944764369E-14,
0.));
#15793=CARTESIAN_POINT('Origin',(-59.9999999999988,8.45989944764369E-14,
0.));
#15794=CARTESIAN_POINT('',(-59.9999999999988,-15.9999999999995,0.));
#15795=CARTESIAN_POINT('Origin',(-59.9999999999988,8.45989944764369E-14,
0.));
#15796=CARTESIAN_POINT('Ctrl Pts',(-47.333333333332,-27.4019237886379,0.));
#15797=CARTESIAN_POINT('Ctrl Pts',(-47.333333333332,-27.4019237886379,-27.401923788638));
#15798=CARTESIAN_POINT('Ctrl Pts',(-47.3333333333321,8.45989944764369E-14,
-27.401923788638));
#15799=CARTESIAN_POINT('Ctrl Pts',(-47.3333333333321,27.401923788638,-27.401923788638));
#15800=CARTESIAN_POINT('Ctrl Pts',(-47.3333333333321,27.4019237886381,0.));
#15801=CARTESIAN_POINT('Ctrl Pts',(-45.8333333333463,-29.9999999999995,
0.));
#15802=CARTESIAN_POINT('Ctrl Pts',(-45.8333333333463,-29.9999999999994,
-29.9999999999995));
#15803=CARTESIAN_POINT('Ctrl Pts',(-45.8333333333462,8.45989944764369E-14,
-29.9999999999995));
#15804=CARTESIAN_POINT('Ctrl Pts',(-45.8333333333461,29.9999999999996,-29.9999999999995));
#15805=CARTESIAN_POINT('Ctrl Pts',(-45.8333333333461,29.9999999999996,0.));
#15806=CARTESIAN_POINT('',(-47.333333333332,27.4019237886381,-8.85380586114986E-14));
#15807=CARTESIAN_POINT('',(-45.8333333333462,-29.9999999999995,0.));
#15808=CARTESIAN_POINT('Ctrl Pts',(-47.3333333333321,27.4019237886381,0.));
#15809=CARTESIAN_POINT('Ctrl Pts',(-47.3333333333321,27.4019237886381,27.401923788638));
#15810=CARTESIAN_POINT('Ctrl Pts',(-47.3333333333321,8.45989944764369E-14,
27.401923788638));
#15811=CARTESIAN_POINT('Ctrl Pts',(-47.333333333332,-27.4019237886379,27.401923788638));
#15812=CARTESIAN_POINT('Ctrl Pts',(-47.333333333332,-27.4019237886379,0.));
#15813=CARTESIAN_POINT('Ctrl Pts',(-45.8333333333461,29.9999999999996,0.));
#15814=CARTESIAN_POINT('Ctrl Pts',(-45.8333333333461,29.9999999999996,29.9999999999996));
#15815=CARTESIAN_POINT('Ctrl Pts',(-45.8333333333462,8.45989944764369E-14,
29.9999999999995));
#15816=CARTESIAN_POINT('Ctrl Pts',(-45.8333333333463,-29.9999999999995,
29.9999999999996));
#15817=CARTESIAN_POINT('Ctrl Pts',(-45.8333333333463,-29.9999999999995,
0.));
#15818=CARTESIAN_POINT('Ctrl Pts',(-31.9019237886584,-29.9999999999995,
0.));
#15819=CARTESIAN_POINT('Ctrl Pts',(-31.9019237886584,-29.9999999999994,
-29.9999999999995));
#15820=CARTESIAN_POINT('Ctrl Pts',(-31.9019237886585,8.45989944764369E-14,
-29.9999999999995));
#15821=CARTESIAN_POINT('Ctrl Pts',(-31.9019237886585,29.9999999999996,-29.9999999999995));
#15822=CARTESIAN_POINT('Ctrl Pts',(-31.9019237886585,29.9999999999996,0.));
#15823=CARTESIAN_POINT('Ctrl Pts',(-31.4999999999988,-27.0270457002987,
0.));
#15824=CARTESIAN_POINT('Ctrl Pts',(-31.4999999999988,-27.0270457002986,
-27.0270457002987));
#15825=CARTESIAN_POINT('Ctrl Pts',(-31.4999999999989,8.45989944764369E-14,
-27.0270457002987));
#15826=CARTESIAN_POINT('Ctrl Pts',(-31.499999999999,27.0270457002988,-27.0270457002987));
#15827=CARTESIAN_POINT('Ctrl Pts',(-31.499999999999,27.0270457002988,0.));
#15828=CARTESIAN_POINT('',(-31.9019237886585,29.9999999999996,-9.69326744659537E-14));
#15829=CARTESIAN_POINT('',(-31.4999999999988,-27.0270457002987,0.));
#15830=CARTESIAN_POINT('Ctrl Pts',(-31.9019237886585,29.9999999999996,0.));
#15831=CARTESIAN_POINT('Ctrl Pts',(-31.9019237886585,29.9999999999996,29.9999999999996));
#15832=CARTESIAN_POINT('Ctrl Pts',(-31.9019237886585,8.45989944764369E-14,
29.9999999999995));
#15833=CARTESIAN_POINT('Ctrl Pts',(-31.9019237886584,-29.9999999999995,
29.9999999999996));
#15834=CARTESIAN_POINT('Ctrl Pts',(-31.9019237886584,-29.9999999999995,
0.));
#15835=CARTESIAN_POINT('Ctrl Pts',(-31.499999999999,27.0270457002988,0.));
#15836=CARTESIAN_POINT('Ctrl Pts',(-31.499999999999,27.0270457002988,27.0270457002988));
#15837=CARTESIAN_POINT('Ctrl Pts',(-31.4999999999989,8.45989944764369E-14,
27.0270457002987));
#15838=CARTESIAN_POINT('Ctrl Pts',(-31.4999999999988,-27.0270457002987,
27.0270457002988));
#15839=CARTESIAN_POINT('Ctrl Pts',(-31.4999999999988,-27.0270457002987,
0.));
#15840=CARTESIAN_POINT('Ctrl Pts',(31.4999999999991,-27.0270457002987,0.));
#15841=CARTESIAN_POINT('Ctrl Pts',(31.4999999999991,-27.0270457002986,-27.0270457002987));
#15842=CARTESIAN_POINT('Ctrl Pts',(31.4999999999992,8.45989944764369E-14,
-27.0270457002987));
#15843=CARTESIAN_POINT('Ctrl Pts',(31.4999999999993,27.0270457002988,-27.0270457002987));
#15844=CARTESIAN_POINT('Ctrl Pts',(31.4999999999993,27.0270457002988,0.));
#15845=CARTESIAN_POINT('Ctrl Pts',(31.9019237886592,-29.9999999999994,0.));
#15846=CARTESIAN_POINT('Ctrl Pts',(31.9019237886592,-29.9999999999994,-29.9999999999994));
#15847=CARTESIAN_POINT('Ctrl Pts',(31.9019237886593,8.45989944764369E-14,
-29.9999999999995));
#15848=CARTESIAN_POINT('Ctrl Pts',(31.9019237886594,29.9999999999995,-29.9999999999994));
#15849=CARTESIAN_POINT('Ctrl Pts',(31.9019237886594,29.9999999999996,0.));
#15850=CARTESIAN_POINT('',(31.9019237886593,29.9999999999996,-1.00263343539829E-13));
#15851=CARTESIAN_POINT('',(31.4999999999991,27.0270457002988,-8.73267940881184E-14));
#15852=CARTESIAN_POINT('',(31.9019237886593,-29.9999999999994,5.51276753807276E-14));
#15853=CARTESIAN_POINT('Origin',(31.9019237886593,8.45989944764369E-14,
0.));
#15854=CARTESIAN_POINT('',(31.9019237886593,-29.9999999999994,0.));
#15855=CARTESIAN_POINT('Ctrl Pts',(31.4999999999993,27.0270457002988,0.));
#15856=CARTESIAN_POINT('Ctrl Pts',(31.4999999999993,27.0270457002989,27.0270457002988));
#15857=CARTESIAN_POINT('Ctrl Pts',(31.4999999999992,8.45989944764369E-14,
27.0270457002987));
#15858=CARTESIAN_POINT('Ctrl Pts',(31.4999999999991,-27.0270457002987,27.0270457002988));
#15859=CARTESIAN_POINT('Ctrl Pts',(31.4999999999991,-27.0270457002987,0.));
#15860=CARTESIAN_POINT('Ctrl Pts',(31.9019237886594,29.9999999999996,0.));
#15861=CARTESIAN_POINT('Ctrl Pts',(31.9019237886594,29.9999999999996,29.9999999999995));
#15862=CARTESIAN_POINT('Ctrl Pts',(31.9019237886593,8.45989944764369E-14,
29.9999999999995));
#15863=CARTESIAN_POINT('Ctrl Pts',(31.9019237886592,-29.9999999999994,29.9999999999995));
#15864=CARTESIAN_POINT('Ctrl Pts',(31.9019237886592,-29.9999999999994,0.));
#15865=CARTESIAN_POINT('Origin',(31.9019237886593,8.45989944764369E-14,
0.));
#15866=CARTESIAN_POINT('Origin',(1577.59101173633,8.45989944764369E-14,
0.));
#15867=CARTESIAN_POINT('',(45.8333333333478,29.9999999999996,-1.00263343539829E-13));
#15868=CARTESIAN_POINT('',(31.9019237886593,29.9999999999996,-9.69326744659535E-14));
#15869=CARTESIAN_POINT('',(45.8333333333478,-29.9999999999994,5.51276753807276E-14));
#15870=CARTESIAN_POINT('Origin',(45.8333333333478,8.45989944764369E-14,
0.));
#15871=CARTESIAN_POINT('',(45.8333333333478,-29.9999999999994,0.));
#15872=CARTESIAN_POINT('Origin',(1577.59101173633,8.45989944764369E-14,
0.));
#15873=CARTESIAN_POINT('Origin',(45.8333333333478,8.45989944764369E-14,
0.));
#15874=CARTESIAN_POINT('Ctrl Pts',(45.8333333333479,-29.9999999999994,0.));
#15875=CARTESIAN_POINT('Ctrl Pts',(45.8333333333479,-29.9999999999994,-29.9999999999994));
#15876=CARTESIAN_POINT('Ctrl Pts',(45.8333333333479,8.45989944764369E-14,
-29.9999999999995));
#15877=CARTESIAN_POINT('Ctrl Pts',(45.8333333333479,29.9999999999995,-29.9999999999994));
#15878=CARTESIAN_POINT('Ctrl Pts',(45.8333333333479,29.9999999999996,0.));
#15879=CARTESIAN_POINT('Ctrl Pts',(47.3333333333326,-27.4019237886372,0.));
#15880=CARTESIAN_POINT('Ctrl Pts',(47.3333333333326,-27.4019237886372,-27.4019237886373));
#15881=CARTESIAN_POINT('Ctrl Pts',(47.3333333333326,8.45989944764369E-14,
-27.4019237886373));
#15882=CARTESIAN_POINT('Ctrl Pts',(47.3333333333327,27.4019237886374,-27.4019237886373));
#15883=CARTESIAN_POINT('Ctrl Pts',(47.3333333333327,27.4019237886374,0.));
#15884=CARTESIAN_POINT('',(47.3333333333326,-27.4019237886372,0.));
#15885=CARTESIAN_POINT('',(45.8333333333478,29.9999999999996,-9.69326744659535E-14));
#15886=CARTESIAN_POINT('Ctrl Pts',(45.8333333333479,29.9999999999996,0.));
#15887=CARTESIAN_POINT('Ctrl Pts',(45.8333333333479,29.9999999999996,29.9999999999995));
#15888=CARTESIAN_POINT('Ctrl Pts',(45.8333333333479,8.45989944764369E-14,
29.9999999999995));
#15889=CARTESIAN_POINT('Ctrl Pts',(45.8333333333479,-29.9999999999994,29.9999999999995));
#15890=CARTESIAN_POINT('Ctrl Pts',(45.8333333333479,-29.9999999999994,0.));
#15891=CARTESIAN_POINT('Ctrl Pts',(47.3333333333327,27.4019237886374,0.));
#15892=CARTESIAN_POINT('Ctrl Pts',(47.3333333333327,27.4019237886374,27.4019237886373));
#15893=CARTESIAN_POINT('Ctrl Pts',(47.3333333333326,8.45989944764369E-14,
27.4019237886373));
#15894=CARTESIAN_POINT('Ctrl Pts',(47.3333333333326,-27.4019237886372,27.4019237886373));
#15895=CARTESIAN_POINT('Ctrl Pts',(47.3333333333326,-27.4019237886372,0.));
#15896=CARTESIAN_POINT('Origin',(23.5,-17.4999999999982,33.));
#15897=CARTESIAN_POINT('',(20.25,-20.7499999999982,33.));
#15898=CARTESIAN_POINT('',(23.5,-17.4999999999982,33.));
#15899=CARTESIAN_POINT('Origin',(20.25,-17.4999999999982,33.));
#15900=CARTESIAN_POINT('',(23.5,12.5000000000012,33.));
#15901=CARTESIAN_POINT('',(23.5,-17.4999999999982,33.));
#15902=CARTESIAN_POINT('',(20.25,15.7500000000009,33.));
#15903=CARTESIAN_POINT('Origin',(20.25,12.5000000000009,33.));
#15904=CARTESIAN_POINT('',(-20.25,15.7500000000009,33.));
#15905=CARTESIAN_POINT('',(20.25,15.7500000000009,33.));
#15906=CARTESIAN_POINT('',(-23.5,12.5000000000009,33.));
#15907=CARTESIAN_POINT('Origin',(-20.25,12.5000000000009,33.));
#15908=CARTESIAN_POINT('',(-23.5,-17.4999999999982,33.));
#15909=CARTESIAN_POINT('',(-23.5,12.5000000000009,33.));
#15910=CARTESIAN_POINT('',(-20.25,-20.7499999999982,33.));
#15911=CARTESIAN_POINT('Origin',(-20.25,-17.4999999999982,33.));
#15912=CARTESIAN_POINT('',(-20.25,-20.7499999999982,33.));
#15913=CARTESIAN_POINT('',(-21.5,12.5000000000009,33.));
#15914=CARTESIAN_POINT('',(-19.,12.5000000000009,33.));
#15915=CARTESIAN_POINT('Origin',(-20.25,12.5000000000009,33.));
#15916=CARTESIAN_POINT('Origin',(-20.25,12.5000000000009,33.));
#15917=CARTESIAN_POINT('',(19.,12.5000000000009,33.));
#15918=CARTESIAN_POINT('',(21.5,12.5000000000009,33.));
#15919=CARTESIAN_POINT('Origin',(20.25,12.5000000000009,33.));
#15920=CARTESIAN_POINT('Origin',(20.25,12.5000000000009,33.));
#15921=CARTESIAN_POINT('',(-21.5,-17.4999999999982,33.));
#15922=CARTESIAN_POINT('',(-19.,-17.4999999999982,33.));
#15923=CARTESIAN_POINT('Origin',(-20.25,-17.4999999999982,33.));
#15924=CARTESIAN_POINT('Origin',(-20.25,-17.4999999999982,33.));
#15925=CARTESIAN_POINT('',(19.,-17.4999999999982,33.));
#15926=CARTESIAN_POINT('',(21.5,-17.4999999999982,33.));
#15927=CARTESIAN_POINT('Origin',(20.25,-17.4999999999982,33.));
#15928=CARTESIAN_POINT('Origin',(20.25,-17.4999999999982,33.));
#15929=CARTESIAN_POINT('Origin',(23.5,-17.4999999999982,-40.));
#15930=CARTESIAN_POINT('',(20.25,-20.7499999999982,-40.));
#15931=CARTESIAN_POINT('',(-20.25,-20.7499999999982,-40.));
#15932=CARTESIAN_POINT('',(20.25,-20.7499999999982,-40.));
#15933=CARTESIAN_POINT('',(-23.5,-17.4999999999982,-40.));
#15934=CARTESIAN_POINT('Origin',(-20.25,-17.4999999999982,-40.));
#15935=CARTESIAN_POINT('',(-23.5,12.5000000000009,-40.));
#15936=CARTESIAN_POINT('',(-23.5,-17.4999999999982,-40.));
#15937=CARTESIAN_POINT('',(-20.25,15.7500000000009,-40.));
#15938=CARTESIAN_POINT('Origin',(-20.25,12.5000000000009,-40.));
#15939=CARTESIAN_POINT('',(20.25,15.7500000000009,-40.));
#15940=CARTESIAN_POINT('',(-20.25,15.7500000000009,-40.));
#15941=CARTESIAN_POINT('',(23.5,12.5000000000012,-40.));
#15942=CARTESIAN_POINT('Origin',(20.25,12.5000000000009,-40.));
#15943=CARTESIAN_POINT('',(23.5,-17.4999999999982,-40.));
#15944=CARTESIAN_POINT('',(23.5,12.5000000000018,-40.));
#15945=CARTESIAN_POINT('Origin',(20.25,-17.4999999999982,-40.));
#15946=CARTESIAN_POINT('',(-21.5,12.5000000000009,-40.));
#15947=CARTESIAN_POINT('',(-19.,12.5000000000009,-40.));
#15948=CARTESIAN_POINT('Origin',(-20.25,12.5000000000009,-40.));
#15949=CARTESIAN_POINT('Origin',(-20.25,12.5000000000009,-40.));
#15950=CARTESIAN_POINT('',(19.,12.5000000000009,-40.));
#15951=CARTESIAN_POINT('',(21.5,12.5000000000009,-40.));
#15952=CARTESIAN_POINT('Origin',(20.25,12.5000000000009,-40.));
#15953=CARTESIAN_POINT('Origin',(20.25,12.5000000000009,-40.));
#15954=CARTESIAN_POINT('',(-21.5,-17.4999999999982,-40.));
#15955=CARTESIAN_POINT('',(-19.,-17.4999999999982,-40.));
#15956=CARTESIAN_POINT('Origin',(-20.25,-17.4999999999982,-40.));
#15957=CARTESIAN_POINT('Origin',(-20.25,-17.4999999999982,-40.));
#15958=CARTESIAN_POINT('',(19.,-17.4999999999982,-40.));
#15959=CARTESIAN_POINT('',(21.5,-17.4999999999982,-40.));
#15960=CARTESIAN_POINT('Origin',(20.25,-17.4999999999982,-40.));
#15961=CARTESIAN_POINT('Origin',(20.25,-17.4999999999982,-40.));
#15962=CARTESIAN_POINT('Origin',(20.25,-17.4999999999982,-40.));
#15963=CARTESIAN_POINT('',(20.25,-20.7499999999982,33.));
#15964=CARTESIAN_POINT('',(23.5,-17.4999999999982,33.));
#15965=CARTESIAN_POINT('Origin',(20.25,-17.4999999999982,-40.));
#15966=CARTESIAN_POINT('',(23.5,-17.4999999999982,-17.8535710713579));
#15967=CARTESIAN_POINT('',(20.25,-20.7499999999982,-13.9440847673858));
#15968=CARTESIAN_POINT('Origin',(23.5,-17.4999999999982,33.));
#15969=CARTESIAN_POINT('',(23.5,12.5000000000008,-21.6506350946098));
#15970=CARTESIAN_POINT('Origin',(23.5,-17.4999999999982,33.));
#15971=CARTESIAN_POINT('',(23.5,12.5000000000008,33.));
#15972=CARTESIAN_POINT('Origin',(20.25,12.5000000000009,-40.));
#15973=CARTESIAN_POINT('',(20.25,15.7500000000009,33.));
#15974=CARTESIAN_POINT('Origin',(20.25,12.5000000000009,-40.));
#15975=CARTESIAN_POINT('',(20.25,15.7500000000009,-19.4148783153525));
#15976=CARTESIAN_POINT('Origin',(20.25,15.7500000000009,33.));
#15977=CARTESIAN_POINT('',(-20.25,15.7500000000009,-19.4148783153525));
#15978=CARTESIAN_POINT('Origin',(20.25,15.7500000000009,33.));
#15979=CARTESIAN_POINT('',(-20.25,15.7500000000009,33.));
#15980=CARTESIAN_POINT('Origin',(-20.25,12.5000000000009,-40.));
#15981=CARTESIAN_POINT('',(-23.5,12.5000000000009,33.));
#15982=CARTESIAN_POINT('Origin',(-20.25,12.5000000000009,-40.));
#15983=CARTESIAN_POINT('',(-23.5,12.5000000000009,-21.6506350946098));
#15984=CARTESIAN_POINT('Origin',(-23.5,12.5000000000009,33.));
#15985=CARTESIAN_POINT('',(-23.5,-17.4999999999982,-17.8535710713579));
#15986=CARTESIAN_POINT('Origin',(-23.5,12.5000000000009,33.));
#15987=CARTESIAN_POINT('',(-23.5,-17.4999999999982,33.));
#15988=CARTESIAN_POINT('Origin',(-20.25,-17.4999999999982,-40.));
#15989=CARTESIAN_POINT('',(-20.25,-20.7499999999982,33.));
#15990=CARTESIAN_POINT('Origin',(-20.25,-17.4999999999982,-40.));
#15991=CARTESIAN_POINT('',(-20.25,-20.7499999999982,-13.9440847673858));
#15992=CARTESIAN_POINT('Origin',(-20.25,-20.7499999999982,33.));
#15993=CARTESIAN_POINT('Origin',(-20.25,-20.7499999999982,33.));
#15994=CARTESIAN_POINT('Origin',(-20.25,12.5000000000009,0.));
#15995=CARTESIAN_POINT('',(-19.,12.5000000000009,-21.6506350946098));
#15996=CARTESIAN_POINT('',(-21.5,12.5000000000009,-21.6506350946098));
#15997=CARTESIAN_POINT('Origin',(-20.25,12.5000000000009,0.));
#15998=CARTESIAN_POINT('',(-21.5,12.5000000000009,33.));
#15999=CARTESIAN_POINT('',(-19.,12.5000000000009,33.));
#16000=CARTESIAN_POINT('Origin',(-20.25,12.5000000000009,0.));
#16001=CARTESIAN_POINT('Origin',(-20.25,12.5000000000009,0.));
#16002=CARTESIAN_POINT('Origin',(20.25,12.5000000000009,0.));
#16003=CARTESIAN_POINT('',(21.5,12.5000000000009,-21.6506350946098));
#16004=CARTESIAN_POINT('',(19.,12.5000000000009,-21.6506350946098));
#16005=CARTESIAN_POINT('Origin',(20.25,12.5000000000009,0.));
#16006=CARTESIAN_POINT('',(19.,12.5000000000009,33.));
#16007=CARTESIAN_POINT('',(21.5,12.5000000000009,33.));
#16008=CARTESIAN_POINT('Origin',(20.25,12.5000000000009,0.));
#16009=CARTESIAN_POINT('Origin',(20.25,12.5000000000009,0.));
#16010=CARTESIAN_POINT('Origin',(-20.25,-17.4999999999982,0.));
#16011=CARTESIAN_POINT('',(-19.,-17.4999999999982,-17.8535710713579));
#16012=CARTESIAN_POINT('',(-21.5,-17.4999999999982,-17.8535710713579));
#16013=CARTESIAN_POINT('Origin',(-20.25,-17.4999999999982,0.));
#16014=CARTESIAN_POINT('',(-21.5,-17.4999999999982,33.));
#16015=CARTESIAN_POINT('',(-19.,-17.4999999999982,33.));
#16016=CARTESIAN_POINT('Origin',(-20.25,-17.4999999999982,0.));
#16017=CARTESIAN_POINT('Origin',(-20.25,-17.4999999999982,0.));
#16018=CARTESIAN_POINT('Origin',(20.25,-17.4999999999982,0.));
#16019=CARTESIAN_POINT('',(21.5,-17.4999999999982,-17.8535710713579));
#16020=CARTESIAN_POINT('',(19.,-17.4999999999982,-17.8535710713579));
#16021=CARTESIAN_POINT('Origin',(20.25,-17.4999999999982,0.));
#16022=CARTESIAN_POINT('',(19.,-17.4999999999982,33.));
#16023=CARTESIAN_POINT('',(21.5,-17.4999999999982,33.));
#16024=CARTESIAN_POINT('Origin',(20.25,-17.4999999999982,0.));
#16025=CARTESIAN_POINT('Origin',(20.25,-17.4999999999982,0.));
#16026=CARTESIAN_POINT('',(0.,0.,0.));
#16027=CARTESIAN_POINT('Origin',(-19.7753061001993,12.9805716758074,4.50151554300084));
#16028=CARTESIAN_POINT('',(35.2246938998007,12.9805716758074,4.50151554300084));
#16029=CARTESIAN_POINT('',(-19.7753061001993,12.9805716758074,4.50151554300084));
#16030=CARTESIAN_POINT('',(35.2246938998007,12.9805716758074,4.50151554300084));
#16031=CARTESIAN_POINT('',(-19.7753061001993,-13.8535498904353,4.50151554300084));
#16032=CARTESIAN_POINT('',(-19.7753061001993,12.9805716758074,4.50151554300084));
#16033=CARTESIAN_POINT('',(35.2246938998007,-13.8535498904353,4.50151554300084));
#16034=CARTESIAN_POINT('',(-19.7753061001993,-13.8535498904353,4.50151554300084));
#16035=CARTESIAN_POINT('',(35.2246938998007,-13.8535498904353,4.50151554300084));
#16036=CARTESIAN_POINT('Origin',(-19.7753061001993,12.9805716758074,0.));
#16037=CARTESIAN_POINT('',(35.2246938998007,12.9805716758074,0.));
#16038=CARTESIAN_POINT('',(35.2246938998007,-13.8535498904353,0.));
#16039=CARTESIAN_POINT('',(35.2246938998007,12.9805716758074,0.));
#16040=CARTESIAN_POINT('',(-19.7753061001993,-13.8535498904353,0.));
#16041=CARTESIAN_POINT('',(35.2246938998007,-13.8535498904353,0.));
#16042=CARTESIAN_POINT('',(-19.7753061001993,12.9805716758074,0.));
#16043=CARTESIAN_POINT('',(-19.7753061001993,-13.8535498904353,0.));
#16044=CARTESIAN_POINT('',(-19.7753061001993,12.9805716758074,0.));
#16045=CARTESIAN_POINT('Origin',(35.2246938998007,12.9805716758074,4.50151554300084));
#16046=CARTESIAN_POINT('',(35.2246938998007,12.9805716758074,4.50151554300084));
#16047=CARTESIAN_POINT('',(-19.7753061001993,12.9805716758074,4.50151554300084));
#16048=CARTESIAN_POINT('Origin',(-19.7753061001993,12.9805716758074,4.50151554300084));
#16049=CARTESIAN_POINT('',(-19.7753061001993,-13.8535498904353,4.50151554300084));
#16050=CARTESIAN_POINT('Origin',(-19.7753061001993,-13.8535498904353,4.50151554300084));
#16051=CARTESIAN_POINT('',(35.2246938998007,-13.8535498904353,4.50151554300084));
#16052=CARTESIAN_POINT('Origin',(35.2246938998007,-13.8535498904353,4.50151554300084));
#16053=CARTESIAN_POINT('Origin',(-64.5382726500367,33.1780497887021,18.5665507102614));
#16054=CARTESIAN_POINT('',(44.9031857087324,33.1780497887018,18.5665507102614));
#16055=CARTESIAN_POINT('',(-41.7448849520549,33.178049788702,18.5665507102614));
#16056=CARTESIAN_POINT('',(44.9031857087323,33.1780497887018,18.5665507102614));
#16057=CARTESIAN_POINT('',(-51.7448849520547,23.1780497887019,18.5665507102614));
#16058=CARTESIAN_POINT('Origin',(-35.5727355022016,17.005900338849,18.5665507102614));
#16059=CARTESIAN_POINT('',(-51.7448849520549,-24.6882101199427,18.5665507102614));
#16060=CARTESIAN_POINT('',(-51.7448849520547,23.1780497887019,18.5665507102614));
#16061=CARTESIAN_POINT('',(-40.2412008798449,-34.6882101199428,18.5665507102614));
#16062=CARTESIAN_POINT('Origin',(-34.6909567351455,-16.6866472418564,18.5665507102614));
#16063=CARTESIAN_POINT('',(48.6734011764387,-34.6882101199431,18.5665507102614));
#16064=CARTESIAN_POINT('',(-40.2412008798449,-34.6882101199428,18.5665507102614));
#16065=CARTESIAN_POINT('',(58.2551150479451,-21.5063513655709,18.5665507102614));
#16066=CARTESIAN_POINT('Origin',(45.8887868428067,-22.5907736941216,18.5665507102614));
#16067=CARTESIAN_POINT('',(58.2551150479452,23.4773052928411,18.5665507102614));
#16068=CARTESIAN_POINT('',(58.2551150479451,-21.5063513655709,18.5665507102614));
#16069=CARTESIAN_POINT('Origin',(42.5739727541703,15.9331138682344,18.5665507102614));
#16070=CARTESIAN_POINT('Origin',(-64.5382726500367,33.1780497887021,4.50151554300084));
#16071=CARTESIAN_POINT('',(44.9031857087324,33.1780497887018,4.50151554300084));
#16072=CARTESIAN_POINT('',(58.2551150479452,23.4773052928411,4.50151554300084));
#16073=CARTESIAN_POINT('Origin',(42.5739727541703,15.9331138682344,4.50151554300084));
#16074=CARTESIAN_POINT('',(58.2551150479451,-21.5063513655709,4.50151554300084));
#16075=CARTESIAN_POINT('',(58.2551150479452,23.4773052928412,4.50151554300084));
#16076=CARTESIAN_POINT('',(48.6734011764387,-34.6882101199431,4.50151554300084));
#16077=CARTESIAN_POINT('Origin',(45.8887868428067,-22.5907736941216,4.50151554300084));
#16078=CARTESIAN_POINT('',(-40.2412008798449,-34.6882101199428,4.50151554300084));
#16079=CARTESIAN_POINT('',(48.6734011764388,-34.6882101199431,4.50151554300084));
#16080=CARTESIAN_POINT('',(-51.7448849520549,-24.6882101199427,4.50151554300084));
#16081=CARTESIAN_POINT('Origin',(-34.6909567351455,-16.6866472418564,4.50151554300084));
#16082=CARTESIAN_POINT('',(-51.7448849520547,23.1780497887019,4.50151554300084));
#16083=CARTESIAN_POINT('',(-51.7448849520548,-24.6882101199428,4.50151554300084));
#16084=CARTESIAN_POINT('',(-41.7448849520549,33.178049788702,4.50151554300084));
#16085=CARTESIAN_POINT('Origin',(-35.5727355022016,17.005900338849,4.50151554300084));
#16086=CARTESIAN_POINT('',(-41.7448849520549,33.178049788702,4.50151554300084));
#16087=CARTESIAN_POINT('Origin',(44.9031857087323,33.1780497887018,18.5665507102614));
#16088=CARTESIAN_POINT('',(44.9031857087324,33.1780497887018,18.5665507102614));
#16089=CARTESIAN_POINT('',(-41.7448849520548,33.178049788702,18.5665507102614));
#16090=CARTESIAN_POINT('Origin',(-51.7448849520547,23.1780497887019,18.5665507102614));
#16091=CARTESIAN_POINT('',(-51.7448849520547,23.1780497887019,18.5665507102614));
#16092=CARTESIAN_POINT('',(-51.7448849520549,-24.6882101199426,18.5665507102614));
#16093=CARTESIAN_POINT('Origin',(-40.2412008798449,-34.6882101199428,18.5665507102614));
#16094=CARTESIAN_POINT('',(-40.2412008798449,-34.6882101199428,18.5665507102614));
#16095=CARTESIAN_POINT('',(48.6734011764386,-34.6882101199431,18.5665507102614));
#16096=CARTESIAN_POINT('Origin',(58.2551150479451,-21.5063513655709,18.5665507102614));
#16097=CARTESIAN_POINT('',(58.2551150479451,-21.5063513655709,18.5665507102614));
#16098=CARTESIAN_POINT('',(58.2551150479453,23.4773052928411,18.5665507102614));
#16099=CARTESIAN_POINT('Origin',(-35.5727355022016,17.005900338849,4.50151554300084));
#16100=CARTESIAN_POINT('Origin',(-34.6909567351455,-16.6866472418564,4.50151554300084));
#16101=CARTESIAN_POINT('Origin',(42.5739727541703,15.9331138682344,4.50151554300084));
#16102=CARTESIAN_POINT('Origin',(45.8887868428067,-22.5907736941216,4.50151554300084));
#16103=CARTESIAN_POINT('Origin',(-6.70725889841802,-50.1886808674561,73.9520511719601));
#16104=CARTESIAN_POINT('',(-6.70725889841802,-50.1886808674561,73.9520511719601));
#16105=CARTESIAN_POINT('',(-8.13562205835778,-50.1886808674561,69.6669616921409));
#16106=CARTESIAN_POINT('',(-6.70725889841802,-50.1886808674561,73.9520511719601));
#16107=CARTESIAN_POINT('',(-8.13562205835778,-50.1886808674561,67.359605818392));
#16108=CARTESIAN_POINT('',(-8.13562205835778,-50.1886808674561,69.6669616921409));
#16109=CARTESIAN_POINT('',(-7.25662934454869,-50.1886808674561,67.359605818392));
#16110=CARTESIAN_POINT('',(-8.13562205835778,-50.1886808674561,67.359605818392));
#16111=CARTESIAN_POINT('',(-7.25662934454869,-50.1886808674561,68.7879689783318));
#16112=CARTESIAN_POINT('',(-7.25662934454869,-50.1886808674561,67.359605818392));
#16113=CARTESIAN_POINT('',(-3.63078440008623,-50.1886808674561,68.7879689783318));
#16114=CARTESIAN_POINT('',(-7.25662934454869,-50.1886808674561,68.7879689783318));
#16115=CARTESIAN_POINT('',(-3.63078440008623,-50.1886808674561,67.359605818392));
#16116=CARTESIAN_POINT('',(-3.63078440008623,-50.1886808674561,68.7879689783318));
#16117=CARTESIAN_POINT('',(-2.75179168627715,-50.1886808674561,67.359605818392));
#16118=CARTESIAN_POINT('',(-3.63078440008623,-50.1886808674561,67.359605818392));
#16119=CARTESIAN_POINT('',(-3.41103622163396,-50.1886808674561,69.6669616921409));
#16120=CARTESIAN_POINT('',(-2.75179168627715,-50.1886808674561,67.359605818392));
#16121=CARTESIAN_POINT('',(-3.41103622163396,-50.1886808674561,73.9520511719601));
#16122=CARTESIAN_POINT('',(-3.41103622163396,-50.1886808674561,69.6669616921409));
#16123=CARTESIAN_POINT('',(-3.41103622163396,-50.1886808674561,73.9520511719601));
#16124=CARTESIAN_POINT('',(-5.93814027383507,-50.1886808674561,73.0730584581511));
#16125=CARTESIAN_POINT('',(-4.29002893544304,-50.1886808674561,73.0730584581511));
#16126=CARTESIAN_POINT('',(-5.93814027383507,-50.1886808674561,73.0730584581511));
#16127=CARTESIAN_POINT('',(-4.29002893544304,-50.1886808674561,69.6669616921409));
#16128=CARTESIAN_POINT('',(-4.29002893544304,-50.1886808674561,73.0730584581511));
#16129=CARTESIAN_POINT('',(-6.59738480919188,-50.1886808674561,69.6669616921409));
#16130=CARTESIAN_POINT('',(-4.29002893544304,-50.1886808674561,69.6669616921409));
#16131=CARTESIAN_POINT('',(-6.59738480919188,-50.1886808674561,69.6669616921409));
#16132=CARTESIAN_POINT('Origin',(-6.70725889841802,-50.1886808674561,73.9520511719601));
#16133=CARTESIAN_POINT('',(-6.70725889841802,-49.1886808674561,73.9520511719601));
#16134=CARTESIAN_POINT('',(-6.70725889841802,-50.1886808674561,73.9520511719601));
#16135=CARTESIAN_POINT('',(-8.13562205835778,-49.1886808674561,69.6669616921409));
#16136=CARTESIAN_POINT('',(-8.13562205835778,-49.1886808674561,69.6669616921409));
#16137=CARTESIAN_POINT('',(-8.13562205835778,-50.1886808674561,69.6669616921409));
#16138=CARTESIAN_POINT('Origin',(-8.13562205835778,-50.1886808674561,69.6669616921409));
#16139=CARTESIAN_POINT('',(-8.13562205835778,-49.1886808674561,67.359605818392));
#16140=CARTESIAN_POINT('',(-8.13562205835778,-49.1886808674561,67.359605818392));
#16141=CARTESIAN_POINT('',(-8.13562205835778,-50.1886808674561,67.359605818392));
#16142=CARTESIAN_POINT('Origin',(-8.13562205835778,-50.1886808674561,67.359605818392));
#16143=CARTESIAN_POINT('',(-7.25662934454869,-49.1886808674561,67.359605818392));
#16144=CARTESIAN_POINT('',(-7.25662934454869,-49.1886808674561,67.359605818392));
#16145=CARTESIAN_POINT('',(-7.25662934454869,-50.1886808674561,67.359605818392));
#16146=CARTESIAN_POINT('Origin',(-7.25662934454869,-50.1886808674561,67.359605818392));
#16147=CARTESIAN_POINT('',(-7.25662934454869,-49.1886808674561,68.7879689783318));
#16148=CARTESIAN_POINT('',(-7.25662934454869,-49.1886808674561,68.7879689783318));
#16149=CARTESIAN_POINT('',(-7.25662934454869,-50.1886808674561,68.7879689783318));
#16150=CARTESIAN_POINT('Origin',(-7.25662934454869,-50.1886808674561,68.7879689783318));
#16151=CARTESIAN_POINT('',(-3.63078440008623,-49.1886808674561,68.7879689783318));
#16152=CARTESIAN_POINT('',(-3.63078440008623,-49.1886808674561,68.7879689783318));
#16153=CARTESIAN_POINT('',(-3.63078440008623,-50.1886808674561,68.7879689783318));
#16154=CARTESIAN_POINT('Origin',(-3.63078440008623,-50.1886808674561,68.7879689783318));
#16155=CARTESIAN_POINT('',(-3.63078440008623,-49.1886808674561,67.359605818392));
#16156=CARTESIAN_POINT('',(-3.63078440008623,-49.1886808674561,67.359605818392));
#16157=CARTESIAN_POINT('',(-3.63078440008623,-50.1886808674561,67.359605818392));
#16158=CARTESIAN_POINT('Origin',(-3.63078440008623,-50.1886808674561,67.359605818392));
#16159=CARTESIAN_POINT('',(-2.75179168627715,-49.1886808674561,67.359605818392));
#16160=CARTESIAN_POINT('',(-2.75179168627715,-49.1886808674561,67.359605818392));
#16161=CARTESIAN_POINT('',(-2.75179168627715,-50.1886808674561,67.359605818392));
#16162=CARTESIAN_POINT('Origin',(-2.75179168627715,-50.1886808674561,67.359605818392));
#16163=CARTESIAN_POINT('',(-3.41103622163396,-49.1886808674561,69.6669616921409));
#16164=CARTESIAN_POINT('',(-3.41103622163396,-49.1886808674561,69.6669616921409));
#16165=CARTESIAN_POINT('',(-3.41103622163396,-50.1886808674561,69.6669616921409));
#16166=CARTESIAN_POINT('Origin',(-3.41103622163396,-50.1886808674561,69.6669616921409));
#16167=CARTESIAN_POINT('',(-3.41103622163396,-49.1886808674561,73.9520511719601));
#16168=CARTESIAN_POINT('',(-3.41103622163396,-49.1886808674561,73.9520511719601));
#16169=CARTESIAN_POINT('',(-3.41103622163396,-50.1886808674561,73.9520511719601));
#16170=CARTESIAN_POINT('Origin',(-3.41103622163396,-50.1886808674561,73.9520511719601));
#16171=CARTESIAN_POINT('',(-6.70725889841802,-49.1886808674561,73.9520511719601));
#16172=CARTESIAN_POINT('Origin',(-5.93814027383507,-50.1886808674561,73.0730584581511));
#16173=CARTESIAN_POINT('',(-5.93814027383507,-49.1886808674561,73.0730584581511));
#16174=CARTESIAN_POINT('',(-5.93814027383507,-50.1886808674561,73.0730584581511));
#16175=CARTESIAN_POINT('',(-4.29002893544304,-49.1886808674561,73.0730584581511));
#16176=CARTESIAN_POINT('',(-4.29002893544304,-49.1886808674561,73.0730584581511));
#16177=CARTESIAN_POINT('',(-4.29002893544304,-50.1886808674561,73.0730584581511));
#16178=CARTESIAN_POINT('Origin',(-4.29002893544304,-50.1886808674561,73.0730584581511));
#16179=CARTESIAN_POINT('',(-4.29002893544304,-49.1886808674561,69.6669616921409));
#16180=CARTESIAN_POINT('',(-4.29002893544304,-49.1886808674561,69.6669616921409));
#16181=CARTESIAN_POINT('',(-4.29002893544304,-50.1886808674561,69.6669616921409));
#16182=CARTESIAN_POINT('Origin',(-4.29002893544304,-50.1886808674561,69.6669616921409));
#16183=CARTESIAN_POINT('',(-6.59738480919188,-49.1886808674561,69.6669616921409));
#16184=CARTESIAN_POINT('',(-6.59738480919188,-49.1886808674561,69.6669616921409));
#16185=CARTESIAN_POINT('',(-6.59738480919188,-50.1886808674561,69.6669616921409));
#16186=CARTESIAN_POINT('Origin',(-6.59738480919188,-50.1886808674561,69.6669616921409));
#16187=CARTESIAN_POINT('',(-5.93814027383507,-49.1886808674561,73.0730584581511));
#16188=CARTESIAN_POINT('Origin',(-6.70725889841802,-49.1886808674561,73.9520511719601));
#16189=CARTESIAN_POINT('Origin',(-13.0799560735339,-50.1886808674561,71.370010075146));
#16190=CARTESIAN_POINT('',(-13.0799560735339,-50.1886808674561,71.370010075146));
#16191=CARTESIAN_POINT('',(-12.442171321229,-50.1886808674561,69.3716750773456));
#16192=CARTESIAN_POINT('',(-13.0799560735339,-50.1886808674561,71.370010075146));
#16193=CARTESIAN_POINT('',(-10.7708834171409,-50.1886808674561,68.6780948891056));
#16194=CARTESIAN_POINT('',(-12.442171321229,-50.1886808674561,69.3716750773456));
#16195=CARTESIAN_POINT('',(-9.58029465341704,-50.1886808674561,68.9931245043087));
#16196=CARTESIAN_POINT('',(-10.7708834171409,-50.1886808674561,68.6780948891056));
#16197=CARTESIAN_POINT('',(-8.75023024496647,-50.1886808674561,69.8781259573723));
#16198=CARTESIAN_POINT('',(-9.58029465341704,-50.1886808674561,68.9931245043087));
#16199=CARTESIAN_POINT('',(-8.46524432603618,-50.1886808674561,71.4421149462006));
#16200=CARTESIAN_POINT('',(-8.75023024496647,-50.1886808674561,69.8781259573723));
#16201=CARTESIAN_POINT('',(-9.10989620891765,-50.1886808674561,73.36576989898));
#16202=CARTESIAN_POINT('',(-8.46524432603618,-50.1886808674561,71.4421149462006));
#16203=CARTESIAN_POINT('',(-10.7708834171409,-50.1886808674561,74.0619252611862));
#16204=CARTESIAN_POINT('',(-9.10989620891765,-50.1886808674561,73.36576989898));
#16205=CARTESIAN_POINT('',(-12.3194213621717,-50.1886808674561,73.4902366406815));
#16206=CARTESIAN_POINT('',(-10.7708834171409,-50.1886808674561,74.0619252611863));
#16207=CARTESIAN_POINT('',(-12.3194213621717,-50.1886808674561,73.4902366406815));
#16208=CARTESIAN_POINT('',(-12.2009633597248,-50.1886808674561,71.3717268577901));
#16209=CARTESIAN_POINT('',(-11.7940858730592,-50.1886808674561,72.7322771032856));
#16210=CARTESIAN_POINT('',(-12.2009633597248,-50.1886808674561,71.3717268577901));
#16211=CARTESIAN_POINT('',(-10.7708834171409,-50.1886808674561,73.1829325473772));
#16212=CARTESIAN_POINT('',(-11.7940858730592,-50.1886808674561,72.7322771032856));
#16213=CARTESIAN_POINT('',(-9.75368970047703,-50.1886808674561,72.7305603206415));
#16214=CARTESIAN_POINT('',(-10.7708834171409,-50.1886808674561,73.1829325473772));
#16215=CARTESIAN_POINT('',(-9.34423703984526,-50.1886808674561,71.3991953800967));
#16216=CARTESIAN_POINT('',(-9.75368970047703,-50.1886808674561,72.7305603206415));
#16217=CARTESIAN_POINT('',(-9.7511145265108,-50.1886808674561,70.0120350036167));
#16218=CARTESIAN_POINT('',(-9.34423703984526,-50.1886808674561,71.3991953800966));
#16219=CARTESIAN_POINT('',(-10.7708834171409,-50.1886808674561,69.5570876029147));
#16220=CARTESIAN_POINT('',(-9.7511145265108,-50.1886808674561,70.0120350036167));
#16221=CARTESIAN_POINT('',(-11.7940858730592,-50.1886808674561,70.0094598296505));
#16222=CARTESIAN_POINT('',(-10.7708834171409,-50.1886808674561,69.5570876029147));
#16223=CARTESIAN_POINT('',(-11.7940858730592,-50.1886808674561,70.0094598296505));
#16224=CARTESIAN_POINT('Origin',(-13.0799560735339,-50.1886808674561,71.370010075146));
#16225=CARTESIAN_POINT('',(-13.0799560735339,-49.1886808674561,71.370010075146));
#16226=CARTESIAN_POINT('',(-13.0799560735339,-50.1886808674561,71.370010075146));
#16227=CARTESIAN_POINT('',(-12.442171321229,-49.1886808674561,69.3716750773456));
#16228=CARTESIAN_POINT('',(-12.442171321229,-49.1886808674561,69.3716750773456));
#16229=CARTESIAN_POINT('',(-12.442171321229,-50.1886808674561,69.3716750773456));
#16230=CARTESIAN_POINT('Origin',(-12.442171321229,-50.1886808674561,69.3716750773456));
#16231=CARTESIAN_POINT('',(-10.7708834171409,-49.1886808674561,68.6780948891056));
#16232=CARTESIAN_POINT('',(-10.7708834171409,-49.1886808674561,68.6780948891056));
#16233=CARTESIAN_POINT('',(-10.7708834171409,-50.1886808674561,68.6780948891056));
#16234=CARTESIAN_POINT('Origin',(-10.7708834171409,-50.1886808674561,68.6780948891056));
#16235=CARTESIAN_POINT('',(-9.58029465341704,-49.1886808674561,68.9931245043087));
#16236=CARTESIAN_POINT('',(-9.58029465341704,-49.1886808674561,68.9931245043087));
#16237=CARTESIAN_POINT('',(-9.58029465341704,-50.1886808674561,68.9931245043087));
#16238=CARTESIAN_POINT('Origin',(-9.58029465341704,-50.1886808674561,68.9931245043087));
#16239=CARTESIAN_POINT('',(-8.75023024496647,-49.1886808674561,69.8781259573723));
#16240=CARTESIAN_POINT('',(-8.75023024496647,-49.1886808674561,69.8781259573723));
#16241=CARTESIAN_POINT('',(-8.75023024496647,-50.1886808674561,69.8781259573723));
#16242=CARTESIAN_POINT('Origin',(-8.75023024496647,-50.1886808674561,69.8781259573723));
#16243=CARTESIAN_POINT('',(-8.46524432603618,-49.1886808674561,71.4421149462006));
#16244=CARTESIAN_POINT('',(-8.46524432603618,-49.1886808674561,71.4421149462006));
#16245=CARTESIAN_POINT('',(-8.46524432603618,-50.1886808674561,71.4421149462006));
#16246=CARTESIAN_POINT('Origin',(-8.46524432603618,-50.1886808674561,71.4421149462006));
#16247=CARTESIAN_POINT('',(-9.10989620891765,-49.1886808674561,73.36576989898));
#16248=CARTESIAN_POINT('',(-9.10989620891765,-49.1886808674561,73.36576989898));
#16249=CARTESIAN_POINT('',(-9.10989620891765,-50.1886808674561,73.36576989898));
#16250=CARTESIAN_POINT('Origin',(-9.10989620891765,-50.1886808674561,73.36576989898));
#16251=CARTESIAN_POINT('',(-10.7708834171409,-49.1886808674561,74.0619252611862));
#16252=CARTESIAN_POINT('',(-10.7708834171409,-49.1886808674561,74.0619252611863));
#16253=CARTESIAN_POINT('',(-10.7708834171409,-50.1886808674561,74.0619252611863));
#16254=CARTESIAN_POINT('Origin',(-10.7708834171409,-50.1886808674561,74.0619252611863));
#16255=CARTESIAN_POINT('',(-12.3194213621717,-49.1886808674561,73.4902366406815));
#16256=CARTESIAN_POINT('',(-12.3194213621717,-49.1886808674561,73.4902366406815));
#16257=CARTESIAN_POINT('',(-12.3194213621717,-50.1886808674561,73.4902366406815));
#16258=CARTESIAN_POINT('Origin',(-12.3194213621717,-50.1886808674561,73.4902366406815));
#16259=CARTESIAN_POINT('',(-13.0799560735339,-49.1886808674561,71.370010075146));
#16260=CARTESIAN_POINT('Origin',(-12.2009633597248,-50.1886808674561,71.3717268577901));
#16261=CARTESIAN_POINT('',(-12.2009633597248,-49.1886808674561,71.3717268577901));
#16262=CARTESIAN_POINT('',(-12.2009633597248,-50.1886808674561,71.3717268577901));
#16263=CARTESIAN_POINT('',(-11.7940858730592,-49.1886808674561,72.7322771032856));
#16264=CARTESIAN_POINT('',(-11.7940858730592,-49.1886808674561,72.7322771032856));
#16265=CARTESIAN_POINT('',(-11.7940858730592,-50.1886808674561,72.7322771032856));
#16266=CARTESIAN_POINT('Origin',(-11.7940858730592,-50.1886808674561,72.7322771032856));
#16267=CARTESIAN_POINT('',(-10.7708834171409,-49.1886808674561,73.1829325473772));
#16268=CARTESIAN_POINT('',(-10.7708834171409,-49.1886808674561,73.1829325473772));
#16269=CARTESIAN_POINT('',(-10.7708834171409,-50.1886808674561,73.1829325473772));
#16270=CARTESIAN_POINT('Origin',(-10.7708834171409,-50.1886808674561,73.1829325473772));
#16271=CARTESIAN_POINT('',(-9.75368970047703,-49.1886808674561,72.7305603206415));
#16272=CARTESIAN_POINT('',(-9.75368970047703,-49.1886808674561,72.7305603206415));
#16273=CARTESIAN_POINT('',(-9.75368970047703,-50.1886808674561,72.7305603206415));
#16274=CARTESIAN_POINT('Origin',(-9.75368970047703,-50.1886808674561,72.7305603206415));
#16275=CARTESIAN_POINT('',(-9.34423703984526,-49.1886808674561,71.3991953800967));
#16276=CARTESIAN_POINT('',(-9.34423703984526,-49.1886808674561,71.3991953800966));
#16277=CARTESIAN_POINT('',(-9.34423703984526,-50.1886808674561,71.3991953800966));
#16278=CARTESIAN_POINT('Origin',(-9.34423703984526,-50.1886808674561,71.3991953800966));
#16279=CARTESIAN_POINT('',(-9.7511145265108,-49.1886808674561,70.0120350036167));
#16280=CARTESIAN_POINT('',(-9.7511145265108,-49.1886808674561,70.0120350036167));
#16281=CARTESIAN_POINT('',(-9.7511145265108,-50.1886808674561,70.0120350036167));
#16282=CARTESIAN_POINT('Origin',(-9.7511145265108,-50.1886808674561,70.0120350036167));
#16283=CARTESIAN_POINT('',(-10.7708834171409,-49.1886808674561,69.5570876029147));
#16284=CARTESIAN_POINT('',(-10.7708834171409,-49.1886808674561,69.5570876029147));
#16285=CARTESIAN_POINT('',(-10.7708834171409,-50.1886808674561,69.5570876029147));
#16286=CARTESIAN_POINT('Origin',(-10.7708834171409,-50.1886808674561,69.5570876029147));
#16287=CARTESIAN_POINT('',(-11.7940858730592,-49.1886808674561,70.0094598296505));
#16288=CARTESIAN_POINT('',(-11.7940858730592,-49.1886808674561,70.0094598296505));
#16289=CARTESIAN_POINT('',(-11.7940858730592,-50.1886808674561,70.0094598296505));
#16290=CARTESIAN_POINT('Origin',(-11.7940858730592,-50.1886808674561,70.0094598296505));
#16291=CARTESIAN_POINT('',(-12.2009633597248,-49.1886808674561,71.3717268577901));
#16292=CARTESIAN_POINT('Origin',(-13.0799560735339,-49.1886808674561,71.370010075146));
#16293=CARTESIAN_POINT('Origin',(-18.0242900887099,-50.1886808674561,73.9520511719601));
#16294=CARTESIAN_POINT('',(-18.0242900887099,-50.1886808674561,73.9520511719601));
#16295=CARTESIAN_POINT('',(-18.0242900887099,-50.1886808674561,68.7879689783318));
#16296=CARTESIAN_POINT('',(-18.0242900887099,-50.1886808674561,73.9520511719601));
#16297=CARTESIAN_POINT('',(-15.7907558686599,-50.1886808674561,68.7879689783318));
#16298=CARTESIAN_POINT('',(-18.0242900887099,-50.1886808674561,68.7879689783318));
#16299=CARTESIAN_POINT('',(-14.4619661020813,-50.1886808674561,69.1605108121141));
#16300=CARTESIAN_POINT('',(-15.7907558686599,-50.1886808674561,68.7879689783318));
#16301=CARTESIAN_POINT('',(-13.9589487873429,-50.1886808674561,70.3021712704794));
#16302=CARTESIAN_POINT('',(-14.4619661020813,-50.1886808674561,69.1605108121141));
#16303=CARTESIAN_POINT('',(-14.1786969657952,-50.1886808674561,72.6524467103322));
#16304=CARTESIAN_POINT('',(-13.9589487873429,-50.1886808674561,70.3021712704794));
#16305=CARTESIAN_POINT('',(-15.0259292006874,-50.1886808674561,73.8344515608353));
#16306=CARTESIAN_POINT('',(-14.1786969657952,-50.1886808674561,72.6524467103322));
#16307=CARTESIAN_POINT('',(-16.0877592660993,-50.1886808674561,73.9520511719601));
#16308=CARTESIAN_POINT('',(-15.0259292006874,-50.1886808674561,73.8344515608353));
#16309=CARTESIAN_POINT('',(-16.0877592660993,-50.1886808674561,73.9520511719601));
#16310=CARTESIAN_POINT('',(-17.1452973749009,-50.1886808674561,71.9743175658897));
#16311=CARTESIAN_POINT('',(-17.1452973749009,-50.1886808674561,73.0730584581511));
#16312=CARTESIAN_POINT('',(-17.1452973749009,-50.1886808674561,71.9743175658897));
#16313=CARTESIAN_POINT('',(-16.2491368346502,-50.1886808674561,73.0730584581511));
#16314=CARTESIAN_POINT('',(-17.1452973749009,-50.1886808674561,73.0730584581511));
#16315=CARTESIAN_POINT('',(-16.2766053569567,-50.1886808674561,71.9743175658897));
#16316=CARTESIAN_POINT('',(-16.2491368346502,-50.1886808674561,73.0730584581511));
#16317=CARTESIAN_POINT('',(-16.2766053569567,-50.1886808674561,71.9743175658897));
#16318=CARTESIAN_POINT('',(-17.1452973749009,-50.1886808674561,69.6669616921409));
#16319=CARTESIAN_POINT('',(-17.1452973749009,-50.1886808674561,71.0953248520806));
#16320=CARTESIAN_POINT('',(-17.1452973749009,-50.1886808674561,69.6669616921409));
#16321=CARTESIAN_POINT('',(-15.1109099415732,-50.1886808674561,69.8257640867255));
#16322=CARTESIAN_POINT('',(-17.1452973749009,-50.1886808674561,71.0953248520806));
#16323=CARTESIAN_POINT('',(-16.0671578743694,-50.1886808674561,69.6669616921409));
#16324=CARTESIAN_POINT('',(-15.1109099415732,-50.1886808674561,69.8257640867255));
#16325=CARTESIAN_POINT('',(-16.0671578743694,-50.1886808674561,69.6669616921409));
#16326=CARTESIAN_POINT('Origin',(-18.0242900887099,-50.1886808674561,73.9520511719601));
#16327=CARTESIAN_POINT('',(-18.0242900887099,-49.1886808674561,73.9520511719601));
#16328=CARTESIAN_POINT('',(-18.0242900887099,-50.1886808674561,73.9520511719601));
#16329=CARTESIAN_POINT('',(-18.0242900887099,-49.1886808674561,68.7879689783318));
#16330=CARTESIAN_POINT('',(-18.0242900887099,-49.1886808674561,68.7879689783318));
#16331=CARTESIAN_POINT('',(-18.0242900887099,-50.1886808674561,68.7879689783318));
#16332=CARTESIAN_POINT('Origin',(-18.0242900887099,-50.1886808674561,68.7879689783318));
#16333=CARTESIAN_POINT('',(-15.7907558686599,-49.1886808674561,68.7879689783318));
#16334=CARTESIAN_POINT('',(-15.7907558686599,-49.1886808674561,68.7879689783318));
#16335=CARTESIAN_POINT('',(-15.7907558686599,-50.1886808674561,68.7879689783318));
#16336=CARTESIAN_POINT('Origin',(-15.7907558686599,-50.1886808674561,68.7879689783318));
#16337=CARTESIAN_POINT('',(-14.4619661020813,-49.1886808674561,69.1605108121141));
#16338=CARTESIAN_POINT('',(-14.4619661020813,-49.1886808674561,69.1605108121141));
#16339=CARTESIAN_POINT('',(-14.4619661020813,-50.1886808674561,69.1605108121141));
#16340=CARTESIAN_POINT('Origin',(-14.4619661020813,-50.1886808674561,69.1605108121141));
#16341=CARTESIAN_POINT('',(-13.9589487873429,-49.1886808674561,70.3021712704794));
#16342=CARTESIAN_POINT('',(-13.9589487873429,-49.1886808674561,70.3021712704794));
#16343=CARTESIAN_POINT('',(-13.9589487873429,-50.1886808674561,70.3021712704794));
#16344=CARTESIAN_POINT('Origin',(-13.9589487873429,-50.1886808674561,70.3021712704794));
#16345=CARTESIAN_POINT('',(-14.1786969657952,-49.1886808674561,72.6524467103322));
#16346=CARTESIAN_POINT('',(-14.1786969657952,-49.1886808674561,72.6524467103322));
#16347=CARTESIAN_POINT('',(-14.1786969657952,-50.1886808674561,72.6524467103322));
#16348=CARTESIAN_POINT('Origin',(-14.1786969657952,-50.1886808674561,72.6524467103322));
#16349=CARTESIAN_POINT('',(-15.0259292006874,-49.1886808674561,73.8344515608353));
#16350=CARTESIAN_POINT('',(-15.0259292006874,-49.1886808674561,73.8344515608353));
#16351=CARTESIAN_POINT('',(-15.0259292006874,-50.1886808674561,73.8344515608353));
#16352=CARTESIAN_POINT('Origin',(-15.0259292006874,-50.1886808674561,73.8344515608353));
#16353=CARTESIAN_POINT('',(-16.0877592660993,-49.1886808674561,73.9520511719601));
#16354=CARTESIAN_POINT('',(-16.0877592660993,-49.1886808674561,73.9520511719601));
#16355=CARTESIAN_POINT('',(-16.0877592660993,-50.1886808674561,73.9520511719601));
#16356=CARTESIAN_POINT('Origin',(-16.0877592660993,-50.1886808674561,73.9520511719601));
#16357=CARTESIAN_POINT('',(-18.0242900887099,-49.1886808674561,73.9520511719601));
#16358=CARTESIAN_POINT('Origin',(-17.1452973749009,-50.1886808674561,71.9743175658897));
#16359=CARTESIAN_POINT('',(-17.1452973749009,-49.1886808674561,71.9743175658897));
#16360=CARTESIAN_POINT('',(-17.1452973749009,-50.1886808674561,71.9743175658897));
#16361=CARTESIAN_POINT('',(-17.1452973749009,-49.1886808674561,73.0730584581511));
#16362=CARTESIAN_POINT('',(-17.1452973749009,-49.1886808674561,73.0730584581511));
#16363=CARTESIAN_POINT('',(-17.1452973749009,-50.1886808674561,73.0730584581511));
#16364=CARTESIAN_POINT('Origin',(-17.1452973749009,-50.1886808674561,73.0730584581511));
#16365=CARTESIAN_POINT('',(-16.2491368346502,-49.1886808674561,73.0730584581511));
#16366=CARTESIAN_POINT('',(-16.2491368346502,-49.1886808674561,73.0730584581511));
#16367=CARTESIAN_POINT('',(-16.2491368346502,-50.1886808674561,73.0730584581511));
#16368=CARTESIAN_POINT('Origin',(-16.2491368346502,-50.1886808674561,73.0730584581511));
#16369=CARTESIAN_POINT('',(-16.2766053569567,-49.1886808674561,71.9743175658897));
#16370=CARTESIAN_POINT('',(-16.2766053569567,-49.1886808674561,71.9743175658897));
#16371=CARTESIAN_POINT('',(-16.2766053569567,-50.1886808674561,71.9743175658897));
#16372=CARTESIAN_POINT('Origin',(-16.2766053569567,-50.1886808674561,71.9743175658897));
#16373=CARTESIAN_POINT('',(-17.1452973749009,-49.1886808674561,71.9743175658897));
#16374=CARTESIAN_POINT('Origin',(-17.1452973749009,-50.1886808674561,69.6669616921409));
#16375=CARTESIAN_POINT('',(-17.1452973749009,-49.1886808674561,69.6669616921409));
#16376=CARTESIAN_POINT('',(-17.1452973749009,-50.1886808674561,69.6669616921409));
#16377=CARTESIAN_POINT('',(-17.1452973749009,-49.1886808674561,71.0953248520806));
#16378=CARTESIAN_POINT('',(-17.1452973749009,-49.1886808674561,71.0953248520806));
#16379=CARTESIAN_POINT('',(-17.1452973749009,-50.1886808674561,71.0953248520806));
#16380=CARTESIAN_POINT('Origin',(-17.1452973749009,-50.1886808674561,71.0953248520806));
#16381=CARTESIAN_POINT('',(-15.1109099415732,-49.1886808674561,69.8257640867255));
#16382=CARTESIAN_POINT('',(-15.1109099415732,-49.1886808674561,69.8257640867255));
#16383=CARTESIAN_POINT('',(-15.1109099415732,-50.1886808674561,69.8257640867255));
#16384=CARTESIAN_POINT('Origin',(-15.1109099415732,-50.1886808674561,69.8257640867255));
#16385=CARTESIAN_POINT('',(-16.0671578743694,-49.1886808674561,69.6669616921409));
#16386=CARTESIAN_POINT('',(-16.0671578743694,-49.1886808674561,69.6669616921409));
#16387=CARTESIAN_POINT('',(-16.0671578743694,-50.1886808674561,69.6669616921409));
#16388=CARTESIAN_POINT('Origin',(-16.0671578743694,-50.1886808674561,69.6669616921409));
#16389=CARTESIAN_POINT('',(-17.1452973749009,-49.1886808674561,69.6669616921409));
#16390=CARTESIAN_POINT('Origin',(-18.0242900887099,-49.1886808674561,73.9520511719601));
#16391=CARTESIAN_POINT('Origin',(-23.5179945500167,-50.1886808674561,73.9520511719601));
#16392=CARTESIAN_POINT('',(-23.5179945500167,-50.1886808674561,73.9520511719601));
#16393=CARTESIAN_POINT('',(-23.5179945500167,-50.1886808674561,68.7879689783318));
#16394=CARTESIAN_POINT('',(-23.5179945500167,-50.1886808674561,73.9520511719601));
#16395=CARTESIAN_POINT('',(-22.3677501784306,-50.1886808674561,68.7879689783318));
#16396=CARTESIAN_POINT('',(-23.5179945500167,-50.1886808674561,68.7879689783318));
#16397=CARTESIAN_POINT('',(-20.2217718732327,-50.1886808674561,72.7022334070128));
#16398=CARTESIAN_POINT('',(-22.3677501784306,-50.1886808674561,68.7879689783318));
#16399=CARTESIAN_POINT('',(-20.2217718732327,-50.1886808674561,68.7879689783318));
#16400=CARTESIAN_POINT('',(-20.2217718732327,-50.1886808674561,72.7022334070128));
#16401=CARTESIAN_POINT('',(-19.3427791594236,-50.1886808674561,68.7879689783318));
#16402=CARTESIAN_POINT('',(-20.2217718732327,-50.1886808674561,68.7879689783318));
#16403=CARTESIAN_POINT('',(-19.3427791594236,-50.1886808674561,73.9520511719601));
#16404=CARTESIAN_POINT('',(-19.3427791594236,-50.1886808674561,68.7879689783318));
#16405=CARTESIAN_POINT('',(-20.4792892698564,-50.1886808674561,73.9520511719601));
#16406=CARTESIAN_POINT('',(-19.3427791594236,-50.1886808674561,73.9520511719601));
#16407=CARTESIAN_POINT('',(-22.6390018362076,-50.1886808674561,70.0137517862608));
#16408=CARTESIAN_POINT('',(-20.4792892698564,-50.1886808674561,73.9520511719601));
#16409=CARTESIAN_POINT('',(-22.6390018362076,-50.1886808674561,73.9520511719601));
#16410=CARTESIAN_POINT('',(-22.6390018362076,-50.1886808674561,70.0137517862608));
#16411=CARTESIAN_POINT('',(-22.6390018362076,-50.1886808674561,73.9520511719601));
#16412=CARTESIAN_POINT('Origin',(-23.5179945500167,-50.1886808674561,73.9520511719601));
#16413=CARTESIAN_POINT('',(-23.5179945500167,-49.1886808674561,73.9520511719601));
#16414=CARTESIAN_POINT('',(-23.5179945500167,-50.1886808674561,73.9520511719601));
#16415=CARTESIAN_POINT('',(-23.5179945500167,-49.1886808674561,68.7879689783318));
#16416=CARTESIAN_POINT('',(-23.5179945500167,-49.1886808674561,68.7879689783318));
#16417=CARTESIAN_POINT('',(-23.5179945500167,-50.1886808674561,68.7879689783318));
#16418=CARTESIAN_POINT('Origin',(-23.5179945500167,-50.1886808674561,68.7879689783318));
#16419=CARTESIAN_POINT('',(-22.3677501784306,-49.1886808674561,68.7879689783318));
#16420=CARTESIAN_POINT('',(-22.3677501784306,-49.1886808674561,68.7879689783318));
#16421=CARTESIAN_POINT('',(-22.3677501784306,-50.1886808674561,68.7879689783318));
#16422=CARTESIAN_POINT('Origin',(-22.3677501784306,-50.1886808674561,68.7879689783318));
#16423=CARTESIAN_POINT('',(-20.2217718732327,-49.1886808674561,72.7022334070128));
#16424=CARTESIAN_POINT('',(-20.2217718732327,-49.1886808674561,72.7022334070128));
#16425=CARTESIAN_POINT('',(-20.2217718732327,-50.1886808674561,72.7022334070128));
#16426=CARTESIAN_POINT('Origin',(-20.2217718732327,-50.1886808674561,72.7022334070128));
#16427=CARTESIAN_POINT('',(-20.2217718732327,-49.1886808674561,68.7879689783318));
#16428=CARTESIAN_POINT('',(-20.2217718732327,-49.1886808674561,68.7879689783318));
#16429=CARTESIAN_POINT('',(-20.2217718732327,-50.1886808674561,68.7879689783318));
#16430=CARTESIAN_POINT('Origin',(-20.2217718732327,-50.1886808674561,68.7879689783318));
#16431=CARTESIAN_POINT('',(-19.3427791594236,-49.1886808674561,68.7879689783318));
#16432=CARTESIAN_POINT('',(-19.3427791594236,-49.1886808674561,68.7879689783318));
#16433=CARTESIAN_POINT('',(-19.3427791594236,-50.1886808674561,68.7879689783318));
#16434=CARTESIAN_POINT('Origin',(-19.3427791594236,-50.1886808674561,68.7879689783318));
#16435=CARTESIAN_POINT('',(-19.3427791594236,-49.1886808674561,73.9520511719601));
#16436=CARTESIAN_POINT('',(-19.3427791594236,-49.1886808674561,73.9520511719601));
#16437=CARTESIAN_POINT('',(-19.3427791594236,-50.1886808674561,73.9520511719601));
#16438=CARTESIAN_POINT('Origin',(-19.3427791594236,-50.1886808674561,73.9520511719601));
#16439=CARTESIAN_POINT('',(-20.4792892698564,-49.1886808674561,73.9520511719601));
#16440=CARTESIAN_POINT('',(-20.4792892698564,-49.1886808674561,73.9520511719601));
#16441=CARTESIAN_POINT('',(-20.4792892698564,-50.1886808674561,73.9520511719601));
#16442=CARTESIAN_POINT('Origin',(-20.4792892698564,-50.1886808674561,73.9520511719601));
#16443=CARTESIAN_POINT('',(-22.6390018362076,-49.1886808674561,70.0137517862608));
#16444=CARTESIAN_POINT('',(-22.6390018362076,-49.1886808674561,70.0137517862608));
#16445=CARTESIAN_POINT('',(-22.6390018362076,-50.1886808674561,70.0137517862608));
#16446=CARTESIAN_POINT('Origin',(-22.6390018362076,-50.1886808674561,70.0137517862608));
#16447=CARTESIAN_POINT('',(-22.6390018362076,-49.1886808674561,73.9520511719601));
#16448=CARTESIAN_POINT('',(-22.6390018362076,-49.1886808674561,73.9520511719601));
#16449=CARTESIAN_POINT('',(-22.6390018362076,-50.1886808674561,73.9520511719601));
#16450=CARTESIAN_POINT('Origin',(-22.6390018362076,-50.1886808674561,73.9520511719601));
#16451=CARTESIAN_POINT('',(-23.5179945500167,-49.1886808674561,73.9520511719601));
#16452=CARTESIAN_POINT('Origin',(-23.5179945500167,-49.1886808674561,73.9520511719601));
#16453=CARTESIAN_POINT('Origin',(-28.9018249220973,-50.1886808674561,66.8102353722613));
#16454=CARTESIAN_POINT('',(-28.9018249220973,-50.1886808674561,66.8102353722613));
#16455=CARTESIAN_POINT('',(-28.0228322082882,-50.1886808674561,66.8102353722613));
#16456=CARTESIAN_POINT('',(-28.9018249220973,-50.1886808674561,66.8102353722613));
#16457=CARTESIAN_POINT('',(-28.0228322082882,-50.1886808674561,69.4746820359951));
#16458=CARTESIAN_POINT('',(-28.0228322082882,-50.1886808674561,66.8102353722613));
#16459=CARTESIAN_POINT('',(-27.4657362402589,-50.1886808674561,68.9038518068125));
#16460=CARTESIAN_POINT('',(-28.0228322082882,-50.1886808674561,69.4746820359951));
#16461=CARTESIAN_POINT('',(-26.7009095722863,-50.1886808674561,68.6780948891056));
#16462=CARTESIAN_POINT('',(-27.4657362402589,-50.1886808674561,68.9038518068125));
#16463=CARTESIAN_POINT('',(-25.5892928101938,-50.1886808674561,69.0154426786828));
#16464=CARTESIAN_POINT('',(-26.7009095722863,-50.1886808674561,68.6780948891056));
#16465=CARTESIAN_POINT('',(-24.7841217500835,-50.1886808674561,69.9854248726322));
#16466=CARTESIAN_POINT('',(-25.5892928101938,-50.1886808674561,69.0154426786828));
#16467=CARTESIAN_POINT('',(-24.5068613530519,-50.1886808674561,71.4094960759616));
#16468=CARTESIAN_POINT('',(-24.7841217500835,-50.1886808674561,69.9854248726322));
#16469=CARTESIAN_POINT('',(-24.7523612711666,-50.1886808674561,72.7640375822025));
#16470=CARTESIAN_POINT('',(-24.5068613530519,-50.1886808674561,71.4094960759616));
#16471=CARTESIAN_POINT('',(-25.4802771122897,-50.1886808674561,73.7220022976429));
#16472=CARTESIAN_POINT('',(-24.7523612711666,-50.1886808674561,72.7640375822025));
#16473=CARTESIAN_POINT('',(-26.5944690483485,-50.1886808674561,74.0619252611862));
#16474=CARTESIAN_POINT('',(-25.4802771122897,-50.1886808674561,73.7220022976429));
#16475=CARTESIAN_POINT('',(-27.4150911522562,-50.1886808674561,73.8190005170378));
#16476=CARTESIAN_POINT('',(-26.5944690483485,-50.1886808674561,74.0619252611863));
#16477=CARTESIAN_POINT('',(-28.0228322082882,-50.1886808674561,73.0902262845926));
#16478=CARTESIAN_POINT('',(-27.4150911522562,-50.1886808674561,73.8190005170378));
#16479=CARTESIAN_POINT('',(-28.0228322082882,-50.1886808674561,73.9520511719601));
#16480=CARTESIAN_POINT('',(-28.0228322082882,-50.1886808674561,73.0902262845926));
#16481=CARTESIAN_POINT('',(-28.9018249220973,-50.1886808674561,73.9520511719601));
#16482=CARTESIAN_POINT('',(-28.0228322082882,-50.1886808674561,73.9520511719601));
#16483=CARTESIAN_POINT('',(-28.9018249220973,-50.1886808674561,73.9520511719601));
#16484=CARTESIAN_POINT('',(-28.0228322082882,-50.1886808674561,71.3288072916861));
#16485=CARTESIAN_POINT('',(-27.6168131129448,-50.1886808674561,72.7082421462674));
#16486=CARTESIAN_POINT('',(-28.0228322082882,-50.1886808674561,71.3288072916861));
#16487=CARTESIAN_POINT('',(-26.6837417458447,-50.1886808674561,73.1829325473772));
#16488=CARTESIAN_POINT('',(-27.6168131129448,-50.1886808674561,72.7082421462674));
#16489=CARTESIAN_POINT('',(-25.7686965965083,-50.1886808674561,72.736569059896));
#16490=CARTESIAN_POINT('',(-26.6837417458447,-50.1886808674561,73.1829325473772));
#16491=CARTESIAN_POINT('',(-25.385854066861,-50.1886808674561,71.3940450321642));
#16492=CARTESIAN_POINT('',(-25.7686965965083,-50.1886808674561,72.736569059896));
#16493=CARTESIAN_POINT('',(-25.7781389010512,-50.1886808674561,70.0051678730401));
#16494=CARTESIAN_POINT('',(-25.385854066861,-50.1886808674561,71.3940450321642));
#16495=CARTESIAN_POINT('',(-26.7197941813721,-50.1886808674561,69.5570876029147));
#16496=CARTESIAN_POINT('',(-25.7781389010512,-50.1886808674561,70.0051678730401));
#16497=CARTESIAN_POINT('',(-27.6425648526072,-50.1886808674561,69.9897168292426));
#16498=CARTESIAN_POINT('',(-26.7197941813721,-50.1886808674561,69.5570876029147));
#16499=CARTESIAN_POINT('',(-27.6425648526072,-50.1886808674561,69.9897168292426));
#16500=CARTESIAN_POINT('Origin',(-28.9018249220973,-50.1886808674561,66.8102353722613));
#16501=CARTESIAN_POINT('',(-28.9018249220973,-49.1886808674561,66.8102353722613));
#16502=CARTESIAN_POINT('',(-28.9018249220973,-50.1886808674561,66.8102353722613));
#16503=CARTESIAN_POINT('',(-28.0228322082882,-49.1886808674561,66.8102353722613));
#16504=CARTESIAN_POINT('',(-28.0228322082882,-49.1886808674561,66.8102353722613));
#16505=CARTESIAN_POINT('',(-28.0228322082882,-50.1886808674561,66.8102353722613));
#16506=CARTESIAN_POINT('Origin',(-28.0228322082882,-50.1886808674561,66.8102353722613));
#16507=CARTESIAN_POINT('',(-28.0228322082882,-49.1886808674561,69.4746820359951));
#16508=CARTESIAN_POINT('',(-28.0228322082882,-49.1886808674561,69.4746820359951));
#16509=CARTESIAN_POINT('',(-28.0228322082882,-50.1886808674561,69.4746820359951));
#16510=CARTESIAN_POINT('Origin',(-28.0228322082882,-50.1886808674561,69.4746820359951));
#16511=CARTESIAN_POINT('',(-27.4657362402589,-49.1886808674561,68.9038518068125));
#16512=CARTESIAN_POINT('',(-27.4657362402589,-49.1886808674561,68.9038518068125));
#16513=CARTESIAN_POINT('',(-27.4657362402589,-50.1886808674561,68.9038518068125));
#16514=CARTESIAN_POINT('Origin',(-27.4657362402589,-50.1886808674561,68.9038518068125));
#16515=CARTESIAN_POINT('',(-26.7009095722863,-49.1886808674561,68.6780948891056));
#16516=CARTESIAN_POINT('',(-26.7009095722863,-49.1886808674561,68.6780948891056));
#16517=CARTESIAN_POINT('',(-26.7009095722863,-50.1886808674561,68.6780948891056));
#16518=CARTESIAN_POINT('Origin',(-26.7009095722863,-50.1886808674561,68.6780948891056));
#16519=CARTESIAN_POINT('',(-25.5892928101938,-49.1886808674561,69.0154426786828));
#16520=CARTESIAN_POINT('',(-25.5892928101938,-49.1886808674561,69.0154426786828));
#16521=CARTESIAN_POINT('',(-25.5892928101938,-50.1886808674561,69.0154426786828));
#16522=CARTESIAN_POINT('Origin',(-25.5892928101938,-50.1886808674561,69.0154426786828));
#16523=CARTESIAN_POINT('',(-24.7841217500835,-49.1886808674561,69.9854248726322));
#16524=CARTESIAN_POINT('',(-24.7841217500835,-49.1886808674561,69.9854248726322));
#16525=CARTESIAN_POINT('',(-24.7841217500835,-50.1886808674561,69.9854248726322));
#16526=CARTESIAN_POINT('Origin',(-24.7841217500835,-50.1886808674561,69.9854248726322));
#16527=CARTESIAN_POINT('',(-24.5068613530519,-49.1886808674561,71.4094960759616));
#16528=CARTESIAN_POINT('',(-24.5068613530519,-49.1886808674561,71.4094960759616));
#16529=CARTESIAN_POINT('',(-24.5068613530519,-50.1886808674561,71.4094960759616));
#16530=CARTESIAN_POINT('Origin',(-24.5068613530519,-50.1886808674561,71.4094960759616));
#16531=CARTESIAN_POINT('',(-24.7523612711666,-49.1886808674561,72.7640375822025));
#16532=CARTESIAN_POINT('',(-24.7523612711666,-49.1886808674561,72.7640375822025));
#16533=CARTESIAN_POINT('',(-24.7523612711666,-50.1886808674561,72.7640375822025));
#16534=CARTESIAN_POINT('Origin',(-24.7523612711666,-50.1886808674561,72.7640375822025));
#16535=CARTESIAN_POINT('',(-25.4802771122897,-49.1886808674561,73.7220022976429));
#16536=CARTESIAN_POINT('',(-25.4802771122897,-49.1886808674561,73.7220022976429));
#16537=CARTESIAN_POINT('',(-25.4802771122897,-50.1886808674561,73.7220022976429));
#16538=CARTESIAN_POINT('Origin',(-25.4802771122897,-50.1886808674561,73.7220022976429));
#16539=CARTESIAN_POINT('',(-26.5944690483485,-49.1886808674561,74.0619252611862));
#16540=CARTESIAN_POINT('',(-26.5944690483485,-49.1886808674561,74.0619252611863));
#16541=CARTESIAN_POINT('',(-26.5944690483485,-50.1886808674561,74.0619252611863));
#16542=CARTESIAN_POINT('Origin',(-26.5944690483485,-50.1886808674561,74.0619252611863));
#16543=CARTESIAN_POINT('',(-27.4150911522562,-49.1886808674561,73.8190005170378));
#16544=CARTESIAN_POINT('',(-27.4150911522562,-49.1886808674561,73.8190005170378));
#16545=CARTESIAN_POINT('',(-27.4150911522562,-50.1886808674561,73.8190005170378));
#16546=CARTESIAN_POINT('Origin',(-27.4150911522562,-50.1886808674561,73.8190005170378));
#16547=CARTESIAN_POINT('',(-28.0228322082882,-49.1886808674561,73.0902262845926));
#16548=CARTESIAN_POINT('',(-28.0228322082882,-49.1886808674561,73.0902262845926));
#16549=CARTESIAN_POINT('',(-28.0228322082882,-50.1886808674561,73.0902262845926));
#16550=CARTESIAN_POINT('Origin',(-28.0228322082882,-50.1886808674561,73.0902262845926));
#16551=CARTESIAN_POINT('',(-28.0228322082882,-49.1886808674561,73.9520511719601));
#16552=CARTESIAN_POINT('',(-28.0228322082882,-49.1886808674561,73.9520511719601));
#16553=CARTESIAN_POINT('',(-28.0228322082882,-50.1886808674561,73.9520511719601));
#16554=CARTESIAN_POINT('Origin',(-28.0228322082882,-50.1886808674561,73.9520511719601));
#16555=CARTESIAN_POINT('',(-28.9018249220973,-49.1886808674561,73.9520511719601));
#16556=CARTESIAN_POINT('',(-28.9018249220973,-49.1886808674561,73.9520511719601));
#16557=CARTESIAN_POINT('',(-28.9018249220973,-50.1886808674561,73.9520511719601));
#16558=CARTESIAN_POINT('Origin',(-28.9018249220973,-50.1886808674561,73.9520511719601));
#16559=CARTESIAN_POINT('',(-28.9018249220973,-49.1886808674561,66.8102353722613));
#16560=CARTESIAN_POINT('Origin',(-28.0228322082882,-50.1886808674561,71.3288072916861));
#16561=CARTESIAN_POINT('',(-28.0228322082882,-49.1886808674561,71.3288072916861));
#16562=CARTESIAN_POINT('',(-28.0228322082882,-50.1886808674561,71.3288072916861));
#16563=CARTESIAN_POINT('',(-27.6168131129448,-49.1886808674561,72.7082421462674));
#16564=CARTESIAN_POINT('',(-27.6168131129448,-49.1886808674561,72.7082421462674));
#16565=CARTESIAN_POINT('',(-27.6168131129448,-50.1886808674561,72.7082421462674));
#16566=CARTESIAN_POINT('Origin',(-27.6168131129448,-50.1886808674561,72.7082421462674));
#16567=CARTESIAN_POINT('',(-26.6837417458447,-49.1886808674561,73.1829325473772));
#16568=CARTESIAN_POINT('',(-26.6837417458447,-49.1886808674561,73.1829325473772));
#16569=CARTESIAN_POINT('',(-26.6837417458447,-50.1886808674561,73.1829325473772));
#16570=CARTESIAN_POINT('Origin',(-26.6837417458447,-50.1886808674561,73.1829325473772));
#16571=CARTESIAN_POINT('',(-25.7686965965083,-49.1886808674561,72.736569059896));
#16572=CARTESIAN_POINT('',(-25.7686965965083,-49.1886808674561,72.736569059896));
#16573=CARTESIAN_POINT('',(-25.7686965965083,-50.1886808674561,72.736569059896));
#16574=CARTESIAN_POINT('Origin',(-25.7686965965083,-50.1886808674561,72.736569059896));
#16575=CARTESIAN_POINT('',(-25.385854066861,-49.1886808674561,71.3940450321642));
#16576=CARTESIAN_POINT('',(-25.385854066861,-49.1886808674561,71.3940450321642));
#16577=CARTESIAN_POINT('',(-25.385854066861,-50.1886808674561,71.3940450321642));
#16578=CARTESIAN_POINT('Origin',(-25.385854066861,-50.1886808674561,71.3940450321642));
#16579=CARTESIAN_POINT('',(-25.7781389010512,-49.1886808674561,70.0051678730401));
#16580=CARTESIAN_POINT('',(-25.7781389010512,-49.1886808674561,70.0051678730401));
#16581=CARTESIAN_POINT('',(-25.7781389010512,-50.1886808674561,70.0051678730401));
#16582=CARTESIAN_POINT('Origin',(-25.7781389010512,-50.1886808674561,70.0051678730401));
#16583=CARTESIAN_POINT('',(-26.7197941813721,-49.1886808674561,69.5570876029147));
#16584=CARTESIAN_POINT('',(-26.7197941813721,-49.1886808674561,69.5570876029147));
#16585=CARTESIAN_POINT('',(-26.7197941813721,-50.1886808674561,69.5570876029147));
#16586=CARTESIAN_POINT('Origin',(-26.7197941813721,-50.1886808674561,69.5570876029147));
#16587=CARTESIAN_POINT('',(-27.6425648526072,-49.1886808674561,69.9897168292426));
#16588=CARTESIAN_POINT('',(-27.6425648526072,-49.1886808674561,69.9897168292426));
#16589=CARTESIAN_POINT('',(-27.6425648526072,-50.1886808674561,69.9897168292426));
#16590=CARTESIAN_POINT('Origin',(-27.6425648526072,-50.1886808674561,69.9897168292426));
#16591=CARTESIAN_POINT('',(-28.0228322082882,-49.1886808674561,71.3288072916861));
#16592=CARTESIAN_POINT('Origin',(-28.9018249220973,-49.1886808674561,66.8102353722613));
#16593=CARTESIAN_POINT('Origin',(-34.1757812049518,-50.1886808674561,73.9520511719601));
#16594=CARTESIAN_POINT('',(-34.1757812049518,-50.1886808674561,73.9520511719601));
#16595=CARTESIAN_POINT('',(-34.1757812049518,-50.1886808674561,68.7879689783318));
#16596=CARTESIAN_POINT('',(-34.1757812049518,-50.1886808674561,73.9520511719601));
#16597=CARTESIAN_POINT('',(-33.2967884911427,-50.1886808674561,68.7879689783318));
#16598=CARTESIAN_POINT('',(-34.1757812049518,-50.1886808674561,68.7879689783318));
#16599=CARTESIAN_POINT('',(-33.2967884911427,-50.1886808674561,73.0730584581511));
#16600=CARTESIAN_POINT('',(-33.2967884911427,-50.1886808674561,68.7879689783318));
#16601=CARTESIAN_POINT('',(-31.09930670662,-50.1886808674561,73.0730584581511));
#16602=CARTESIAN_POINT('',(-33.2967884911427,-50.1886808674561,73.0730584581511));
#16603=CARTESIAN_POINT('',(-31.09930670662,-50.1886808674561,68.7879689783318));
#16604=CARTESIAN_POINT('',(-31.09930670662,-50.1886808674561,73.0730584581511));
#16605=CARTESIAN_POINT('',(-30.220313992811,-50.1886808674561,68.7879689783318));
#16606=CARTESIAN_POINT('',(-31.09930670662,-50.1886808674561,68.7879689783318));
#16607=CARTESIAN_POINT('',(-30.220313992811,-50.1886808674561,73.9520511719601));
#16608=CARTESIAN_POINT('',(-30.220313992811,-50.1886808674561,68.7879689783318));
#16609=CARTESIAN_POINT('',(-30.220313992811,-50.1886808674561,73.9520511719601));
#16610=CARTESIAN_POINT('Origin',(-34.1757812049518,-50.1886808674561,73.9520511719601));
#16611=CARTESIAN_POINT('',(-34.1757812049518,-49.1886808674561,73.9520511719601));
#16612=CARTESIAN_POINT('',(-34.1757812049518,-50.1886808674561,73.9520511719601));
#16613=CARTESIAN_POINT('',(-34.1757812049518,-49.1886808674561,68.7879689783318));
#16614=CARTESIAN_POINT('',(-34.1757812049518,-49.1886808674561,68.7879689783318));
#16615=CARTESIAN_POINT('',(-34.1757812049518,-50.1886808674561,68.7879689783318));
#16616=CARTESIAN_POINT('Origin',(-34.1757812049518,-50.1886808674561,68.7879689783318));
#16617=CARTESIAN_POINT('',(-33.2967884911427,-49.1886808674561,68.7879689783318));
#16618=CARTESIAN_POINT('',(-33.2967884911427,-49.1886808674561,68.7879689783318));
#16619=CARTESIAN_POINT('',(-33.2967884911427,-50.1886808674561,68.7879689783318));
#16620=CARTESIAN_POINT('Origin',(-33.2967884911427,-50.1886808674561,68.7879689783318));
#16621=CARTESIAN_POINT('',(-33.2967884911427,-49.1886808674561,73.0730584581511));
#16622=CARTESIAN_POINT('',(-33.2967884911427,-49.1886808674561,73.0730584581511));
#16623=CARTESIAN_POINT('',(-33.2967884911427,-50.1886808674561,73.0730584581511));
#16624=CARTESIAN_POINT('Origin',(-33.2967884911427,-50.1886808674561,73.0730584581511));
#16625=CARTESIAN_POINT('',(-31.09930670662,-49.1886808674561,73.0730584581511));
#16626=CARTESIAN_POINT('',(-31.09930670662,-49.1886808674561,73.0730584581511));
#16627=CARTESIAN_POINT('',(-31.09930670662,-50.1886808674561,73.0730584581511));
#16628=CARTESIAN_POINT('Origin',(-31.09930670662,-50.1886808674561,73.0730584581511));
#16629=CARTESIAN_POINT('',(-31.09930670662,-49.1886808674561,68.7879689783318));
#16630=CARTESIAN_POINT('',(-31.09930670662,-49.1886808674561,68.7879689783318));
#16631=CARTESIAN_POINT('',(-31.09930670662,-50.1886808674561,68.7879689783318));
#16632=CARTESIAN_POINT('Origin',(-31.09930670662,-50.1886808674561,68.7879689783318));
#16633=CARTESIAN_POINT('',(-30.220313992811,-49.1886808674561,68.7879689783318));
#16634=CARTESIAN_POINT('',(-30.220313992811,-49.1886808674561,68.7879689783318));
#16635=CARTESIAN_POINT('',(-30.220313992811,-50.1886808674561,68.7879689783318));
#16636=CARTESIAN_POINT('Origin',(-30.220313992811,-50.1886808674561,68.7879689783318));
#16637=CARTESIAN_POINT('',(-30.220313992811,-49.1886808674561,73.9520511719601));
#16638=CARTESIAN_POINT('',(-30.220313992811,-49.1886808674561,73.9520511719601));
#16639=CARTESIAN_POINT('',(-30.220313992811,-50.1886808674561,73.9520511719601));
#16640=CARTESIAN_POINT('Origin',(-30.220313992811,-50.1886808674561,73.9520511719601));
#16641=CARTESIAN_POINT('',(-34.1757812049518,-49.1886808674561,73.9520511719601));
#16642=CARTESIAN_POINT('Origin',(-34.1757812049518,-49.1886808674561,73.9520511719601));
#16643=CARTESIAN_POINT('Origin',(28.7820719216237,-50.1886808674561,82.490288421126));
#16644=CARTESIAN_POINT('',(28.7820719216237,-50.1886808674561,82.490288421126));
#16645=CARTESIAN_POINT('',(28.7820719216237,-50.1886808674561,77.3262062274977));
#16646=CARTESIAN_POINT('',(28.7820719216237,-50.1886808674561,82.490288421126));
#16647=CARTESIAN_POINT('',(29.9323162932098,-50.1886808674561,77.3262062274977));
#16648=CARTESIAN_POINT('',(28.7820719216237,-50.1886808674561,77.3262062274977));
#16649=CARTESIAN_POINT('',(32.0782945984077,-50.1886808674561,81.2404706561787));
#16650=CARTESIAN_POINT('',(29.9323162932098,-50.1886808674561,77.3262062274977));
#16651=CARTESIAN_POINT('',(32.0782945984077,-50.1886808674561,77.3262062274977));
#16652=CARTESIAN_POINT('',(32.0782945984077,-50.1886808674561,81.2404706561787));
#16653=CARTESIAN_POINT('',(32.9572873122168,-50.1886808674561,77.3262062274977));
#16654=CARTESIAN_POINT('',(32.0782945984077,-50.1886808674561,77.3262062274977));
#16655=CARTESIAN_POINT('',(32.9572873122168,-50.1886808674561,82.490288421126));
#16656=CARTESIAN_POINT('',(32.9572873122168,-50.1886808674561,77.3262062274977));
#16657=CARTESIAN_POINT('',(31.820777201784,-50.1886808674561,82.490288421126));
#16658=CARTESIAN_POINT('',(32.9572873122168,-50.1886808674561,82.490288421126));
#16659=CARTESIAN_POINT('',(29.6610646354327,-50.1886808674561,78.5519890354267));
#16660=CARTESIAN_POINT('',(31.820777201784,-50.1886808674561,82.490288421126));
#16661=CARTESIAN_POINT('',(29.6610646354327,-50.1886808674561,82.490288421126));
#16662=CARTESIAN_POINT('',(29.6610646354327,-50.1886808674561,78.5519890354267));
#16663=CARTESIAN_POINT('',(29.6610646354327,-50.1886808674561,82.490288421126));
#16664=CARTESIAN_POINT('Origin',(28.7820719216237,-50.1886808674561,82.490288421126));
#16665=CARTESIAN_POINT('',(28.7820719216237,-49.1886808674561,82.490288421126));
#16666=CARTESIAN_POINT('',(28.7820719216237,-50.1886808674561,82.490288421126));
#16667=CARTESIAN_POINT('',(28.7820719216237,-49.1886808674561,77.3262062274977));
#16668=CARTESIAN_POINT('',(28.7820719216237,-49.1886808674561,77.3262062274977));
#16669=CARTESIAN_POINT('',(28.7820719216237,-50.1886808674561,77.3262062274977));
#16670=CARTESIAN_POINT('Origin',(28.7820719216237,-50.1886808674561,77.3262062274977));
#16671=CARTESIAN_POINT('',(29.9323162932098,-49.1886808674561,77.3262062274977));
#16672=CARTESIAN_POINT('',(29.9323162932098,-49.1886808674561,77.3262062274977));
#16673=CARTESIAN_POINT('',(29.9323162932098,-50.1886808674561,77.3262062274977));
#16674=CARTESIAN_POINT('Origin',(29.9323162932098,-50.1886808674561,77.3262062274977));
#16675=CARTESIAN_POINT('',(32.0782945984077,-49.1886808674561,81.2404706561787));
#16676=CARTESIAN_POINT('',(32.0782945984077,-49.1886808674561,81.2404706561787));
#16677=CARTESIAN_POINT('',(32.0782945984077,-50.1886808674561,81.2404706561787));
#16678=CARTESIAN_POINT('Origin',(32.0782945984077,-50.1886808674561,81.2404706561787));
#16679=CARTESIAN_POINT('',(32.0782945984077,-49.1886808674561,77.3262062274977));
#16680=CARTESIAN_POINT('',(32.0782945984077,-49.1886808674561,77.3262062274977));
#16681=CARTESIAN_POINT('',(32.0782945984077,-50.1886808674561,77.3262062274977));
#16682=CARTESIAN_POINT('Origin',(32.0782945984077,-50.1886808674561,77.3262062274977));
#16683=CARTESIAN_POINT('',(32.9572873122168,-49.1886808674561,77.3262062274977));
#16684=CARTESIAN_POINT('',(32.9572873122168,-49.1886808674561,77.3262062274977));
#16685=CARTESIAN_POINT('',(32.9572873122168,-50.1886808674561,77.3262062274977));
#16686=CARTESIAN_POINT('Origin',(32.9572873122168,-50.1886808674561,77.3262062274977));
#16687=CARTESIAN_POINT('',(32.9572873122168,-49.1886808674561,82.490288421126));
#16688=CARTESIAN_POINT('',(32.9572873122168,-49.1886808674561,82.490288421126));
#16689=CARTESIAN_POINT('',(32.9572873122168,-50.1886808674561,82.490288421126));
#16690=CARTESIAN_POINT('Origin',(32.9572873122168,-50.1886808674561,82.490288421126));
#16691=CARTESIAN_POINT('',(31.820777201784,-49.1886808674561,82.490288421126));
#16692=CARTESIAN_POINT('',(31.820777201784,-49.1886808674561,82.490288421126));
#16693=CARTESIAN_POINT('',(31.820777201784,-50.1886808674561,82.490288421126));
#16694=CARTESIAN_POINT('Origin',(31.820777201784,-50.1886808674561,82.490288421126));
#16695=CARTESIAN_POINT('',(29.6610646354327,-49.1886808674561,78.5519890354267));
#16696=CARTESIAN_POINT('',(29.6610646354327,-49.1886808674561,78.5519890354267));
#16697=CARTESIAN_POINT('',(29.6610646354327,-50.1886808674561,78.5519890354267));
#16698=CARTESIAN_POINT('Origin',(29.6610646354327,-50.1886808674561,78.5519890354267));
#16699=CARTESIAN_POINT('',(29.6610646354327,-49.1886808674561,82.490288421126));
#16700=CARTESIAN_POINT('',(29.6610646354327,-49.1886808674561,82.490288421126));
#16701=CARTESIAN_POINT('',(29.6610646354327,-50.1886808674561,82.490288421126));
#16702=CARTESIAN_POINT('Origin',(29.6610646354327,-50.1886808674561,82.490288421126));
#16703=CARTESIAN_POINT('',(28.7820719216237,-49.1886808674561,82.490288421126));
#16704=CARTESIAN_POINT('Origin',(28.7820719216237,-49.1886808674561,82.490288421126));
#16705=CARTESIAN_POINT('Origin',(28.7820719216237,-50.1886808674561,82.490288421126));
#16706=CARTESIAN_POINT('',(30.5400573492418,-50.1886808674561,84.3581479379703));
#16707=CARTESIAN_POINT('',(29.8996974229708,-50.1886808674561,83.3778650481559));
#16708=CARTESIAN_POINT('',(30.5400573492418,-50.1886808674561,84.3581479379703));
#16709=CARTESIAN_POINT('',(30.9246166615333,-50.1886808674561,83.0396588672567));
#16710=CARTESIAN_POINT('',(29.8996974229708,-50.1886808674561,83.3778650481559));
#16711=CARTESIAN_POINT('',(31.8714222897866,-50.1886808674561,83.3804402221221));
#16712=CARTESIAN_POINT('',(30.9246166615333,-50.1886808674561,83.0396588672567));
#16713=CARTESIAN_POINT('',(31.8714222897866,-50.1886808674561,83.3804402221221));
#16714=CARTESIAN_POINT('Origin',(30.5400573492418,-50.1886808674561,84.3581479379703));
#16715=CARTESIAN_POINT('',(30.5400573492418,-49.1886808674561,84.3581479379703));
#16716=CARTESIAN_POINT('',(30.5400573492418,-50.1886808674561,84.3581479379703));
#16717=CARTESIAN_POINT('',(29.8996974229708,-49.1886808674561,83.3778650481559));
#16718=CARTESIAN_POINT('',(29.8996974229708,-49.1886808674561,83.3778650481559));
#16719=CARTESIAN_POINT('',(29.8996974229708,-50.1886808674561,83.3778650481559));
#16720=CARTESIAN_POINT('Origin',(29.8996974229708,-50.1886808674561,83.3778650481559));
#16721=CARTESIAN_POINT('',(30.9246166615333,-49.1886808674561,83.0396588672567));
#16722=CARTESIAN_POINT('',(30.9246166615333,-49.1886808674561,83.0396588672567));
#16723=CARTESIAN_POINT('',(30.9246166615333,-50.1886808674561,83.0396588672567));
#16724=CARTESIAN_POINT('Origin',(30.9246166615333,-50.1886808674561,83.0396588672567));
#16725=CARTESIAN_POINT('',(31.8714222897866,-49.1886808674561,83.3804402221221));
#16726=CARTESIAN_POINT('',(31.8714222897866,-49.1886808674561,83.3804402221221));
#16727=CARTESIAN_POINT('',(31.8714222897866,-50.1886808674561,83.3804402221221));
#16728=CARTESIAN_POINT('Origin',(31.8714222897866,-50.1886808674561,83.3804402221221));
#16729=CARTESIAN_POINT('',(30.5400573492418,-49.1886808674561,84.3581479379703));
#16730=CARTESIAN_POINT('Origin',(28.7820719216237,-49.1886808674561,82.490288421126));
#16731=CARTESIAN_POINT('Origin',(23.2883674603169,-50.1886808674561,82.490288421126));
#16732=CARTESIAN_POINT('',(23.2883674603169,-50.1886808674561,82.490288421126));
#16733=CARTESIAN_POINT('',(23.2883674603169,-50.1886808674561,77.3262062274977));
#16734=CARTESIAN_POINT('',(23.2883674603169,-50.1886808674561,82.490288421126));
#16735=CARTESIAN_POINT('',(24.438611831903,-50.1886808674561,77.3262062274977));
#16736=CARTESIAN_POINT('',(23.2883674603169,-50.1886808674561,77.3262062274977));
#16737=CARTESIAN_POINT('',(26.584590137101,-50.1886808674561,81.2404706561787));
#16738=CARTESIAN_POINT('',(24.438611831903,-50.1886808674561,77.3262062274977));
#16739=CARTESIAN_POINT('',(26.584590137101,-50.1886808674561,77.3262062274977));
#16740=CARTESIAN_POINT('',(26.584590137101,-50.1886808674561,81.2404706561787));
#16741=CARTESIAN_POINT('',(27.46358285091,-50.1886808674561,77.3262062274977));
#16742=CARTESIAN_POINT('',(26.584590137101,-50.1886808674561,77.3262062274977));
#16743=CARTESIAN_POINT('',(27.46358285091,-50.1886808674561,82.490288421126));
#16744=CARTESIAN_POINT('',(27.46358285091,-50.1886808674561,77.3262062274977));
#16745=CARTESIAN_POINT('',(26.3270727404772,-50.1886808674561,82.490288421126));
#16746=CARTESIAN_POINT('',(27.46358285091,-50.1886808674561,82.490288421126));
#16747=CARTESIAN_POINT('',(24.167360174126,-50.1886808674561,78.5519890354267));
#16748=CARTESIAN_POINT('',(26.3270727404772,-50.1886808674561,82.490288421126));
#16749=CARTESIAN_POINT('',(24.167360174126,-50.1886808674561,82.490288421126));
#16750=CARTESIAN_POINT('',(24.167360174126,-50.1886808674561,78.5519890354267));
#16751=CARTESIAN_POINT('',(24.167360174126,-50.1886808674561,82.490288421126));
#16752=CARTESIAN_POINT('Origin',(23.2883674603169,-50.1886808674561,82.490288421126));
#16753=CARTESIAN_POINT('',(23.2883674603169,-49.1886808674561,82.490288421126));
#16754=CARTESIAN_POINT('',(23.2883674603169,-50.1886808674561,82.490288421126));
#16755=CARTESIAN_POINT('',(23.2883674603169,-49.1886808674561,77.3262062274977));
#16756=CARTESIAN_POINT('',(23.2883674603169,-49.1886808674561,77.3262062274977));
#16757=CARTESIAN_POINT('',(23.2883674603169,-50.1886808674561,77.3262062274977));
#16758=CARTESIAN_POINT('Origin',(23.2883674603169,-50.1886808674561,77.3262062274977));
#16759=CARTESIAN_POINT('',(24.438611831903,-49.1886808674561,77.3262062274977));
#16760=CARTESIAN_POINT('',(24.438611831903,-49.1886808674561,77.3262062274977));
#16761=CARTESIAN_POINT('',(24.438611831903,-50.1886808674561,77.3262062274977));
#16762=CARTESIAN_POINT('Origin',(24.438611831903,-50.1886808674561,77.3262062274977));
#16763=CARTESIAN_POINT('',(26.584590137101,-49.1886808674561,81.2404706561787));
#16764=CARTESIAN_POINT('',(26.584590137101,-49.1886808674561,81.2404706561787));
#16765=CARTESIAN_POINT('',(26.584590137101,-50.1886808674561,81.2404706561787));
#16766=CARTESIAN_POINT('Origin',(26.584590137101,-50.1886808674561,81.2404706561787));
#16767=CARTESIAN_POINT('',(26.584590137101,-49.1886808674561,77.3262062274977));
#16768=CARTESIAN_POINT('',(26.584590137101,-49.1886808674561,77.3262062274977));
#16769=CARTESIAN_POINT('',(26.584590137101,-50.1886808674561,77.3262062274977));
#16770=CARTESIAN_POINT('Origin',(26.584590137101,-50.1886808674561,77.3262062274977));
#16771=CARTESIAN_POINT('',(27.46358285091,-49.1886808674561,77.3262062274977));
#16772=CARTESIAN_POINT('',(27.46358285091,-49.1886808674561,77.3262062274977));
#16773=CARTESIAN_POINT('',(27.46358285091,-50.1886808674561,77.3262062274977));
#16774=CARTESIAN_POINT('Origin',(27.46358285091,-50.1886808674561,77.3262062274977));
#16775=CARTESIAN_POINT('',(27.46358285091,-49.1886808674561,82.490288421126));
#16776=CARTESIAN_POINT('',(27.46358285091,-49.1886808674561,82.490288421126));
#16777=CARTESIAN_POINT('',(27.46358285091,-50.1886808674561,82.490288421126));
#16778=CARTESIAN_POINT('Origin',(27.46358285091,-50.1886808674561,82.490288421126));
#16779=CARTESIAN_POINT('',(26.3270727404772,-49.1886808674561,82.490288421126));
#16780=CARTESIAN_POINT('',(26.3270727404772,-49.1886808674561,82.490288421126));
#16781=CARTESIAN_POINT('',(26.3270727404772,-50.1886808674561,82.490288421126));
#16782=CARTESIAN_POINT('Origin',(26.3270727404772,-50.1886808674561,82.490288421126));
#16783=CARTESIAN_POINT('',(24.167360174126,-49.1886808674561,78.5519890354267));
#16784=CARTESIAN_POINT('',(24.167360174126,-49.1886808674561,78.5519890354267));
#16785=CARTESIAN_POINT('',(24.167360174126,-50.1886808674561,78.5519890354267));
#16786=CARTESIAN_POINT('Origin',(24.167360174126,-50.1886808674561,78.5519890354267));
#16787=CARTESIAN_POINT('',(24.167360174126,-49.1886808674561,82.490288421126));
#16788=CARTESIAN_POINT('',(24.167360174126,-49.1886808674561,82.490288421126));
#16789=CARTESIAN_POINT('',(24.167360174126,-50.1886808674561,82.490288421126));
#16790=CARTESIAN_POINT('Origin',(24.167360174126,-50.1886808674561,82.490288421126));
#16791=CARTESIAN_POINT('',(23.2883674603169,-49.1886808674561,82.490288421126));
#16792=CARTESIAN_POINT('Origin',(23.2883674603169,-49.1886808674561,82.490288421126));
#16793=CARTESIAN_POINT('Origin',(19.0032779804976,-50.1886808674561,82.490288421126));
#16794=CARTESIAN_POINT('',(19.0032779804976,-50.1886808674561,82.490288421126));
#16795=CARTESIAN_POINT('',(19.0032779804976,-50.1886808674561,77.3262062274977));
#16796=CARTESIAN_POINT('',(19.0032779804976,-50.1886808674561,82.490288421126));
#16797=CARTESIAN_POINT('',(19.8822706943067,-50.1886808674561,77.3262062274977));
#16798=CARTESIAN_POINT('',(19.0032779804976,-50.1886808674561,77.3262062274977));
#16799=CARTESIAN_POINT('',(20.3543859214503,-50.1886808674561,79.5812002305997));
#16800=CARTESIAN_POINT('',(19.8822706943067,-50.1886808674561,77.3262062274977));
#16801=CARTESIAN_POINT('',(20.817917235373,-50.1886808674561,78.9107966080558));
#16802=CARTESIAN_POINT('',(20.3543859214503,-50.1886808674561,79.5812002305997));
#16803=CARTESIAN_POINT('',(21.7398295152861,-50.1886808674561,77.3262062274977));
#16804=CARTESIAN_POINT('',(20.817917235373,-50.1886808674561,78.9107966080558));
#16805=CARTESIAN_POINT('',(22.7389970141862,-50.1886808674561,77.3262062274977));
#16806=CARTESIAN_POINT('',(21.7398295152861,-50.1886808674561,77.3262062274977));
#16807=CARTESIAN_POINT('',(21.7982001251874,-50.1886808674561,78.945132260939));
#16808=CARTESIAN_POINT('',(22.7389970141862,-50.1886808674561,77.3262062274977));
#16809=CARTESIAN_POINT('',(22.519248835734,-50.1886808674561,81.6061453593845));
#16810=CARTESIAN_POINT('',(21.7982001251874,-50.1886808674561,78.945132260939));
#16811=CARTESIAN_POINT('',(21.3544118116725,-50.1886808674561,82.164958110058));
#16812=CARTESIAN_POINT('',(22.519248835734,-50.1886808674561,81.6061453593845));
#16813=CARTESIAN_POINT('',(20.9535430642615,-50.1886808674561,81.3709461371348));
#16814=CARTESIAN_POINT('',(21.3544118116725,-50.1886808674561,82.164958110058));
#16815=CARTESIAN_POINT('',(19.8822706943067,-50.1886808674561,80.2928066366033));
#16816=CARTESIAN_POINT('',(20.9535430642615,-50.1886808674561,81.3709461371348));
#16817=CARTESIAN_POINT('',(19.8822706943067,-50.1886808674561,82.490288421126));
#16818=CARTESIAN_POINT('',(19.8822706943067,-50.1886808674561,80.2928066366033));
#16819=CARTESIAN_POINT('',(19.8822706943067,-50.1886808674561,82.490288421126));
#16820=CARTESIAN_POINT('Origin',(19.0032779804976,-50.1886808674561,82.490288421126));
#16821=CARTESIAN_POINT('',(19.0032779804976,-49.1886808674561,82.490288421126));
#16822=CARTESIAN_POINT('',(19.0032779804976,-50.1886808674561,82.490288421126));
#16823=CARTESIAN_POINT('',(19.0032779804976,-49.1886808674561,77.3262062274977));
#16824=CARTESIAN_POINT('',(19.0032779804976,-49.1886808674561,77.3262062274977));
#16825=CARTESIAN_POINT('',(19.0032779804976,-50.1886808674561,77.3262062274977));
#16826=CARTESIAN_POINT('Origin',(19.0032779804976,-50.1886808674561,77.3262062274977));
#16827=CARTESIAN_POINT('',(19.8822706943067,-49.1886808674561,77.3262062274977));
#16828=CARTESIAN_POINT('',(19.8822706943067,-49.1886808674561,77.3262062274977));
#16829=CARTESIAN_POINT('',(19.8822706943067,-50.1886808674561,77.3262062274977));
#16830=CARTESIAN_POINT('Origin',(19.8822706943067,-50.1886808674561,77.3262062274977));
#16831=CARTESIAN_POINT('',(20.3543859214503,-49.1886808674561,79.5812002305997));
#16832=CARTESIAN_POINT('',(20.3543859214503,-49.1886808674561,79.5812002305997));
#16833=CARTESIAN_POINT('',(20.3543859214503,-50.1886808674561,79.5812002305997));
#16834=CARTESIAN_POINT('Origin',(20.3543859214503,-50.1886808674561,79.5812002305997));
#16835=CARTESIAN_POINT('',(20.817917235373,-49.1886808674561,78.9107966080558));
#16836=CARTESIAN_POINT('',(20.817917235373,-49.1886808674561,78.9107966080558));
#16837=CARTESIAN_POINT('',(20.817917235373,-50.1886808674561,78.9107966080558));
#16838=CARTESIAN_POINT('Origin',(20.817917235373,-50.1886808674561,78.9107966080558));
#16839=CARTESIAN_POINT('',(21.7398295152861,-49.1886808674561,77.3262062274977));
#16840=CARTESIAN_POINT('',(21.7398295152861,-49.1886808674561,77.3262062274977));
#16841=CARTESIAN_POINT('',(21.7398295152861,-50.1886808674561,77.3262062274977));
#16842=CARTESIAN_POINT('Origin',(21.7398295152861,-50.1886808674561,77.3262062274977));
#16843=CARTESIAN_POINT('',(22.7389970141862,-49.1886808674561,77.3262062274977));
#16844=CARTESIAN_POINT('',(22.7389970141862,-49.1886808674561,77.3262062274977));
#16845=CARTESIAN_POINT('',(22.7389970141862,-50.1886808674561,77.3262062274977));
#16846=CARTESIAN_POINT('Origin',(22.7389970141862,-50.1886808674561,77.3262062274977));
#16847=CARTESIAN_POINT('',(21.7982001251874,-49.1886808674561,78.945132260939));
#16848=CARTESIAN_POINT('',(21.7982001251874,-49.1886808674561,78.945132260939));
#16849=CARTESIAN_POINT('',(21.7982001251874,-50.1886808674561,78.945132260939));
#16850=CARTESIAN_POINT('Origin',(21.7982001251874,-50.1886808674561,78.945132260939));
#16851=CARTESIAN_POINT('',(22.519248835734,-49.1886808674561,81.6061453593845));
#16852=CARTESIAN_POINT('',(22.519248835734,-49.1886808674561,81.6061453593845));
#16853=CARTESIAN_POINT('',(22.519248835734,-50.1886808674561,81.6061453593845));
#16854=CARTESIAN_POINT('Origin',(22.519248835734,-50.1886808674561,81.6061453593845));
#16855=CARTESIAN_POINT('',(21.3544118116725,-49.1886808674561,82.164958110058));
#16856=CARTESIAN_POINT('',(21.3544118116725,-49.1886808674561,82.164958110058));
#16857=CARTESIAN_POINT('',(21.3544118116725,-50.1886808674561,82.164958110058));
#16858=CARTESIAN_POINT('Origin',(21.3544118116725,-50.1886808674561,82.164958110058));
#16859=CARTESIAN_POINT('',(20.9535430642615,-49.1886808674561,81.3709461371348));
#16860=CARTESIAN_POINT('',(20.9535430642615,-49.1886808674561,81.3709461371348));
#16861=CARTESIAN_POINT('',(20.9535430642615,-50.1886808674561,81.3709461371348));
#16862=CARTESIAN_POINT('Origin',(20.9535430642615,-50.1886808674561,81.3709461371348));
#16863=CARTESIAN_POINT('',(19.8822706943067,-49.1886808674561,80.2928066366033));
#16864=CARTESIAN_POINT('',(19.8822706943067,-49.1886808674561,80.2928066366033));
#16865=CARTESIAN_POINT('',(19.8822706943067,-50.1886808674561,80.2928066366033));
#16866=CARTESIAN_POINT('Origin',(19.8822706943067,-50.1886808674561,80.2928066366033));
#16867=CARTESIAN_POINT('',(19.8822706943067,-49.1886808674561,82.490288421126));
#16868=CARTESIAN_POINT('',(19.8822706943067,-49.1886808674561,82.490288421126));
#16869=CARTESIAN_POINT('',(19.8822706943067,-50.1886808674561,82.490288421126));
#16870=CARTESIAN_POINT('Origin',(19.8822706943067,-50.1886808674561,82.490288421126));
#16871=CARTESIAN_POINT('',(19.0032779804976,-49.1886808674561,82.490288421126));
#16872=CARTESIAN_POINT('Origin',(19.0032779804976,-49.1886808674561,82.490288421126));
#16873=CARTESIAN_POINT('Origin',(17.3551666421056,-50.1886808674561,79.194065744342));
#16874=CARTESIAN_POINT('',(17.3551666421056,-50.1886808674561,79.194065744342));
#16875=CARTESIAN_POINT('',(16.9336965029647,-50.1886808674561,78.3648597272135));
#16876=CARTESIAN_POINT('',(17.3551666421056,-50.1886808674561,79.194065744342));
#16877=CARTESIAN_POINT('',(16.1053488771583,-50.1886808674561,78.0953248520806));
#16878=CARTESIAN_POINT('',(16.9336965029647,-50.1886808674561,78.3648597272135));
#16879=CARTESIAN_POINT('',(15.1018894216478,-50.1886808674561,78.5270956870864));
#16880=CARTESIAN_POINT('',(16.1053488771583,-50.1886808674561,78.0953248520806));
#16881=CARTESIAN_POINT('',(14.7181885006784,-50.1886808674561,79.9133976722443));
#16882=CARTESIAN_POINT('',(15.1018894216478,-50.1886808674561,78.5270956870864));
#16883=CARTESIAN_POINT('',(15.1104733348685,-50.1886808674561,81.286823787571));
#16884=CARTESIAN_POINT('',(14.7181885006784,-50.1886808674561,79.9133976722443));
#16885=CARTESIAN_POINT('',(17.2452925528795,-50.1886808674561,80.842177082734));
#16886=CARTESIAN_POINT('',(15.1104733348685,-50.1886808674561,81.286823787571));
#16887=CARTESIAN_POINT('',(18.1242852666886,-50.1886808674561,80.9520511719601));
#16888=CARTESIAN_POINT('',(17.2452925528795,-50.1886808674561,80.842177082734));
#16889=CARTESIAN_POINT('',(17.4590319920772,-50.1886808674561,82.1709668493126));
#16890=CARTESIAN_POINT('',(18.1242852666886,-50.1886808674561,80.9520511719601));
#16891=CARTESIAN_POINT('',(16.1225167035999,-50.1886808674561,82.6001625103521));
#16892=CARTESIAN_POINT('',(17.4590319920772,-50.1886808674561,82.1709668493126));
#16893=CARTESIAN_POINT('',(14.9267775919436,-50.1886808674561,82.2877080691153));
#16894=CARTESIAN_POINT('',(16.1225167035999,-50.1886808674561,82.6001625103521));
#16895=CARTESIAN_POINT('',(14.1078722706801,-50.1886808674561,81.3494863540828));
#16896=CARTESIAN_POINT('',(14.9267775919436,-50.1886808674561,82.2877080691153));
#16897=CARTESIAN_POINT('',(13.8391957868693,-50.1886808674561,79.8893627152261));
#16898=CARTESIAN_POINT('',(14.1078722706801,-50.1886808674561,81.3494863540828));
#16899=CARTESIAN_POINT('',(14.4683966259533,-50.1886808674561,77.9073371525453));
#16900=CARTESIAN_POINT('',(13.8391957868693,-50.1886808674561,79.8893627152261));
#16901=CARTESIAN_POINT('',(16.134534182109,-50.1886808674561,77.2163321382715));
#16902=CARTESIAN_POINT('',(14.4683966259533,-50.1886808674561,77.9073371525453));
#16903=CARTESIAN_POINT('',(17.5285616891656,-50.1886808674561,77.7116239311112));
#16904=CARTESIAN_POINT('',(16.134534182109,-50.1886808674561,77.2163321382715));
#16905=CARTESIAN_POINT('',(18.2341593559147,-50.1886808674561,79.0841916551158));
#16906=CARTESIAN_POINT('',(17.5285616891656,-50.1886808674561,77.7116239311112));
#16907=CARTESIAN_POINT('',(18.2341593559147,-50.1886808674561,79.0841916551158));
#16908=CARTESIAN_POINT('Origin',(17.3551666421056,-50.1886808674561,79.194065744342));
#16909=CARTESIAN_POINT('',(17.3551666421056,-49.1886808674561,79.194065744342));
#16910=CARTESIAN_POINT('',(17.3551666421056,-50.1886808674561,79.194065744342));
#16911=CARTESIAN_POINT('',(16.9336965029647,-49.1886808674561,78.3648597272135));
#16912=CARTESIAN_POINT('',(16.9336965029647,-49.1886808674561,78.3648597272135));
#16913=CARTESIAN_POINT('',(16.9336965029647,-50.1886808674561,78.3648597272135));
#16914=CARTESIAN_POINT('Origin',(16.9336965029647,-50.1886808674561,78.3648597272135));
#16915=CARTESIAN_POINT('',(16.1053488771583,-49.1886808674561,78.0953248520806));
#16916=CARTESIAN_POINT('',(16.1053488771583,-49.1886808674561,78.0953248520806));
#16917=CARTESIAN_POINT('',(16.1053488771583,-50.1886808674561,78.0953248520806));
#16918=CARTESIAN_POINT('Origin',(16.1053488771583,-50.1886808674561,78.0953248520806));
#16919=CARTESIAN_POINT('',(15.1018894216478,-49.1886808674561,78.5270956870864));
#16920=CARTESIAN_POINT('',(15.1018894216478,-49.1886808674561,78.5270956870864));
#16921=CARTESIAN_POINT('',(15.1018894216478,-50.1886808674561,78.5270956870864));
#16922=CARTESIAN_POINT('Origin',(15.1018894216478,-50.1886808674561,78.5270956870864));
#16923=CARTESIAN_POINT('',(14.7181885006784,-49.1886808674561,79.9133976722443));
#16924=CARTESIAN_POINT('',(14.7181885006784,-49.1886808674561,79.9133976722443));
#16925=CARTESIAN_POINT('',(14.7181885006784,-50.1886808674561,79.9133976722443));
#16926=CARTESIAN_POINT('Origin',(14.7181885006784,-50.1886808674561,79.9133976722443));
#16927=CARTESIAN_POINT('',(15.1104733348685,-49.1886808674561,81.286823787571));
#16928=CARTESIAN_POINT('',(15.1104733348685,-49.1886808674561,81.286823787571));
#16929=CARTESIAN_POINT('',(15.1104733348685,-50.1886808674561,81.286823787571));
#16930=CARTESIAN_POINT('Origin',(15.1104733348685,-50.1886808674561,81.286823787571));
#16931=CARTESIAN_POINT('',(17.2452925528795,-49.1886808674561,80.842177082734));
#16932=CARTESIAN_POINT('',(17.2452925528795,-49.1886808674561,80.842177082734));
#16933=CARTESIAN_POINT('',(17.2452925528795,-50.1886808674561,80.842177082734));
#16934=CARTESIAN_POINT('Origin',(17.2452925528795,-50.1886808674561,80.842177082734));
#16935=CARTESIAN_POINT('',(18.1242852666886,-49.1886808674561,80.9520511719601));
#16936=CARTESIAN_POINT('',(18.1242852666886,-49.1886808674561,80.9520511719601));
#16937=CARTESIAN_POINT('',(18.1242852666886,-50.1886808674561,80.9520511719601));
#16938=CARTESIAN_POINT('Origin',(18.1242852666886,-50.1886808674561,80.9520511719601));
#16939=CARTESIAN_POINT('',(17.4590319920772,-49.1886808674561,82.1709668493126));
#16940=CARTESIAN_POINT('',(17.4590319920772,-49.1886808674561,82.1709668493126));
#16941=CARTESIAN_POINT('',(17.4590319920772,-50.1886808674561,82.1709668493126));
#16942=CARTESIAN_POINT('Origin',(17.4590319920772,-50.1886808674561,82.1709668493126));
#16943=CARTESIAN_POINT('',(16.1225167035999,-49.1886808674561,82.6001625103521));
#16944=CARTESIAN_POINT('',(16.1225167035999,-49.1886808674561,82.6001625103521));
#16945=CARTESIAN_POINT('',(16.1225167035999,-50.1886808674561,82.6001625103521));
#16946=CARTESIAN_POINT('Origin',(16.1225167035999,-50.1886808674561,82.6001625103521));
#16947=CARTESIAN_POINT('',(14.9267775919436,-49.1886808674561,82.2877080691153));
#16948=CARTESIAN_POINT('',(14.9267775919436,-49.1886808674561,82.2877080691153));
#16949=CARTESIAN_POINT('',(14.9267775919436,-50.1886808674561,82.2877080691153));
#16950=CARTESIAN_POINT('Origin',(14.9267775919436,-50.1886808674561,82.2877080691153));
#16951=CARTESIAN_POINT('',(14.1078722706801,-49.1886808674561,81.3494863540828));
#16952=CARTESIAN_POINT('',(14.1078722706801,-49.1886808674561,81.3494863540828));
#16953=CARTESIAN_POINT('',(14.1078722706801,-50.1886808674561,81.3494863540828));
#16954=CARTESIAN_POINT('Origin',(14.1078722706801,-50.1886808674561,81.3494863540828));
#16955=CARTESIAN_POINT('',(13.8391957868693,-49.1886808674561,79.8893627152261));
#16956=CARTESIAN_POINT('',(13.8391957868693,-49.1886808674561,79.8893627152261));
#16957=CARTESIAN_POINT('',(13.8391957868693,-50.1886808674561,79.8893627152261));
#16958=CARTESIAN_POINT('Origin',(13.8391957868693,-50.1886808674561,79.8893627152261));
#16959=CARTESIAN_POINT('',(14.4683966259533,-49.1886808674561,77.9073371525453));
#16960=CARTESIAN_POINT('',(14.4683966259533,-49.1886808674561,77.9073371525453));
#16961=CARTESIAN_POINT('',(14.4683966259533,-50.1886808674561,77.9073371525453));
#16962=CARTESIAN_POINT('Origin',(14.4683966259533,-50.1886808674561,77.9073371525453));
#16963=CARTESIAN_POINT('',(16.134534182109,-49.1886808674561,77.2163321382715));
#16964=CARTESIAN_POINT('',(16.134534182109,-49.1886808674561,77.2163321382715));
#16965=CARTESIAN_POINT('',(16.134534182109,-50.1886808674561,77.2163321382715));
#16966=CARTESIAN_POINT('Origin',(16.134534182109,-50.1886808674561,77.2163321382715));
#16967=CARTESIAN_POINT('',(17.5285616891656,-49.1886808674561,77.7116239311112));
#16968=CARTESIAN_POINT('',(17.5285616891656,-49.1886808674561,77.7116239311112));
#16969=CARTESIAN_POINT('',(17.5285616891656,-50.1886808674561,77.7116239311112));
#16970=CARTESIAN_POINT('Origin',(17.5285616891656,-50.1886808674561,77.7116239311112));
#16971=CARTESIAN_POINT('',(18.2341593559147,-49.1886808674561,79.0841916551158));
#16972=CARTESIAN_POINT('',(18.2341593559147,-49.1886808674561,79.0841916551158));
#16973=CARTESIAN_POINT('',(18.2341593559147,-50.1886808674561,79.0841916551158));
#16974=CARTESIAN_POINT('Origin',(18.2341593559147,-50.1886808674561,79.0841916551158));
#16975=CARTESIAN_POINT('',(17.3551666421056,-49.1886808674561,79.194065744342));
#16976=CARTESIAN_POINT('Origin',(17.3551666421056,-49.1886808674561,79.194065744342));
#16977=CARTESIAN_POINT('Origin',(12.2906578418384,-50.1886808674561,78.8644434766636));
#16978=CARTESIAN_POINT('',(12.2906578418384,-50.1886808674561,78.8644434766636));
#16979=CARTESIAN_POINT('',(11.7241195692662,-50.1886808674561,78.2790205950055));
#16980=CARTESIAN_POINT('',(12.2906578418384,-50.1886808674561,78.8644434766636));
#16981=CARTESIAN_POINT('',(10.8622946818987,-50.1886808674561,78.0953248520806));
#16982=CARTESIAN_POINT('',(11.7241195692662,-50.1886808674561,78.2790205950055));
#16983=CARTESIAN_POINT('',(9.73007652807624,-50.1886808674561,78.4919016428812));
#16984=CARTESIAN_POINT('',(10.8622946818987,-50.1886808674561,78.0953248520806));
#16985=CARTESIAN_POINT('',(9.2244840393716,-50.1886808674561,79.6335621012465));
#16986=CARTESIAN_POINT('',(9.73007652807624,-50.1886808674561,78.4919016428812));
#16987=CARTESIAN_POINT('',(13.1799512515125,-50.1886808674561,79.8704781061404));
#16988=CARTESIAN_POINT('',(9.2244840393716,-50.1886808674561,79.6335621012465));
#16989=CARTESIAN_POINT('',(12.5129811942569,-50.1886808674561,81.8842641477381));
#16990=CARTESIAN_POINT('',(13.1799512515125,-50.1886808674561,79.8704781061404));
#16991=CARTESIAN_POINT('',(10.7953401587765,-50.1886808674561,82.6001625103521));
#16992=CARTESIAN_POINT('',(12.5129811942569,-50.1886808674561,81.8842641477381));
#16993=CARTESIAN_POINT('',(9.02705403529339,-50.1886808674561,81.882547365094));
#16994=CARTESIAN_POINT('',(10.7953401587765,-50.1886808674561,82.6001625103521));
#16995=CARTESIAN_POINT('',(8.34549132556251,-50.1886808674561,79.8653277582079));
#16996=CARTESIAN_POINT('',(9.02705403529339,-50.1886808674561,81.882547365094));
#16997=CARTESIAN_POINT('',(9.02018690471675,-50.1886808674561,77.9124875004777));
#16998=CARTESIAN_POINT('',(8.34549132556251,-50.1886808674561,79.8653277582079));
#16999=CARTESIAN_POINT('',(10.8451268554571,-50.1886808674561,77.2163321382715));
#17000=CARTESIAN_POINT('',(9.02018690471675,-50.1886808674561,77.9124875004777));
#17001=CARTESIAN_POINT('',(12.3464532777736,-50.1886808674561,77.6197760596487));
#17002=CARTESIAN_POINT('',(10.8451268554571,-50.1886808674561,77.2163321382715));
#17003=CARTESIAN_POINT('',(13.1524827292059,-50.1886808674561,78.7545693874374));
#17004=CARTESIAN_POINT('',(12.3464532777736,-50.1886808674561,77.6197760596487));
#17005=CARTESIAN_POINT('',(13.1524827292059,-50.1886808674561,78.7545693874374));
#17006=CARTESIAN_POINT('',(9.2244840393716,-50.1886808674561,80.5125548150556));
#17007=CARTESIAN_POINT('',(9.70947513634633,-50.1886808674561,81.3924059201867));
#17008=CARTESIAN_POINT('',(9.2244840393716,-50.1886808674561,80.5125548150556));
#17009=CARTESIAN_POINT('',(10.7919065934882,-50.1886808674561,81.7211697965431));
#17010=CARTESIAN_POINT('',(9.70947513634633,-50.1886808674561,81.3924059201867));
#17011=CARTESIAN_POINT('',(11.9490180956509,-50.1886808674561,81.3091419619451));
#17012=CARTESIAN_POINT('',(10.7919065934882,-50.1886808674561,81.7211697965431));
#17013=CARTESIAN_POINT('',(12.3009585377034,-50.1886808674561,80.5125548150556));
#17014=CARTESIAN_POINT('',(11.9490180956509,-50.1886808674561,81.3091419619451));
#17015=CARTESIAN_POINT('',(12.3009585377034,-50.1886808674561,80.5125548150556));
#17016=CARTESIAN_POINT('Origin',(12.2906578418384,-50.1886808674561,78.8644434766636));
#17017=CARTESIAN_POINT('',(12.2906578418384,-49.1886808674561,78.8644434766636));
#17018=CARTESIAN_POINT('',(12.2906578418384,-50.1886808674561,78.8644434766636));
#17019=CARTESIAN_POINT('',(11.7241195692662,-49.1886808674561,78.2790205950055));
#17020=CARTESIAN_POINT('',(11.7241195692662,-49.1886808674561,78.2790205950055));
#17021=CARTESIAN_POINT('',(11.7241195692662,-50.1886808674561,78.2790205950055));
#17022=CARTESIAN_POINT('Origin',(11.7241195692662,-50.1886808674561,78.2790205950055));
#17023=CARTESIAN_POINT('',(10.8622946818987,-49.1886808674561,78.0953248520806));
#17024=CARTESIAN_POINT('',(10.8622946818987,-49.1886808674561,78.0953248520806));
#17025=CARTESIAN_POINT('',(10.8622946818987,-50.1886808674561,78.0953248520806));
#17026=CARTESIAN_POINT('Origin',(10.8622946818987,-50.1886808674561,78.0953248520806));
#17027=CARTESIAN_POINT('',(9.73007652807624,-49.1886808674561,78.4919016428812));
#17028=CARTESIAN_POINT('',(9.73007652807624,-49.1886808674561,78.4919016428812));
#17029=CARTESIAN_POINT('',(9.73007652807624,-50.1886808674561,78.4919016428812));
#17030=CARTESIAN_POINT('Origin',(9.73007652807624,-50.1886808674561,78.4919016428812));
#17031=CARTESIAN_POINT('',(9.2244840393716,-49.1886808674561,79.6335621012465));
#17032=CARTESIAN_POINT('',(9.2244840393716,-49.1886808674561,79.6335621012465));
#17033=CARTESIAN_POINT('',(9.2244840393716,-50.1886808674561,79.6335621012465));
#17034=CARTESIAN_POINT('Origin',(9.2244840393716,-50.1886808674561,79.6335621012465));
#17035=CARTESIAN_POINT('',(13.1799512515125,-49.1886808674561,79.8704781061404));
#17036=CARTESIAN_POINT('',(13.1799512515125,-49.1886808674561,79.8704781061404));
#17037=CARTESIAN_POINT('',(13.1799512515125,-50.1886808674561,79.8704781061404));
#17038=CARTESIAN_POINT('Origin',(13.1799512515125,-50.1886808674561,79.8704781061404));
#17039=CARTESIAN_POINT('',(12.5129811942569,-49.1886808674561,81.8842641477381));
#17040=CARTESIAN_POINT('',(12.5129811942569,-49.1886808674561,81.8842641477381));
#17041=CARTESIAN_POINT('',(12.5129811942569,-50.1886808674561,81.8842641477381));
#17042=CARTESIAN_POINT('Origin',(12.5129811942569,-50.1886808674561,81.8842641477381));
#17043=CARTESIAN_POINT('',(10.7953401587765,-49.1886808674561,82.6001625103521));
#17044=CARTESIAN_POINT('',(10.7953401587765,-49.1886808674561,82.6001625103521));
#17045=CARTESIAN_POINT('',(10.7953401587765,-50.1886808674561,82.6001625103521));
#17046=CARTESIAN_POINT('Origin',(10.7953401587765,-50.1886808674561,82.6001625103521));
#17047=CARTESIAN_POINT('',(9.02705403529339,-49.1886808674561,81.882547365094));
#17048=CARTESIAN_POINT('',(9.02705403529339,-49.1886808674561,81.882547365094));
#17049=CARTESIAN_POINT('',(9.02705403529339,-50.1886808674561,81.882547365094));
#17050=CARTESIAN_POINT('Origin',(9.02705403529339,-50.1886808674561,81.882547365094));
#17051=CARTESIAN_POINT('',(8.34549132556251,-49.1886808674561,79.8653277582079));
#17052=CARTESIAN_POINT('',(8.34549132556251,-49.1886808674561,79.8653277582079));
#17053=CARTESIAN_POINT('',(8.34549132556251,-50.1886808674561,79.8653277582079));
#17054=CARTESIAN_POINT('Origin',(8.34549132556251,-50.1886808674561,79.8653277582079));
#17055=CARTESIAN_POINT('',(9.02018690471675,-49.1886808674561,77.9124875004777));
#17056=CARTESIAN_POINT('',(9.02018690471675,-49.1886808674561,77.9124875004777));
#17057=CARTESIAN_POINT('',(9.02018690471675,-50.1886808674561,77.9124875004777));
#17058=CARTESIAN_POINT('Origin',(9.02018690471675,-50.1886808674561,77.9124875004777));
#17059=CARTESIAN_POINT('',(10.8451268554571,-49.1886808674561,77.2163321382715));
#17060=CARTESIAN_POINT('',(10.8451268554571,-49.1886808674561,77.2163321382715));
#17061=CARTESIAN_POINT('',(10.8451268554571,-50.1886808674561,77.2163321382715));
#17062=CARTESIAN_POINT('Origin',(10.8451268554571,-50.1886808674561,77.2163321382715));
#17063=CARTESIAN_POINT('',(12.3464532777736,-49.1886808674561,77.6197760596487));
#17064=CARTESIAN_POINT('',(12.3464532777736,-49.1886808674561,77.6197760596487));
#17065=CARTESIAN_POINT('',(12.3464532777736,-50.1886808674561,77.6197760596487));
#17066=CARTESIAN_POINT('Origin',(12.3464532777736,-50.1886808674561,77.6197760596487));
#17067=CARTESIAN_POINT('',(13.1524827292059,-49.1886808674561,78.7545693874374));
#17068=CARTESIAN_POINT('',(13.1524827292059,-49.1886808674561,78.7545693874374));
#17069=CARTESIAN_POINT('',(13.1524827292059,-50.1886808674561,78.7545693874374));
#17070=CARTESIAN_POINT('Origin',(13.1524827292059,-50.1886808674561,78.7545693874374));
#17071=CARTESIAN_POINT('',(12.2906578418384,-49.1886808674561,78.8644434766636));
#17072=CARTESIAN_POINT('Origin',(9.2244840393716,-50.1886808674561,80.5125548150556));
#17073=CARTESIAN_POINT('',(9.2244840393716,-49.1886808674561,80.5125548150556));
#17074=CARTESIAN_POINT('',(9.2244840393716,-50.1886808674561,80.5125548150556));
#17075=CARTESIAN_POINT('',(9.70947513634633,-49.1886808674561,81.3924059201867));
#17076=CARTESIAN_POINT('',(9.70947513634633,-49.1886808674561,81.3924059201867));
#17077=CARTESIAN_POINT('',(9.70947513634633,-50.1886808674561,81.3924059201867));
#17078=CARTESIAN_POINT('Origin',(9.70947513634633,-50.1886808674561,81.3924059201867));
#17079=CARTESIAN_POINT('',(10.7919065934882,-49.1886808674561,81.7211697965431));
#17080=CARTESIAN_POINT('',(10.7919065934882,-49.1886808674561,81.7211697965431));
#17081=CARTESIAN_POINT('',(10.7919065934882,-50.1886808674561,81.7211697965431));
#17082=CARTESIAN_POINT('Origin',(10.7919065934882,-50.1886808674561,81.7211697965431));
#17083=CARTESIAN_POINT('',(11.9490180956509,-49.1886808674561,81.3091419619451));
#17084=CARTESIAN_POINT('',(11.9490180956509,-49.1886808674561,81.3091419619451));
#17085=CARTESIAN_POINT('',(11.9490180956509,-50.1886808674561,81.3091419619451));
#17086=CARTESIAN_POINT('Origin',(11.9490180956509,-50.1886808674561,81.3091419619451));
#17087=CARTESIAN_POINT('',(12.3009585377034,-49.1886808674561,80.5125548150556));
#17088=CARTESIAN_POINT('',(12.3009585377034,-49.1886808674561,80.5125548150556));
#17089=CARTESIAN_POINT('',(12.3009585377034,-50.1886808674561,80.5125548150556));
#17090=CARTESIAN_POINT('Origin',(12.3009585377034,-50.1886808674561,80.5125548150556));
#17091=CARTESIAN_POINT('',(9.2244840393716,-49.1886808674561,80.5125548150556));
#17092=CARTESIAN_POINT('Origin',(12.2906578418384,-49.1886808674561,78.8644434766636));
#17093=CARTESIAN_POINT('Origin',(3.29128322116029,-50.1886808674561,82.490288421126));
#17094=CARTESIAN_POINT('',(3.29128322116029,-50.1886808674561,82.490288421126));
#17095=CARTESIAN_POINT('',(3.29128322116029,-50.1886808674561,81.0653588264746));
#17096=CARTESIAN_POINT('',(3.29128322116029,-50.1886808674561,82.490288421126));
#17097=CARTESIAN_POINT('',(3.44579365913454,-50.1886808674561,80.0610409796419));
#17098=CARTESIAN_POINT('',(3.29128322116029,-50.1886808674561,81.0653588264746));
#17099=CARTESIAN_POINT('',(4.03207493211462,-50.1886808674561,79.2893471810928));
#17100=CARTESIAN_POINT('',(3.44579365913454,-50.1886808674561,80.0610409796419));
#17101=CARTESIAN_POINT('',(5.02866725704856,-50.1886808674561,78.9743175658897));
#17102=CARTESIAN_POINT('',(4.03207493211462,-50.1886808674561,79.2893471810928));
#17103=CARTESIAN_POINT('',(6.47763180871822,-50.1886808674561,79.2764713112616));
#17104=CARTESIAN_POINT('',(5.02866725704856,-50.1886808674561,78.9743175658897));
#17105=CARTESIAN_POINT('',(6.47763180871822,-50.1886808674561,77.3262062274977));
#17106=CARTESIAN_POINT('',(6.47763180871822,-50.1886808674561,79.2764713112616));
#17107=CARTESIAN_POINT('',(7.3566245225273,-50.1886808674561,77.3262062274977));
#17108=CARTESIAN_POINT('',(6.47763180871822,-50.1886808674561,77.3262062274977));
#17109=CARTESIAN_POINT('',(7.3566245225273,-50.1886808674561,82.490288421126));
#17110=CARTESIAN_POINT('',(7.3566245225273,-50.1886808674561,77.3262062274977));
#17111=CARTESIAN_POINT('',(6.47763180871822,-50.1886808674561,82.490288421126));
#17112=CARTESIAN_POINT('',(7.3566245225273,-50.1886808674561,82.490288421126));
#17113=CARTESIAN_POINT('',(6.47763180871822,-50.1886808674561,80.1194115895433));
#17114=CARTESIAN_POINT('',(6.47763180871822,-50.1886808674561,82.490288421126));
#17115=CARTESIAN_POINT('',(4.24152241470195,-50.1886808674561,80.570925424957));
#17116=CARTESIAN_POINT('',(6.47763180871822,-50.1886808674561,80.1194115895433));
#17117=CARTESIAN_POINT('',(4.17027593496937,-50.1886808674561,81.4997048354466));
#17118=CARTESIAN_POINT('',(4.24152241470195,-50.1886808674561,80.570925424957));
#17119=CARTESIAN_POINT('',(4.17027593496937,-50.1886808674561,82.490288421126));
#17120=CARTESIAN_POINT('',(4.17027593496937,-50.1886808674561,81.4997048354466));
#17121=CARTESIAN_POINT('',(4.17027593496937,-50.1886808674561,82.490288421126));
#17122=CARTESIAN_POINT('Origin',(3.29128322116029,-50.1886808674561,82.490288421126));
#17123=CARTESIAN_POINT('',(3.29128322116029,-49.1886808674561,82.490288421126));
#17124=CARTESIAN_POINT('',(3.29128322116029,-50.1886808674561,82.490288421126));
#17125=CARTESIAN_POINT('',(3.29128322116029,-49.1886808674561,81.0653588264746));
#17126=CARTESIAN_POINT('',(3.29128322116029,-49.1886808674561,81.0653588264746));
#17127=CARTESIAN_POINT('',(3.29128322116029,-50.1886808674561,81.0653588264746));
#17128=CARTESIAN_POINT('Origin',(3.29128322116029,-50.1886808674561,81.0653588264746));
#17129=CARTESIAN_POINT('',(3.44579365913454,-49.1886808674561,80.0610409796419));
#17130=CARTESIAN_POINT('',(3.44579365913454,-49.1886808674561,80.0610409796419));
#17131=CARTESIAN_POINT('',(3.44579365913454,-50.1886808674561,80.0610409796419));
#17132=CARTESIAN_POINT('Origin',(3.44579365913454,-50.1886808674561,80.0610409796419));
#17133=CARTESIAN_POINT('',(4.03207493211462,-49.1886808674561,79.2893471810928));
#17134=CARTESIAN_POINT('',(4.03207493211462,-49.1886808674561,79.2893471810928));
#17135=CARTESIAN_POINT('',(4.03207493211462,-50.1886808674561,79.2893471810928));
#17136=CARTESIAN_POINT('Origin',(4.03207493211462,-50.1886808674561,79.2893471810928));
#17137=CARTESIAN_POINT('',(5.02866725704856,-49.1886808674561,78.9743175658897));
#17138=CARTESIAN_POINT('',(5.02866725704856,-49.1886808674561,78.9743175658897));
#17139=CARTESIAN_POINT('',(5.02866725704856,-50.1886808674561,78.9743175658897));
#17140=CARTESIAN_POINT('Origin',(5.02866725704856,-50.1886808674561,78.9743175658897));
#17141=CARTESIAN_POINT('',(6.47763180871822,-49.1886808674561,79.2764713112616));
#17142=CARTESIAN_POINT('',(6.47763180871822,-49.1886808674561,79.2764713112616));
#17143=CARTESIAN_POINT('',(6.47763180871822,-50.1886808674561,79.2764713112616));
#17144=CARTESIAN_POINT('Origin',(6.47763180871822,-50.1886808674561,79.2764713112616));
#17145=CARTESIAN_POINT('',(6.47763180871822,-49.1886808674561,77.3262062274977));
#17146=CARTESIAN_POINT('',(6.47763180871822,-49.1886808674561,77.3262062274977));
#17147=CARTESIAN_POINT('',(6.47763180871822,-50.1886808674561,77.3262062274977));
#17148=CARTESIAN_POINT('Origin',(6.47763180871822,-50.1886808674561,77.3262062274977));
#17149=CARTESIAN_POINT('',(7.3566245225273,-49.1886808674561,77.3262062274977));
#17150=CARTESIAN_POINT('',(7.3566245225273,-49.1886808674561,77.3262062274977));
#17151=CARTESIAN_POINT('',(7.3566245225273,-50.1886808674561,77.3262062274977));
#17152=CARTESIAN_POINT('Origin',(7.3566245225273,-50.1886808674561,77.3262062274977));
#17153=CARTESIAN_POINT('',(7.3566245225273,-49.1886808674561,82.490288421126));
#17154=CARTESIAN_POINT('',(7.3566245225273,-49.1886808674561,82.490288421126));
#17155=CARTESIAN_POINT('',(7.3566245225273,-50.1886808674561,82.490288421126));
#17156=CARTESIAN_POINT('Origin',(7.3566245225273,-50.1886808674561,82.490288421126));
#17157=CARTESIAN_POINT('',(6.47763180871822,-49.1886808674561,82.490288421126));
#17158=CARTESIAN_POINT('',(6.47763180871822,-49.1886808674561,82.490288421126));
#17159=CARTESIAN_POINT('',(6.47763180871822,-50.1886808674561,82.490288421126));
#17160=CARTESIAN_POINT('Origin',(6.47763180871822,-50.1886808674561,82.490288421126));
#17161=CARTESIAN_POINT('',(6.47763180871822,-49.1886808674561,80.1194115895433));
#17162=CARTESIAN_POINT('',(6.47763180871822,-49.1886808674561,80.1194115895433));
#17163=CARTESIAN_POINT('',(6.47763180871822,-50.1886808674561,80.1194115895433));
#17164=CARTESIAN_POINT('Origin',(6.47763180871822,-50.1886808674561,80.1194115895433));
#17165=CARTESIAN_POINT('',(4.24152241470195,-49.1886808674561,80.570925424957));
#17166=CARTESIAN_POINT('',(4.24152241470195,-49.1886808674561,80.570925424957));
#17167=CARTESIAN_POINT('',(4.24152241470195,-50.1886808674561,80.570925424957));
#17168=CARTESIAN_POINT('Origin',(4.24152241470195,-50.1886808674561,80.570925424957));
#17169=CARTESIAN_POINT('',(4.17027593496937,-49.1886808674561,81.4997048354466));
#17170=CARTESIAN_POINT('',(4.17027593496937,-49.1886808674561,81.4997048354466));
#17171=CARTESIAN_POINT('',(4.17027593496937,-50.1886808674561,81.4997048354466));
#17172=CARTESIAN_POINT('Origin',(4.17027593496937,-50.1886808674561,81.4997048354466));
#17173=CARTESIAN_POINT('',(4.17027593496937,-49.1886808674561,82.490288421126));
#17174=CARTESIAN_POINT('',(4.17027593496937,-49.1886808674561,82.490288421126));
#17175=CARTESIAN_POINT('',(4.17027593496937,-50.1886808674561,82.490288421126));
#17176=CARTESIAN_POINT('Origin',(4.17027593496937,-50.1886808674561,82.490288421126));
#17177=CARTESIAN_POINT('',(3.29128322116029,-49.1886808674561,82.490288421126));
#17178=CARTESIAN_POINT('Origin',(3.29128322116029,-49.1886808674561,82.490288421126));
#17179=CARTESIAN_POINT('Origin',(-1.87279897246806,-50.1886808674561,82.490288421126));
#17180=CARTESIAN_POINT('',(-1.87279897246806,-50.1886808674561,82.490288421126));
#17181=CARTESIAN_POINT('',(-1.87279897246806,-50.1886808674561,77.3262062274977));
#17182=CARTESIAN_POINT('',(-1.87279897246806,-50.1886808674561,82.490288421126));
#17183=CARTESIAN_POINT('',(-0.722554600881963,-50.1886808674561,77.3262062274977));
#17184=CARTESIAN_POINT('',(-1.87279897246806,-50.1886808674561,77.3262062274977));
#17185=CARTESIAN_POINT('',(1.42342370431599,-50.1886808674561,81.2404706561787));
#17186=CARTESIAN_POINT('',(-0.722554600881963,-50.1886808674561,77.3262062274977));
#17187=CARTESIAN_POINT('',(1.42342370431599,-50.1886808674561,77.3262062274977));
#17188=CARTESIAN_POINT('',(1.42342370431599,-50.1886808674561,81.2404706561787));
#17189=CARTESIAN_POINT('',(2.30241641812508,-50.1886808674561,77.3262062274977));
#17190=CARTESIAN_POINT('',(1.42342370431599,-50.1886808674561,77.3262062274977));
#17191=CARTESIAN_POINT('',(2.30241641812508,-50.1886808674561,82.490288421126));
#17192=CARTESIAN_POINT('',(2.30241641812508,-50.1886808674561,77.3262062274977));
#17193=CARTESIAN_POINT('',(1.16590630769224,-50.1886808674561,82.490288421126));
#17194=CARTESIAN_POINT('',(2.30241641812508,-50.1886808674561,82.490288421126));
#17195=CARTESIAN_POINT('',(-0.993806258658981,-50.1886808674561,78.5519890354267));
#17196=CARTESIAN_POINT('',(1.16590630769224,-50.1886808674561,82.490288421126));
#17197=CARTESIAN_POINT('',(-0.993806258658981,-50.1886808674561,82.490288421126));
#17198=CARTESIAN_POINT('',(-0.993806258658981,-50.1886808674561,78.5519890354267));
#17199=CARTESIAN_POINT('',(-0.993806258658981,-50.1886808674561,82.490288421126));
#17200=CARTESIAN_POINT('Origin',(-1.87279897246806,-50.1886808674561,82.490288421126));
#17201=CARTESIAN_POINT('',(-1.87279897246806,-49.1886808674561,82.490288421126));
#17202=CARTESIAN_POINT('',(-1.87279897246806,-50.1886808674561,82.490288421126));
#17203=CARTESIAN_POINT('',(-1.87279897246806,-49.1886808674561,77.3262062274977));
#17204=CARTESIAN_POINT('',(-1.87279897246806,-49.1886808674561,77.3262062274977));
#17205=CARTESIAN_POINT('',(-1.87279897246806,-50.1886808674561,77.3262062274977));
#17206=CARTESIAN_POINT('Origin',(-1.87279897246806,-50.1886808674561,77.3262062274977));
#17207=CARTESIAN_POINT('',(-0.722554600881963,-49.1886808674561,77.3262062274977));
#17208=CARTESIAN_POINT('',(-0.722554600881963,-49.1886808674561,77.3262062274977));
#17209=CARTESIAN_POINT('',(-0.722554600881963,-50.1886808674561,77.3262062274977));
#17210=CARTESIAN_POINT('Origin',(-0.722554600881963,-50.1886808674561,77.3262062274977));
#17211=CARTESIAN_POINT('',(1.42342370431599,-49.1886808674561,81.2404706561787));
#17212=CARTESIAN_POINT('',(1.42342370431599,-49.1886808674561,81.2404706561787));
#17213=CARTESIAN_POINT('',(1.42342370431599,-50.1886808674561,81.2404706561787));
#17214=CARTESIAN_POINT('Origin',(1.42342370431599,-50.1886808674561,81.2404706561787));
#17215=CARTESIAN_POINT('',(1.42342370431599,-49.1886808674561,77.3262062274977));
#17216=CARTESIAN_POINT('',(1.42342370431599,-49.1886808674561,77.3262062274977));
#17217=CARTESIAN_POINT('',(1.42342370431599,-50.1886808674561,77.3262062274977));
#17218=CARTESIAN_POINT('Origin',(1.42342370431599,-50.1886808674561,77.3262062274977));
#17219=CARTESIAN_POINT('',(2.30241641812508,-49.1886808674561,77.3262062274977));
#17220=CARTESIAN_POINT('',(2.30241641812508,-49.1886808674561,77.3262062274977));
#17221=CARTESIAN_POINT('',(2.30241641812508,-50.1886808674561,77.3262062274977));
#17222=CARTESIAN_POINT('Origin',(2.30241641812508,-50.1886808674561,77.3262062274977));
#17223=CARTESIAN_POINT('',(2.30241641812508,-49.1886808674561,82.490288421126));
#17224=CARTESIAN_POINT('',(2.30241641812508,-49.1886808674561,82.490288421126));
#17225=CARTESIAN_POINT('',(2.30241641812508,-50.1886808674561,82.490288421126));
#17226=CARTESIAN_POINT('Origin',(2.30241641812508,-50.1886808674561,82.490288421126));
#17227=CARTESIAN_POINT('',(1.16590630769224,-49.1886808674561,82.490288421126));
#17228=CARTESIAN_POINT('',(1.16590630769224,-49.1886808674561,82.490288421126));
#17229=CARTESIAN_POINT('',(1.16590630769224,-50.1886808674561,82.490288421126));
#17230=CARTESIAN_POINT('Origin',(1.16590630769224,-50.1886808674561,82.490288421126));
#17231=CARTESIAN_POINT('',(-0.993806258658981,-49.1886808674561,78.5519890354267));
#17232=CARTESIAN_POINT('',(-0.993806258658981,-49.1886808674561,78.5519890354267));
#17233=CARTESIAN_POINT('',(-0.993806258658981,-50.1886808674561,78.5519890354267));
#17234=CARTESIAN_POINT('Origin',(-0.993806258658981,-50.1886808674561,78.5519890354267));
#17235=CARTESIAN_POINT('',(-0.993806258658981,-49.1886808674561,82.490288421126));
#17236=CARTESIAN_POINT('',(-0.993806258658981,-49.1886808674561,82.490288421126));
#17237=CARTESIAN_POINT('',(-0.993806258658981,-50.1886808674561,82.490288421126));
#17238=CARTESIAN_POINT('Origin',(-0.993806258658981,-50.1886808674561,82.490288421126));
#17239=CARTESIAN_POINT('',(-1.87279897246806,-49.1886808674561,82.490288421126));
#17240=CARTESIAN_POINT('Origin',(-1.87279897246806,-49.1886808674561,82.490288421126));
#17241=CARTESIAN_POINT('Origin',(-7.25662934454869,-50.1886808674561,75.3484726214272));
#17242=CARTESIAN_POINT('',(-7.25662934454869,-50.1886808674561,75.3484726214272));
#17243=CARTESIAN_POINT('',(-6.37763663073961,-50.1886808674561,75.3484726214272));
#17244=CARTESIAN_POINT('',(-7.25662934454869,-50.1886808674561,75.3484726214272));
#17245=CARTESIAN_POINT('',(-6.37763663073961,-50.1886808674561,78.012919285161));
#17246=CARTESIAN_POINT('',(-6.37763663073961,-50.1886808674561,75.3484726214272));
#17247=CARTESIAN_POINT('',(-5.82054066271022,-50.1886808674561,77.4420890559784));
#17248=CARTESIAN_POINT('',(-6.37763663073961,-50.1886808674561,78.012919285161));
#17249=CARTESIAN_POINT('',(-5.05571399473767,-50.1886808674561,77.2163321382715));
#17250=CARTESIAN_POINT('',(-5.82054066271022,-50.1886808674561,77.4420890559784));
#17251=CARTESIAN_POINT('',(-3.94409723264513,-50.1886808674561,77.5536799278487));
#17252=CARTESIAN_POINT('',(-5.05571399473767,-50.1886808674561,77.2163321382715));
#17253=CARTESIAN_POINT('',(-3.13892617253486,-50.1886808674561,78.5236621217981));
#17254=CARTESIAN_POINT('',(-3.94409723264513,-50.1886808674561,77.5536799278487));
#17255=CARTESIAN_POINT('',(-2.86166577550328,-50.1886808674561,79.9477333251275));
#17256=CARTESIAN_POINT('',(-3.13892617253486,-50.1886808674561,78.5236621217981));
#17257=CARTESIAN_POINT('',(-3.10716569361793,-50.1886808674561,81.3022748313684));
#17258=CARTESIAN_POINT('',(-2.86166577550328,-50.1886808674561,79.9477333251275));
#17259=CARTESIAN_POINT('',(-3.83508153474108,-50.1886808674561,82.2602395468088));
#17260=CARTESIAN_POINT('',(-3.10716569361793,-50.1886808674561,81.3022748313684));
#17261=CARTESIAN_POINT('',(-4.94927347079985,-50.1886808674561,82.6001625103521));
#17262=CARTESIAN_POINT('',(-3.83508153474108,-50.1886808674561,82.2602395468088));
#17263=CARTESIAN_POINT('',(-5.76989557470755,-50.1886808674561,82.3572377662038));
#17264=CARTESIAN_POINT('',(-4.94927347079985,-50.1886808674561,82.6001625103521));
#17265=CARTESIAN_POINT('',(-6.37763663073961,-50.1886808674561,81.6284635337585));
#17266=CARTESIAN_POINT('',(-5.76989557470755,-50.1886808674561,82.3572377662038));
#17267=CARTESIAN_POINT('',(-6.37763663073961,-50.1886808674561,82.490288421126));
#17268=CARTESIAN_POINT('',(-6.37763663073961,-50.1886808674561,81.6284635337585));
#17269=CARTESIAN_POINT('',(-7.25662934454869,-50.1886808674561,82.490288421126));
#17270=CARTESIAN_POINT('',(-6.37763663073961,-50.1886808674561,82.490288421126));
#17271=CARTESIAN_POINT('',(-7.25662934454869,-50.1886808674561,82.490288421126));
#17272=CARTESIAN_POINT('',(-6.37763663073961,-50.1886808674561,79.867044540852));
#17273=CARTESIAN_POINT('',(-5.97161753539615,-50.1886808674561,81.2464793954333));
#17274=CARTESIAN_POINT('',(-6.37763663073961,-50.1886808674561,79.867044540852));
#17275=CARTESIAN_POINT('',(-5.03854616829608,-50.1886808674561,81.7211697965431));
#17276=CARTESIAN_POINT('',(-5.97161753539615,-50.1886808674561,81.2464793954333));
#17277=CARTESIAN_POINT('',(-4.12350101895968,-50.1886808674561,81.2748063090619));
#17278=CARTESIAN_POINT('',(-5.03854616829608,-50.1886808674561,81.7211697965431));
#17279=CARTESIAN_POINT('',(-3.74065848931236,-50.1886808674561,79.93228228133));
#17280=CARTESIAN_POINT('',(-4.12350101895968,-50.1886808674561,81.2748063090619));
#17281=CARTESIAN_POINT('',(-4.13294332350255,-50.1886808674561,78.5434051222059));
#17282=CARTESIAN_POINT('',(-3.74065848931236,-50.1886808674561,79.93228228133));
#17283=CARTESIAN_POINT('',(-5.07459860382341,-50.1886808674561,78.0953248520806));
#17284=CARTESIAN_POINT('',(-4.13294332350255,-50.1886808674561,78.5434051222059));
#17285=CARTESIAN_POINT('',(-5.99736927505853,-50.1886808674561,78.5279540784085));
#17286=CARTESIAN_POINT('',(-5.07459860382341,-50.1886808674561,78.0953248520806));
#17287=CARTESIAN_POINT('',(-5.99736927505853,-50.1886808674561,78.5279540784085));
#17288=CARTESIAN_POINT('Origin',(-7.25662934454869,-50.1886808674561,75.3484726214272));
#17289=CARTESIAN_POINT('',(-7.25662934454869,-49.1886808674561,75.3484726214272));
#17290=CARTESIAN_POINT('',(-7.25662934454869,-50.1886808674561,75.3484726214272));
#17291=CARTESIAN_POINT('',(-6.37763663073961,-49.1886808674561,75.3484726214272));
#17292=CARTESIAN_POINT('',(-6.37763663073961,-49.1886808674561,75.3484726214272));
#17293=CARTESIAN_POINT('',(-6.37763663073961,-50.1886808674561,75.3484726214272));
#17294=CARTESIAN_POINT('Origin',(-6.37763663073961,-50.1886808674561,75.3484726214272));
#17295=CARTESIAN_POINT('',(-6.37763663073961,-49.1886808674561,78.012919285161));
#17296=CARTESIAN_POINT('',(-6.37763663073961,-49.1886808674561,78.012919285161));
#17297=CARTESIAN_POINT('',(-6.37763663073961,-50.1886808674561,78.012919285161));
#17298=CARTESIAN_POINT('Origin',(-6.37763663073961,-50.1886808674561,78.012919285161));
#17299=CARTESIAN_POINT('',(-5.82054066271022,-49.1886808674561,77.4420890559784));
#17300=CARTESIAN_POINT('',(-5.82054066271022,-49.1886808674561,77.4420890559784));
#17301=CARTESIAN_POINT('',(-5.82054066271022,-50.1886808674561,77.4420890559784));
#17302=CARTESIAN_POINT('Origin',(-5.82054066271022,-50.1886808674561,77.4420890559784));
#17303=CARTESIAN_POINT('',(-5.05571399473767,-49.1886808674561,77.2163321382715));
#17304=CARTESIAN_POINT('',(-5.05571399473767,-49.1886808674561,77.2163321382715));
#17305=CARTESIAN_POINT('',(-5.05571399473767,-50.1886808674561,77.2163321382715));
#17306=CARTESIAN_POINT('Origin',(-5.05571399473767,-50.1886808674561,77.2163321382715));
#17307=CARTESIAN_POINT('',(-3.94409723264513,-49.1886808674561,77.5536799278487));
#17308=CARTESIAN_POINT('',(-3.94409723264513,-49.1886808674561,77.5536799278487));
#17309=CARTESIAN_POINT('',(-3.94409723264513,-50.1886808674561,77.5536799278487));
#17310=CARTESIAN_POINT('Origin',(-3.94409723264513,-50.1886808674561,77.5536799278487));
#17311=CARTESIAN_POINT('',(-3.13892617253486,-49.1886808674561,78.5236621217981));
#17312=CARTESIAN_POINT('',(-3.13892617253486,-49.1886808674561,78.5236621217981));
#17313=CARTESIAN_POINT('',(-3.13892617253486,-50.1886808674561,78.5236621217981));
#17314=CARTESIAN_POINT('Origin',(-3.13892617253486,-50.1886808674561,78.5236621217981));
#17315=CARTESIAN_POINT('',(-2.86166577550328,-49.1886808674561,79.9477333251275));
#17316=CARTESIAN_POINT('',(-2.86166577550328,-49.1886808674561,79.9477333251275));
#17317=CARTESIAN_POINT('',(-2.86166577550328,-50.1886808674561,79.9477333251275));
#17318=CARTESIAN_POINT('Origin',(-2.86166577550328,-50.1886808674561,79.9477333251275));
#17319=CARTESIAN_POINT('',(-3.10716569361793,-49.1886808674561,81.3022748313684));
#17320=CARTESIAN_POINT('',(-3.10716569361793,-49.1886808674561,81.3022748313684));
#17321=CARTESIAN_POINT('',(-3.10716569361793,-50.1886808674561,81.3022748313684));
#17322=CARTESIAN_POINT('Origin',(-3.10716569361793,-50.1886808674561,81.3022748313684));
#17323=CARTESIAN_POINT('',(-3.83508153474108,-49.1886808674561,82.2602395468088));
#17324=CARTESIAN_POINT('',(-3.83508153474108,-49.1886808674561,82.2602395468088));
#17325=CARTESIAN_POINT('',(-3.83508153474108,-50.1886808674561,82.2602395468088));
#17326=CARTESIAN_POINT('Origin',(-3.83508153474108,-50.1886808674561,82.2602395468088));
#17327=CARTESIAN_POINT('',(-4.94927347079985,-49.1886808674561,82.6001625103521));
#17328=CARTESIAN_POINT('',(-4.94927347079985,-49.1886808674561,82.6001625103521));
#17329=CARTESIAN_POINT('',(-4.94927347079985,-50.1886808674561,82.6001625103521));
#17330=CARTESIAN_POINT('Origin',(-4.94927347079985,-50.1886808674561,82.6001625103521));
#17331=CARTESIAN_POINT('',(-5.76989557470755,-49.1886808674561,82.3572377662038));
#17332=CARTESIAN_POINT('',(-5.76989557470755,-49.1886808674561,82.3572377662038));
#17333=CARTESIAN_POINT('',(-5.76989557470755,-50.1886808674561,82.3572377662038));
#17334=CARTESIAN_POINT('Origin',(-5.76989557470755,-50.1886808674561,82.3572377662038));
#17335=CARTESIAN_POINT('',(-6.37763663073961,-49.1886808674561,81.6284635337585));
#17336=CARTESIAN_POINT('',(-6.37763663073961,-49.1886808674561,81.6284635337585));
#17337=CARTESIAN_POINT('',(-6.37763663073961,-50.1886808674561,81.6284635337585));
#17338=CARTESIAN_POINT('Origin',(-6.37763663073961,-50.1886808674561,81.6284635337585));
#17339=CARTESIAN_POINT('',(-6.37763663073961,-49.1886808674561,82.490288421126));
#17340=CARTESIAN_POINT('',(-6.37763663073961,-49.1886808674561,82.490288421126));
#17341=CARTESIAN_POINT('',(-6.37763663073961,-50.1886808674561,82.490288421126));
#17342=CARTESIAN_POINT('Origin',(-6.37763663073961,-50.1886808674561,82.490288421126));
#17343=CARTESIAN_POINT('',(-7.25662934454869,-49.1886808674561,82.490288421126));
#17344=CARTESIAN_POINT('',(-7.25662934454869,-49.1886808674561,82.490288421126));
#17345=CARTESIAN_POINT('',(-7.25662934454869,-50.1886808674561,82.490288421126));
#17346=CARTESIAN_POINT('Origin',(-7.25662934454869,-50.1886808674561,82.490288421126));
#17347=CARTESIAN_POINT('',(-7.25662934454869,-49.1886808674561,75.3484726214272));
#17348=CARTESIAN_POINT('Origin',(-6.37763663073961,-50.1886808674561,79.867044540852));
#17349=CARTESIAN_POINT('',(-6.37763663073961,-49.1886808674561,79.867044540852));
#17350=CARTESIAN_POINT('',(-6.37763663073961,-50.1886808674561,79.867044540852));
#17351=CARTESIAN_POINT('',(-5.97161753539615,-49.1886808674561,81.2464793954333));
#17352=CARTESIAN_POINT('',(-5.97161753539615,-49.1886808674561,81.2464793954333));
#17353=CARTESIAN_POINT('',(-5.97161753539615,-50.1886808674561,81.2464793954333));
#17354=CARTESIAN_POINT('Origin',(-5.97161753539615,-50.1886808674561,81.2464793954333));
#17355=CARTESIAN_POINT('',(-5.03854616829608,-49.1886808674561,81.7211697965431));
#17356=CARTESIAN_POINT('',(-5.03854616829608,-49.1886808674561,81.7211697965431));
#17357=CARTESIAN_POINT('',(-5.03854616829608,-50.1886808674561,81.7211697965431));
#17358=CARTESIAN_POINT('Origin',(-5.03854616829608,-50.1886808674561,81.7211697965431));
#17359=CARTESIAN_POINT('',(-4.12350101895968,-49.1886808674561,81.2748063090619));
#17360=CARTESIAN_POINT('',(-4.12350101895968,-49.1886808674561,81.2748063090619));
#17361=CARTESIAN_POINT('',(-4.12350101895968,-50.1886808674561,81.2748063090619));
#17362=CARTESIAN_POINT('Origin',(-4.12350101895968,-50.1886808674561,81.2748063090619));
#17363=CARTESIAN_POINT('',(-3.74065848931236,-49.1886808674561,79.93228228133));
#17364=CARTESIAN_POINT('',(-3.74065848931236,-49.1886808674561,79.93228228133));
#17365=CARTESIAN_POINT('',(-3.74065848931236,-50.1886808674561,79.93228228133));
#17366=CARTESIAN_POINT('Origin',(-3.74065848931236,-50.1886808674561,79.93228228133));
#17367=CARTESIAN_POINT('',(-4.13294332350255,-49.1886808674561,78.5434051222059));
#17368=CARTESIAN_POINT('',(-4.13294332350255,-49.1886808674561,78.5434051222059));
#17369=CARTESIAN_POINT('',(-4.13294332350255,-50.1886808674561,78.5434051222059));
#17370=CARTESIAN_POINT('Origin',(-4.13294332350255,-50.1886808674561,78.5434051222059));
#17371=CARTESIAN_POINT('',(-5.07459860382341,-49.1886808674561,78.0953248520806));
#17372=CARTESIAN_POINT('',(-5.07459860382341,-49.1886808674561,78.0953248520806));
#17373=CARTESIAN_POINT('',(-5.07459860382341,-50.1886808674561,78.0953248520806));
#17374=CARTESIAN_POINT('Origin',(-5.07459860382341,-50.1886808674561,78.0953248520806));
#17375=CARTESIAN_POINT('',(-5.99736927505853,-49.1886808674561,78.5279540784085));
#17376=CARTESIAN_POINT('',(-5.99736927505853,-49.1886808674561,78.5279540784085));
#17377=CARTESIAN_POINT('',(-5.99736927505853,-50.1886808674561,78.5279540784085));
#17378=CARTESIAN_POINT('Origin',(-5.99736927505853,-50.1886808674561,78.5279540784085));
#17379=CARTESIAN_POINT('',(-6.37763663073961,-49.1886808674561,79.867044540852));
#17380=CARTESIAN_POINT('Origin',(-7.25662934454869,-49.1886808674561,75.3484726214272));
#17381=CARTESIAN_POINT('Origin',(-12.2009633597248,-50.1886808674561,82.490288421126));
#17382=CARTESIAN_POINT('',(-12.2009633597248,-50.1886808674561,82.490288421126));
#17383=CARTESIAN_POINT('',(-12.2009633597248,-50.1886808674561,81.6112957073169));
#17384=CARTESIAN_POINT('',(-12.2009633597248,-50.1886808674561,82.490288421126));
#17385=CARTESIAN_POINT('',(-10.5528520213328,-50.1886808674561,81.6112957073169));
#17386=CARTESIAN_POINT('',(-12.2009633597248,-50.1886808674561,81.6112957073169));
#17387=CARTESIAN_POINT('',(-10.5528520213328,-50.1886808674561,77.3262062274977));
#17388=CARTESIAN_POINT('',(-10.5528520213328,-50.1886808674561,81.6112957073169));
#17389=CARTESIAN_POINT('',(-9.67385930752367,-50.1886808674561,77.3262062274977));
#17390=CARTESIAN_POINT('',(-10.5528520213328,-50.1886808674561,77.3262062274977));
#17391=CARTESIAN_POINT('',(-9.67385930752367,-50.1886808674561,81.6112957073169));
#17392=CARTESIAN_POINT('',(-9.67385930752367,-50.1886808674561,77.3262062274977));
#17393=CARTESIAN_POINT('',(-8.02574796913164,-50.1886808674561,81.6112957073169));
#17394=CARTESIAN_POINT('',(-9.67385930752367,-50.1886808674561,81.6112957073169));
#17395=CARTESIAN_POINT('',(-8.02574796913164,-50.1886808674561,82.490288421126));
#17396=CARTESIAN_POINT('',(-8.02574796913164,-50.1886808674561,81.6112957073169));
#17397=CARTESIAN_POINT('',(-8.02574796913164,-50.1886808674561,82.490288421126));
#17398=CARTESIAN_POINT('Origin',(-12.2009633597248,-50.1886808674561,82.490288421126));
#17399=CARTESIAN_POINT('',(-12.2009633597248,-49.1886808674561,82.490288421126));
#17400=CARTESIAN_POINT('',(-12.2009633597248,-50.1886808674561,82.490288421126));
#17401=CARTESIAN_POINT('',(-12.2009633597248,-49.1886808674561,81.6112957073169));
#17402=CARTESIAN_POINT('',(-12.2009633597248,-49.1886808674561,81.6112957073169));
#17403=CARTESIAN_POINT('',(-12.2009633597248,-50.1886808674561,81.6112957073169));
#17404=CARTESIAN_POINT('Origin',(-12.2009633597248,-50.1886808674561,81.6112957073169));
#17405=CARTESIAN_POINT('',(-10.5528520213328,-49.1886808674561,81.6112957073169));
#17406=CARTESIAN_POINT('',(-10.5528520213328,-49.1886808674561,81.6112957073169));
#17407=CARTESIAN_POINT('',(-10.5528520213328,-50.1886808674561,81.6112957073169));
#17408=CARTESIAN_POINT('Origin',(-10.5528520213328,-50.1886808674561,81.6112957073169));
#17409=CARTESIAN_POINT('',(-10.5528520213328,-49.1886808674561,77.3262062274977));
#17410=CARTESIAN_POINT('',(-10.5528520213328,-49.1886808674561,77.3262062274977));
#17411=CARTESIAN_POINT('',(-10.5528520213328,-50.1886808674561,77.3262062274977));
#17412=CARTESIAN_POINT('Origin',(-10.5528520213328,-50.1886808674561,77.3262062274977));
#17413=CARTESIAN_POINT('',(-9.67385930752367,-49.1886808674561,77.3262062274977));
#17414=CARTESIAN_POINT('',(-9.67385930752367,-49.1886808674561,77.3262062274977));
#17415=CARTESIAN_POINT('',(-9.67385930752367,-50.1886808674561,77.3262062274977));
#17416=CARTESIAN_POINT('Origin',(-9.67385930752367,-50.1886808674561,77.3262062274977));
#17417=CARTESIAN_POINT('',(-9.67385930752367,-49.1886808674561,81.6112957073169));
#17418=CARTESIAN_POINT('',(-9.67385930752367,-49.1886808674561,81.6112957073169));
#17419=CARTESIAN_POINT('',(-9.67385930752367,-50.1886808674561,81.6112957073169));
#17420=CARTESIAN_POINT('Origin',(-9.67385930752367,-50.1886808674561,81.6112957073169));
#17421=CARTESIAN_POINT('',(-8.02574796913164,-49.1886808674561,81.6112957073169));
#17422=CARTESIAN_POINT('',(-8.02574796913164,-49.1886808674561,81.6112957073169));
#17423=CARTESIAN_POINT('',(-8.02574796913164,-50.1886808674561,81.6112957073169));
#17424=CARTESIAN_POINT('Origin',(-8.02574796913164,-50.1886808674561,81.6112957073169));
#17425=CARTESIAN_POINT('',(-8.02574796913164,-49.1886808674561,82.490288421126));
#17426=CARTESIAN_POINT('',(-8.02574796913164,-49.1886808674561,82.490288421126));
#17427=CARTESIAN_POINT('',(-8.02574796913164,-50.1886808674561,82.490288421126));
#17428=CARTESIAN_POINT('Origin',(-8.02574796913164,-50.1886808674561,82.490288421126));
#17429=CARTESIAN_POINT('',(-12.2009633597248,-49.1886808674561,82.490288421126));
#17430=CARTESIAN_POINT('Origin',(-12.2009633597248,-49.1886808674561,82.490288421126));
#17431=CARTESIAN_POINT('Origin',(-16.0465564826395,-50.1886808674561,82.490288421126));
#17432=CARTESIAN_POINT('',(-16.0465564826395,-50.1886808674561,82.490288421126));
#17433=CARTESIAN_POINT('',(-16.0465564826395,-50.1886808674561,77.3262062274977));
#17434=CARTESIAN_POINT('',(-16.0465564826395,-50.1886808674561,82.490288421126));
#17435=CARTESIAN_POINT('',(-15.1675637688304,-50.1886808674561,77.3262062274977));
#17436=CARTESIAN_POINT('',(-16.0465564826395,-50.1886808674561,77.3262062274977));
#17437=CARTESIAN_POINT('',(-14.6954485416869,-50.1886808674561,79.5812002305997));
#17438=CARTESIAN_POINT('',(-15.1675637688304,-50.1886808674561,77.3262062274977));
#17439=CARTESIAN_POINT('',(-14.2319172277641,-50.1886808674561,78.9107966080558));
#17440=CARTESIAN_POINT('',(-14.6954485416869,-50.1886808674561,79.5812002305997));
#17441=CARTESIAN_POINT('',(-13.3100049478511,-50.1886808674561,77.3262062274977));
#17442=CARTESIAN_POINT('',(-14.2319172277641,-50.1886808674561,78.9107966080558));
#17443=CARTESIAN_POINT('',(-12.3108374489509,-50.1886808674561,77.3262062274977));
#17444=CARTESIAN_POINT('',(-13.3100049478511,-50.1886808674561,77.3262062274977));
#17445=CARTESIAN_POINT('',(-13.2516343379497,-50.1886808674561,78.945132260939));
#17446=CARTESIAN_POINT('',(-12.3108374489509,-50.1886808674561,77.3262062274977));
#17447=CARTESIAN_POINT('',(-12.5305856274032,-50.1886808674561,81.6061453593845));
#17448=CARTESIAN_POINT('',(-13.2516343379497,-50.1886808674561,78.945132260939));
#17449=CARTESIAN_POINT('',(-13.6954226514646,-50.1886808674561,82.164958110058));
#17450=CARTESIAN_POINT('',(-12.5305856274032,-50.1886808674561,81.6061453593845));
#17451=CARTESIAN_POINT('',(-14.0962913988756,-50.1886808674561,81.3709461371348));
#17452=CARTESIAN_POINT('',(-13.6954226514646,-50.1886808674561,82.164958110058));
#17453=CARTESIAN_POINT('',(-15.1675637688304,-50.1886808674561,80.2928066366033));
#17454=CARTESIAN_POINT('',(-14.0962913988756,-50.1886808674561,81.3709461371348));
#17455=CARTESIAN_POINT('',(-15.1675637688304,-50.1886808674561,82.490288421126));
#17456=CARTESIAN_POINT('',(-15.1675637688304,-50.1886808674561,80.2928066366033));
#17457=CARTESIAN_POINT('',(-15.1675637688304,-50.1886808674561,82.490288421126));
#17458=CARTESIAN_POINT('Origin',(-16.0465564826395,-50.1886808674561,82.490288421126));
#17459=CARTESIAN_POINT('',(-16.0465564826395,-49.1886808674561,82.490288421126));
#17460=CARTESIAN_POINT('',(-16.0465564826395,-50.1886808674561,82.490288421126));
#17461=CARTESIAN_POINT('',(-16.0465564826395,-49.1886808674561,77.3262062274977));
#17462=CARTESIAN_POINT('',(-16.0465564826395,-49.1886808674561,77.3262062274977));
#17463=CARTESIAN_POINT('',(-16.0465564826395,-50.1886808674561,77.3262062274977));
#17464=CARTESIAN_POINT('Origin',(-16.0465564826395,-50.1886808674561,77.3262062274977));
#17465=CARTESIAN_POINT('',(-15.1675637688304,-49.1886808674561,77.3262062274977));
#17466=CARTESIAN_POINT('',(-15.1675637688304,-49.1886808674561,77.3262062274977));
#17467=CARTESIAN_POINT('',(-15.1675637688304,-50.1886808674561,77.3262062274977));
#17468=CARTESIAN_POINT('Origin',(-15.1675637688304,-50.1886808674561,77.3262062274977));
#17469=CARTESIAN_POINT('',(-14.6954485416869,-49.1886808674561,79.5812002305997));
#17470=CARTESIAN_POINT('',(-14.6954485416869,-49.1886808674561,79.5812002305997));
#17471=CARTESIAN_POINT('',(-14.6954485416869,-50.1886808674561,79.5812002305997));
#17472=CARTESIAN_POINT('Origin',(-14.6954485416869,-50.1886808674561,79.5812002305997));
#17473=CARTESIAN_POINT('',(-14.2319172277641,-49.1886808674561,78.9107966080558));
#17474=CARTESIAN_POINT('',(-14.2319172277641,-49.1886808674561,78.9107966080558));
#17475=CARTESIAN_POINT('',(-14.2319172277641,-50.1886808674561,78.9107966080558));
#17476=CARTESIAN_POINT('Origin',(-14.2319172277641,-50.1886808674561,78.9107966080558));
#17477=CARTESIAN_POINT('',(-13.3100049478511,-49.1886808674561,77.3262062274977));
#17478=CARTESIAN_POINT('',(-13.3100049478511,-49.1886808674561,77.3262062274977));
#17479=CARTESIAN_POINT('',(-13.3100049478511,-50.1886808674561,77.3262062274977));
#17480=CARTESIAN_POINT('Origin',(-13.3100049478511,-50.1886808674561,77.3262062274977));
#17481=CARTESIAN_POINT('',(-12.3108374489509,-49.1886808674561,77.3262062274977));
#17482=CARTESIAN_POINT('',(-12.3108374489509,-49.1886808674561,77.3262062274977));
#17483=CARTESIAN_POINT('',(-12.3108374489509,-50.1886808674561,77.3262062274977));
#17484=CARTESIAN_POINT('Origin',(-12.3108374489509,-50.1886808674561,77.3262062274977));
#17485=CARTESIAN_POINT('',(-13.2516343379497,-49.1886808674561,78.945132260939));
#17486=CARTESIAN_POINT('',(-13.2516343379497,-49.1886808674561,78.945132260939));
#17487=CARTESIAN_POINT('',(-13.2516343379497,-50.1886808674561,78.945132260939));
#17488=CARTESIAN_POINT('Origin',(-13.2516343379497,-50.1886808674561,78.945132260939));
#17489=CARTESIAN_POINT('',(-12.5305856274032,-49.1886808674561,81.6061453593845));
#17490=CARTESIAN_POINT('',(-12.5305856274032,-49.1886808674561,81.6061453593845));
#17491=CARTESIAN_POINT('',(-12.5305856274032,-50.1886808674561,81.6061453593845));
#17492=CARTESIAN_POINT('Origin',(-12.5305856274032,-50.1886808674561,81.6061453593845));
#17493=CARTESIAN_POINT('',(-13.6954226514646,-49.1886808674561,82.164958110058));
#17494=CARTESIAN_POINT('',(-13.6954226514646,-49.1886808674561,82.164958110058));
#17495=CARTESIAN_POINT('',(-13.6954226514646,-50.1886808674561,82.164958110058));
#17496=CARTESIAN_POINT('Origin',(-13.6954226514646,-50.1886808674561,82.164958110058));
#17497=CARTESIAN_POINT('',(-14.0962913988756,-49.1886808674561,81.3709461371348));
#17498=CARTESIAN_POINT('',(-14.0962913988756,-49.1886808674561,81.3709461371348));
#17499=CARTESIAN_POINT('',(-14.0962913988756,-50.1886808674561,81.3709461371348));
#17500=CARTESIAN_POINT('Origin',(-14.0962913988756,-50.1886808674561,81.3709461371348));
#17501=CARTESIAN_POINT('',(-15.1675637688304,-49.1886808674561,80.2928066366033));
#17502=CARTESIAN_POINT('',(-15.1675637688304,-49.1886808674561,80.2928066366033));
#17503=CARTESIAN_POINT('',(-15.1675637688304,-50.1886808674561,80.2928066366033));
#17504=CARTESIAN_POINT('Origin',(-15.1675637688304,-50.1886808674561,80.2928066366033));
#17505=CARTESIAN_POINT('',(-15.1675637688304,-49.1886808674561,82.490288421126));
#17506=CARTESIAN_POINT('',(-15.1675637688304,-49.1886808674561,82.490288421126));
#17507=CARTESIAN_POINT('',(-15.1675637688304,-50.1886808674561,82.490288421126));
#17508=CARTESIAN_POINT('Origin',(-15.1675637688304,-50.1886808674561,82.490288421126));
#17509=CARTESIAN_POINT('',(-16.0465564826395,-49.1886808674561,82.490288421126));
#17510=CARTESIAN_POINT('Origin',(-16.0465564826395,-49.1886808674561,82.490288421126));
#17511=CARTESIAN_POINT('Origin',(-17.8148426061226,-50.1886808674561,78.8644434766636));
#17512=CARTESIAN_POINT('',(-17.8148426061226,-50.1886808674561,78.8644434766636));
#17513=CARTESIAN_POINT('',(-18.3813808786949,-50.1886808674561,78.2790205950055));
#17514=CARTESIAN_POINT('',(-17.8148426061226,-50.1886808674561,78.8644434766636));
#17515=CARTESIAN_POINT('',(-19.2432057660624,-50.1886808674561,78.0953248520806));
#17516=CARTESIAN_POINT('',(-18.3813808786949,-50.1886808674561,78.2790205950055));
#17517=CARTESIAN_POINT('',(-20.3754239198848,-50.1886808674561,78.4919016428812));
#17518=CARTESIAN_POINT('',(-19.2432057660624,-50.1886808674561,78.0953248520806));
#17519=CARTESIAN_POINT('',(-20.8810164085895,-50.1886808674561,79.6335621012465));
#17520=CARTESIAN_POINT('',(-20.3754239198848,-50.1886808674561,78.4919016428812));
#17521=CARTESIAN_POINT('',(-16.9255491964486,-50.1886808674561,79.8704781061404));
#17522=CARTESIAN_POINT('',(-20.8810164085895,-50.1886808674561,79.6335621012465));
#17523=CARTESIAN_POINT('',(-17.5925192537041,-50.1886808674561,81.8842641477381));
#17524=CARTESIAN_POINT('',(-16.9255491964486,-50.1886808674561,79.8704781061404));
#17525=CARTESIAN_POINT('',(-19.3101602891846,-50.1886808674561,82.6001625103521));
#17526=CARTESIAN_POINT('',(-17.5925192537041,-50.1886808674561,81.8842641477381));
#17527=CARTESIAN_POINT('',(-21.0784464126677,-50.1886808674561,81.882547365094));
#17528=CARTESIAN_POINT('',(-19.3101602891846,-50.1886808674561,82.6001625103521));
#17529=CARTESIAN_POINT('',(-21.7600091223986,-50.1886808674561,79.8653277582079));
#17530=CARTESIAN_POINT('',(-21.0784464126677,-50.1886808674561,81.882547365094));
#17531=CARTESIAN_POINT('',(-21.0853135432443,-50.1886808674561,77.9124875004777));
#17532=CARTESIAN_POINT('',(-21.7600091223986,-50.1886808674561,79.8653277582079));
#17533=CARTESIAN_POINT('',(-19.260373592504,-50.1886808674561,77.2163321382715));
#17534=CARTESIAN_POINT('',(-21.0853135432443,-50.1886808674561,77.9124875004777));
#17535=CARTESIAN_POINT('',(-17.7590471701875,-50.1886808674561,77.6197760596487));
#17536=CARTESIAN_POINT('',(-19.260373592504,-50.1886808674561,77.2163321382715));
#17537=CARTESIAN_POINT('',(-16.9530177187551,-50.1886808674561,78.7545693874374));
#17538=CARTESIAN_POINT('',(-17.7590471701875,-50.1886808674561,77.6197760596487));
#17539=CARTESIAN_POINT('',(-16.9530177187551,-50.1886808674561,78.7545693874374));
#17540=CARTESIAN_POINT('',(-20.8810164085895,-50.1886808674561,80.5125548150556));
#17541=CARTESIAN_POINT('',(-20.3960253116147,-50.1886808674561,81.3924059201867));
#17542=CARTESIAN_POINT('',(-20.8810164085895,-50.1886808674561,80.5125548150556));
#17543=CARTESIAN_POINT('',(-19.3135938544729,-50.1886808674561,81.7211697965431));
#17544=CARTESIAN_POINT('',(-20.3960253116147,-50.1886808674561,81.3924059201867));
#17545=CARTESIAN_POINT('',(-18.1564823523101,-50.1886808674561,81.3091419619451));
#17546=CARTESIAN_POINT('',(-19.3135938544729,-50.1886808674561,81.7211697965431));
#17547=CARTESIAN_POINT('',(-17.8045419102577,-50.1886808674561,80.5125548150556));
#17548=CARTESIAN_POINT('',(-18.1564823523101,-50.1886808674561,81.3091419619451));
#17549=CARTESIAN_POINT('',(-17.8045419102577,-50.1886808674561,80.5125548150556));
#17550=CARTESIAN_POINT('Origin',(-17.8148426061226,-50.1886808674561,78.8644434766636));
#17551=CARTESIAN_POINT('',(-17.8148426061226,-49.1886808674561,78.8644434766636));
#17552=CARTESIAN_POINT('',(-17.8148426061226,-50.1886808674561,78.8644434766636));
#17553=CARTESIAN_POINT('',(-18.3813808786949,-49.1886808674561,78.2790205950055));
#17554=CARTESIAN_POINT('',(-18.3813808786949,-49.1886808674561,78.2790205950055));
#17555=CARTESIAN_POINT('',(-18.3813808786949,-50.1886808674561,78.2790205950055));
#17556=CARTESIAN_POINT('Origin',(-18.3813808786949,-50.1886808674561,78.2790205950055));
#17557=CARTESIAN_POINT('',(-19.2432057660624,-49.1886808674561,78.0953248520806));
#17558=CARTESIAN_POINT('',(-19.2432057660624,-49.1886808674561,78.0953248520806));
#17559=CARTESIAN_POINT('',(-19.2432057660624,-50.1886808674561,78.0953248520806));
#17560=CARTESIAN_POINT('Origin',(-19.2432057660624,-50.1886808674561,78.0953248520806));
#17561=CARTESIAN_POINT('',(-20.3754239198848,-49.1886808674561,78.4919016428812));
#17562=CARTESIAN_POINT('',(-20.3754239198848,-49.1886808674561,78.4919016428812));
#17563=CARTESIAN_POINT('',(-20.3754239198848,-50.1886808674561,78.4919016428812));
#17564=CARTESIAN_POINT('Origin',(-20.3754239198848,-50.1886808674561,78.4919016428812));
#17565=CARTESIAN_POINT('',(-20.8810164085895,-49.1886808674561,79.6335621012465));
#17566=CARTESIAN_POINT('',(-20.8810164085895,-49.1886808674561,79.6335621012465));
#17567=CARTESIAN_POINT('',(-20.8810164085895,-50.1886808674561,79.6335621012465));
#17568=CARTESIAN_POINT('Origin',(-20.8810164085895,-50.1886808674561,79.6335621012465));
#17569=CARTESIAN_POINT('',(-16.9255491964486,-49.1886808674561,79.8704781061404));
#17570=CARTESIAN_POINT('',(-16.9255491964486,-49.1886808674561,79.8704781061404));
#17571=CARTESIAN_POINT('',(-16.9255491964486,-50.1886808674561,79.8704781061404));
#17572=CARTESIAN_POINT('Origin',(-16.9255491964486,-50.1886808674561,79.8704781061404));
#17573=CARTESIAN_POINT('',(-17.5925192537041,-49.1886808674561,81.8842641477381));
#17574=CARTESIAN_POINT('',(-17.5925192537041,-49.1886808674561,81.8842641477381));
#17575=CARTESIAN_POINT('',(-17.5925192537041,-50.1886808674561,81.8842641477381));
#17576=CARTESIAN_POINT('Origin',(-17.5925192537041,-50.1886808674561,81.8842641477381));
#17577=CARTESIAN_POINT('',(-19.3101602891846,-49.1886808674561,82.6001625103521));
#17578=CARTESIAN_POINT('',(-19.3101602891846,-49.1886808674561,82.6001625103521));
#17579=CARTESIAN_POINT('',(-19.3101602891846,-50.1886808674561,82.6001625103521));
#17580=CARTESIAN_POINT('Origin',(-19.3101602891846,-50.1886808674561,82.6001625103521));
#17581=CARTESIAN_POINT('',(-21.0784464126677,-49.1886808674561,81.882547365094));
#17582=CARTESIAN_POINT('',(-21.0784464126677,-49.1886808674561,81.882547365094));
#17583=CARTESIAN_POINT('',(-21.0784464126677,-50.1886808674561,81.882547365094));
#17584=CARTESIAN_POINT('Origin',(-21.0784464126677,-50.1886808674561,81.882547365094));
#17585=CARTESIAN_POINT('',(-21.7600091223986,-49.1886808674561,79.8653277582079));
#17586=CARTESIAN_POINT('',(-21.7600091223986,-49.1886808674561,79.8653277582079));
#17587=CARTESIAN_POINT('',(-21.7600091223986,-50.1886808674561,79.8653277582079));
#17588=CARTESIAN_POINT('Origin',(-21.7600091223986,-50.1886808674561,79.8653277582079));
#17589=CARTESIAN_POINT('',(-21.0853135432443,-49.1886808674561,77.9124875004777));
#17590=CARTESIAN_POINT('',(-21.0853135432443,-49.1886808674561,77.9124875004777));
#17591=CARTESIAN_POINT('',(-21.0853135432443,-50.1886808674561,77.9124875004777));
#17592=CARTESIAN_POINT('Origin',(-21.0853135432443,-50.1886808674561,77.9124875004777));
#17593=CARTESIAN_POINT('',(-19.260373592504,-49.1886808674561,77.2163321382715));
#17594=CARTESIAN_POINT('',(-19.260373592504,-49.1886808674561,77.2163321382715));
#17595=CARTESIAN_POINT('',(-19.260373592504,-50.1886808674561,77.2163321382715));
#17596=CARTESIAN_POINT('Origin',(-19.260373592504,-50.1886808674561,77.2163321382715));
#17597=CARTESIAN_POINT('',(-17.7590471701875,-49.1886808674561,77.6197760596487));
#17598=CARTESIAN_POINT('',(-17.7590471701875,-49.1886808674561,77.6197760596487));
#17599=CARTESIAN_POINT('',(-17.7590471701875,-50.1886808674561,77.6197760596487));
#17600=CARTESIAN_POINT('Origin',(-17.7590471701875,-50.1886808674561,77.6197760596487));
#17601=CARTESIAN_POINT('',(-16.9530177187551,-49.1886808674561,78.7545693874374));
#17602=CARTESIAN_POINT('',(-16.9530177187551,-49.1886808674561,78.7545693874374));
#17603=CARTESIAN_POINT('',(-16.9530177187551,-50.1886808674561,78.7545693874374));
#17604=CARTESIAN_POINT('Origin',(-16.9530177187551,-50.1886808674561,78.7545693874374));
#17605=CARTESIAN_POINT('',(-17.8148426061226,-49.1886808674561,78.8644434766636));
#17606=CARTESIAN_POINT('Origin',(-20.8810164085895,-50.1886808674561,80.5125548150556));
#17607=CARTESIAN_POINT('',(-20.8810164085895,-49.1886808674561,80.5125548150556));
#17608=CARTESIAN_POINT('',(-20.8810164085895,-50.1886808674561,80.5125548150556));
#17609=CARTESIAN_POINT('',(-20.3960253116147,-49.1886808674561,81.3924059201867));
#17610=CARTESIAN_POINT('',(-20.3960253116147,-49.1886808674561,81.3924059201867));
#17611=CARTESIAN_POINT('',(-20.3960253116147,-50.1886808674561,81.3924059201867));
#17612=CARTESIAN_POINT('Origin',(-20.3960253116147,-50.1886808674561,81.3924059201867));
#17613=CARTESIAN_POINT('',(-19.3135938544729,-49.1886808674561,81.7211697965431));
#17614=CARTESIAN_POINT('',(-19.3135938544729,-49.1886808674561,81.7211697965431));
#17615=CARTESIAN_POINT('',(-19.3135938544729,-50.1886808674561,81.7211697965431));
#17616=CARTESIAN_POINT('Origin',(-19.3135938544729,-50.1886808674561,81.7211697965431));
#17617=CARTESIAN_POINT('',(-18.1564823523101,-49.1886808674561,81.3091419619451));
#17618=CARTESIAN_POINT('',(-18.1564823523101,-49.1886808674561,81.3091419619451));
#17619=CARTESIAN_POINT('',(-18.1564823523101,-50.1886808674561,81.3091419619451));
#17620=CARTESIAN_POINT('Origin',(-18.1564823523101,-50.1886808674561,81.3091419619451));
#17621=CARTESIAN_POINT('',(-17.8045419102577,-49.1886808674561,80.5125548150556));
#17622=CARTESIAN_POINT('',(-17.8045419102577,-49.1886808674561,80.5125548150556));
#17623=CARTESIAN_POINT('',(-17.8045419102577,-50.1886808674561,80.5125548150556));
#17624=CARTESIAN_POINT('Origin',(-17.8045419102577,-50.1886808674561,80.5125548150556));
#17625=CARTESIAN_POINT('',(-20.8810164085895,-49.1886808674561,80.5125548150556));
#17626=CARTESIAN_POINT('Origin',(-17.8148426061226,-49.1886808674561,78.8644434766636));
#17627=CARTESIAN_POINT('Origin',(-26.7043431375746,-50.1886808674561,82.490288421126));
#17628=CARTESIAN_POINT('',(-26.7043431375746,-50.1886808674561,82.490288421126));
#17629=CARTESIAN_POINT('',(-27.6932099406098,-50.1886808674561,78.2051989413067));
#17630=CARTESIAN_POINT('',(-26.7043431375746,-50.1886808674561,82.490288421126));
#17631=CARTESIAN_POINT('',(-26.97902836064,-50.1886808674561,77.3262062274977));
#17632=CARTESIAN_POINT('',(-27.6932099406098,-50.1886808674561,78.2051989413067));
#17633=CARTESIAN_POINT('',(-25.884579424989,-50.1886808674561,78.0112025025169));
#17634=CARTESIAN_POINT('',(-26.97902836064,-50.1886808674561,77.3262062274977));
#17635=CARTESIAN_POINT('',(-25.8253504237655,-50.1886808674561,79.1477126129497));
#17636=CARTESIAN_POINT('',(-25.884579424989,-50.1886808674561,78.0112025025169));
#17637=CARTESIAN_POINT('',(-25.8253504237655,-50.1886808674561,81.6112957073169));
#17638=CARTESIAN_POINT('',(-25.8253504237655,-50.1886808674561,79.1477126129497));
#17639=CARTESIAN_POINT('',(-23.6278686392428,-50.1886808674561,81.6112957073169));
#17640=CARTESIAN_POINT('',(-25.8253504237655,-50.1886808674561,81.6112957073169));
#17641=CARTESIAN_POINT('',(-23.6278686392428,-50.1886808674561,77.3313565754301));
#17642=CARTESIAN_POINT('',(-23.6278686392428,-50.1886808674561,81.6112957073169));
#17643=CARTESIAN_POINT('',(-22.7488759254338,-50.1886808674561,77.3313565754301));
#17644=CARTESIAN_POINT('',(-23.6278686392428,-50.1886808674561,77.3313565754301));
#17645=CARTESIAN_POINT('',(-22.7488759254338,-50.1886808674561,82.490288421126));
#17646=CARTESIAN_POINT('',(-22.7488759254338,-50.1886808674561,77.3313565754301));
#17647=CARTESIAN_POINT('',(-22.7488759254338,-50.1886808674561,82.490288421126));
#17648=CARTESIAN_POINT('Origin',(-26.7043431375746,-50.1886808674561,82.490288421126));
#17649=CARTESIAN_POINT('',(-26.7043431375746,-49.1886808674561,82.490288421126));
#17650=CARTESIAN_POINT('',(-26.7043431375746,-50.1886808674561,82.490288421126));
#17651=CARTESIAN_POINT('',(-27.6932099406098,-49.1886808674561,78.2051989413067));
#17652=CARTESIAN_POINT('',(-27.6932099406098,-49.1886808674561,78.2051989413067));
#17653=CARTESIAN_POINT('',(-27.6932099406098,-50.1886808674561,78.2051989413067));
#17654=CARTESIAN_POINT('Origin',(-27.6932099406098,-50.1886808674561,78.2051989413067));
#17655=CARTESIAN_POINT('',(-26.97902836064,-49.1886808674561,77.3262062274977));
#17656=CARTESIAN_POINT('',(-26.97902836064,-49.1886808674561,77.3262062274977));
#17657=CARTESIAN_POINT('',(-26.97902836064,-50.1886808674561,77.3262062274977));
#17658=CARTESIAN_POINT('Origin',(-26.97902836064,-50.1886808674561,77.3262062274977));
#17659=CARTESIAN_POINT('',(-25.884579424989,-49.1886808674561,78.0112025025169));
#17660=CARTESIAN_POINT('',(-25.884579424989,-49.1886808674561,78.0112025025169));
#17661=CARTESIAN_POINT('',(-25.884579424989,-50.1886808674561,78.0112025025169));
#17662=CARTESIAN_POINT('Origin',(-25.884579424989,-50.1886808674561,78.0112025025169));
#17663=CARTESIAN_POINT('',(-25.8253504237655,-49.1886808674561,79.1477126129497));
#17664=CARTESIAN_POINT('',(-25.8253504237655,-49.1886808674561,79.1477126129497));
#17665=CARTESIAN_POINT('',(-25.8253504237655,-50.1886808674561,79.1477126129497));
#17666=CARTESIAN_POINT('Origin',(-25.8253504237655,-50.1886808674561,79.1477126129497));
#17667=CARTESIAN_POINT('',(-25.8253504237655,-49.1886808674561,81.6112957073169));
#17668=CARTESIAN_POINT('',(-25.8253504237655,-49.1886808674561,81.6112957073169));
#17669=CARTESIAN_POINT('',(-25.8253504237655,-50.1886808674561,81.6112957073169));
#17670=CARTESIAN_POINT('Origin',(-25.8253504237655,-50.1886808674561,81.6112957073169));
#17671=CARTESIAN_POINT('',(-23.6278686392428,-49.1886808674561,81.6112957073169));
#17672=CARTESIAN_POINT('',(-23.6278686392428,-49.1886808674561,81.6112957073169));
#17673=CARTESIAN_POINT('',(-23.6278686392428,-50.1886808674561,81.6112957073169));
#17674=CARTESIAN_POINT('Origin',(-23.6278686392428,-50.1886808674561,81.6112957073169));
#17675=CARTESIAN_POINT('',(-23.6278686392428,-49.1886808674561,77.3313565754301));
#17676=CARTESIAN_POINT('',(-23.6278686392428,-49.1886808674561,77.3313565754301));
#17677=CARTESIAN_POINT('',(-23.6278686392428,-50.1886808674561,77.3313565754301));
#17678=CARTESIAN_POINT('Origin',(-23.6278686392428,-50.1886808674561,77.3313565754301));
#17679=CARTESIAN_POINT('',(-22.7488759254338,-49.1886808674561,77.3313565754301));
#17680=CARTESIAN_POINT('',(-22.7488759254338,-49.1886808674561,77.3313565754301));
#17681=CARTESIAN_POINT('',(-22.7488759254338,-50.1886808674561,77.3313565754301));
#17682=CARTESIAN_POINT('Origin',(-22.7488759254338,-50.1886808674561,77.3313565754301));
#17683=CARTESIAN_POINT('',(-22.7488759254338,-49.1886808674561,82.490288421126));
#17684=CARTESIAN_POINT('',(-22.7488759254338,-49.1886808674561,82.490288421126));
#17685=CARTESIAN_POINT('',(-22.7488759254338,-50.1886808674561,82.490288421126));
#17686=CARTESIAN_POINT('Origin',(-22.7488759254338,-50.1886808674561,82.490288421126));
#17687=CARTESIAN_POINT('',(-26.7043431375746,-49.1886808674561,82.490288421126));
#17688=CARTESIAN_POINT('Origin',(-26.7043431375746,-49.1886808674561,82.490288421126));
#17689=CARTESIAN_POINT('Origin',(-31.7585512419769,-50.1886808674561,81.3915475288647));
#17690=CARTESIAN_POINT('',(-31.7585512419769,-50.1886808674561,81.3915475288647));
#17691=CARTESIAN_POINT('',(-31.7585512419769,-50.1886808674561,80.5125548150556));
#17692=CARTESIAN_POINT('',(-31.7585512419769,-50.1886808674561,81.3915475288647));
#17693=CARTESIAN_POINT('',(-29.1215731005496,-50.1886808674561,80.5125548150556));
#17694=CARTESIAN_POINT('',(-31.7585512419769,-50.1886808674561,80.5125548150556));
#17695=CARTESIAN_POINT('',(-29.7911183317714,-50.1886808674561,78.7425519089283));
#17696=CARTESIAN_POINT('',(-29.1215731005496,-50.1886808674561,80.5125548150556));
#17697=CARTESIAN_POINT('',(-31.3705583643971,-50.1886808674561,78.0953248520806));
#17698=CARTESIAN_POINT('',(-29.7911183317714,-50.1886808674561,78.7425519089283));
#17699=CARTESIAN_POINT('',(-33.516536669595,-50.1886808674561,79.7434361904726));
#17700=CARTESIAN_POINT('',(-31.3705583643971,-50.1886808674561,78.0953248520806));
#17701=CARTESIAN_POINT('',(-34.3955293834041,-50.1886808674561,79.5236880120204));
#17702=CARTESIAN_POINT('',(-33.516536669595,-50.1886808674561,79.7434361904726));
#17703=CARTESIAN_POINT('',(-31.4701317577582,-50.1886808674561,77.2163321382715));
#17704=CARTESIAN_POINT('',(-34.3955293834041,-50.1886808674561,79.5236880120204));
#17705=CARTESIAN_POINT('',(-28.9996815328144,-50.1886808674561,78.2850293342601));
#17706=CARTESIAN_POINT('',(-31.4701317577582,-50.1886808674561,77.2163321382715));
#17707=CARTESIAN_POINT('',(-28.2425803867405,-50.1886808674561,80.9194323017211));
#17708=CARTESIAN_POINT('',(-28.9996815328144,-50.1886808674561,78.2850293342601));
#17709=CARTESIAN_POINT('',(-28.6022463506917,-50.1886808674561,82.6645418595081));
#17710=CARTESIAN_POINT('',(-28.2425803867405,-50.1886808674561,80.9194323017211));
#17711=CARTESIAN_POINT('',(-29.7052791995634,-50.1886808674561,83.9607127558477));
#17712=CARTESIAN_POINT('',(-28.6022463506917,-50.1886808674561,82.6645418595081));
#17713=CARTESIAN_POINT('',(-31.478715670979,-50.1886808674561,84.4680220271965));
#17714=CARTESIAN_POINT('',(-29.7052791995634,-50.1886808674561,83.9607127558477));
#17715=CARTESIAN_POINT('',(-33.2967884911427,-50.1886808674561,83.9152180157775));
#17716=CARTESIAN_POINT('',(-31.478715670979,-50.1886808674561,84.4680220271965));
#17717=CARTESIAN_POINT('',(-34.285655294178,-50.1886808674561,82.3804143318999));
#17718=CARTESIAN_POINT('',(-33.2967884911427,-50.1886808674561,83.9152180157775));
#17719=CARTESIAN_POINT('',(-33.4066625803689,-50.1886808674561,82.1606661534476));
#17720=CARTESIAN_POINT('',(-34.285655294178,-50.1886808674561,82.3804143318999));
#17721=CARTESIAN_POINT('',(-31.4340793222309,-50.1886808674561,83.5890293133874));
#17722=CARTESIAN_POINT('',(-33.4066625803689,-50.1886808674561,82.1606661534476));
#17723=CARTESIAN_POINT('',(-29.7791008532623,-50.1886808674561,82.9958809098307));
#17724=CARTESIAN_POINT('',(-31.4340793222309,-50.1886808674561,83.5890293133874));
#17725=CARTESIAN_POINT('',(-29.1215731005496,-50.1886808674561,81.3915475288647));
#17726=CARTESIAN_POINT('',(-29.7791008532623,-50.1886808674561,82.9958809098307));
#17727=CARTESIAN_POINT('',(-29.1215731005496,-50.1886808674561,81.3915475288647));
#17728=CARTESIAN_POINT('Origin',(-31.7585512419769,-50.1886808674561,81.3915475288647));
#17729=CARTESIAN_POINT('',(-31.7585512419769,-49.1886808674561,81.3915475288647));
#17730=CARTESIAN_POINT('',(-31.7585512419769,-50.1886808674561,81.3915475288647));
#17731=CARTESIAN_POINT('',(-31.7585512419769,-49.1886808674561,80.5125548150556));
#17732=CARTESIAN_POINT('',(-31.7585512419769,-49.1886808674561,80.5125548150556));
#17733=CARTESIAN_POINT('',(-31.7585512419769,-50.1886808674561,80.5125548150556));
#17734=CARTESIAN_POINT('Origin',(-31.7585512419769,-50.1886808674561,80.5125548150556));
#17735=CARTESIAN_POINT('',(-29.1215731005496,-49.1886808674561,80.5125548150556));
#17736=CARTESIAN_POINT('',(-29.1215731005496,-49.1886808674561,80.5125548150556));
#17737=CARTESIAN_POINT('',(-29.1215731005496,-50.1886808674561,80.5125548150556));
#17738=CARTESIAN_POINT('Origin',(-29.1215731005496,-50.1886808674561,80.5125548150556));
#17739=CARTESIAN_POINT('',(-29.7911183317714,-49.1886808674561,78.7425519089283));
#17740=CARTESIAN_POINT('',(-29.7911183317714,-49.1886808674561,78.7425519089283));
#17741=CARTESIAN_POINT('',(-29.7911183317714,-50.1886808674561,78.7425519089283));
#17742=CARTESIAN_POINT('Origin',(-29.7911183317714,-50.1886808674561,78.7425519089283));
#17743=CARTESIAN_POINT('',(-31.3705583643971,-49.1886808674561,78.0953248520806));
#17744=CARTESIAN_POINT('',(-31.3705583643971,-49.1886808674561,78.0953248520806));
#17745=CARTESIAN_POINT('',(-31.3705583643971,-50.1886808674561,78.0953248520806));
#17746=CARTESIAN_POINT('Origin',(-31.3705583643971,-50.1886808674561,78.0953248520806));
#17747=CARTESIAN_POINT('',(-33.516536669595,-49.1886808674561,79.7434361904726));
#17748=CARTESIAN_POINT('',(-33.516536669595,-49.1886808674561,79.7434361904726));
#17749=CARTESIAN_POINT('',(-33.516536669595,-50.1886808674561,79.7434361904726));
#17750=CARTESIAN_POINT('Origin',(-33.516536669595,-50.1886808674561,79.7434361904726));
#17751=CARTESIAN_POINT('',(-34.3955293834041,-49.1886808674561,79.5236880120204));
#17752=CARTESIAN_POINT('',(-34.3955293834041,-49.1886808674561,79.5236880120204));
#17753=CARTESIAN_POINT('',(-34.3955293834041,-50.1886808674561,79.5236880120204));
#17754=CARTESIAN_POINT('Origin',(-34.3955293834041,-50.1886808674561,79.5236880120204));
#17755=CARTESIAN_POINT('',(-31.4701317577582,-49.1886808674561,77.2163321382715));
#17756=CARTESIAN_POINT('',(-31.4701317577582,-49.1886808674561,77.2163321382715));
#17757=CARTESIAN_POINT('',(-31.4701317577582,-50.1886808674561,77.2163321382715));
#17758=CARTESIAN_POINT('Origin',(-31.4701317577582,-50.1886808674561,77.2163321382715));
#17759=CARTESIAN_POINT('',(-28.9996815328144,-49.1886808674561,78.2850293342601));
#17760=CARTESIAN_POINT('',(-28.9996815328144,-49.1886808674561,78.2850293342601));
#17761=CARTESIAN_POINT('',(-28.9996815328144,-50.1886808674561,78.2850293342601));
#17762=CARTESIAN_POINT('Origin',(-28.9996815328144,-50.1886808674561,78.2850293342601));
#17763=CARTESIAN_POINT('',(-28.2425803867405,-49.1886808674561,80.9194323017211));
#17764=CARTESIAN_POINT('',(-28.2425803867405,-49.1886808674561,80.9194323017211));
#17765=CARTESIAN_POINT('',(-28.2425803867405,-50.1886808674561,80.9194323017211));
#17766=CARTESIAN_POINT('Origin',(-28.2425803867405,-50.1886808674561,80.9194323017211));
#17767=CARTESIAN_POINT('',(-28.6022463506917,-49.1886808674561,82.6645418595081));
#17768=CARTESIAN_POINT('',(-28.6022463506917,-49.1886808674561,82.6645418595081));
#17769=CARTESIAN_POINT('',(-28.6022463506917,-50.1886808674561,82.6645418595081));
#17770=CARTESIAN_POINT('Origin',(-28.6022463506917,-50.1886808674561,82.6645418595081));
#17771=CARTESIAN_POINT('',(-29.7052791995634,-49.1886808674561,83.9607127558477));
#17772=CARTESIAN_POINT('',(-29.7052791995634,-49.1886808674561,83.9607127558477));
#17773=CARTESIAN_POINT('',(-29.7052791995634,-50.1886808674561,83.9607127558477));
#17774=CARTESIAN_POINT('Origin',(-29.7052791995634,-50.1886808674561,83.9607127558477));
#17775=CARTESIAN_POINT('',(-31.478715670979,-49.1886808674561,84.4680220271965));
#17776=CARTESIAN_POINT('',(-31.478715670979,-49.1886808674561,84.4680220271965));
#17777=CARTESIAN_POINT('',(-31.478715670979,-50.1886808674561,84.4680220271965));
#17778=CARTESIAN_POINT('Origin',(-31.478715670979,-50.1886808674561,84.4680220271965));
#17779=CARTESIAN_POINT('',(-33.2967884911427,-49.1886808674561,83.9152180157775));
#17780=CARTESIAN_POINT('',(-33.2967884911427,-49.1886808674561,83.9152180157775));
#17781=CARTESIAN_POINT('',(-33.2967884911427,-50.1886808674561,83.9152180157775));
#17782=CARTESIAN_POINT('Origin',(-33.2967884911427,-50.1886808674561,83.9152180157775));
#17783=CARTESIAN_POINT('',(-34.285655294178,-49.1886808674561,82.3804143318999));
#17784=CARTESIAN_POINT('',(-34.285655294178,-49.1886808674561,82.3804143318999));
#17785=CARTESIAN_POINT('',(-34.285655294178,-50.1886808674561,82.3804143318999));
#17786=CARTESIAN_POINT('Origin',(-34.285655294178,-50.1886808674561,82.3804143318999));
#17787=CARTESIAN_POINT('',(-33.4066625803689,-49.1886808674561,82.1606661534476));
#17788=CARTESIAN_POINT('',(-33.4066625803689,-49.1886808674561,82.1606661534476));
#17789=CARTESIAN_POINT('',(-33.4066625803689,-50.1886808674561,82.1606661534476));
#17790=CARTESIAN_POINT('Origin',(-33.4066625803689,-50.1886808674561,82.1606661534476));
#17791=CARTESIAN_POINT('',(-31.4340793222309,-49.1886808674561,83.5890293133874));
#17792=CARTESIAN_POINT('',(-31.4340793222309,-49.1886808674561,83.5890293133874));
#17793=CARTESIAN_POINT('',(-31.4340793222309,-50.1886808674561,83.5890293133874));
#17794=CARTESIAN_POINT('Origin',(-31.4340793222309,-50.1886808674561,83.5890293133874));
#17795=CARTESIAN_POINT('',(-29.7791008532623,-49.1886808674561,82.9958809098307));
#17796=CARTESIAN_POINT('',(-29.7791008532623,-49.1886808674561,82.9958809098307));
#17797=CARTESIAN_POINT('',(-29.7791008532623,-50.1886808674561,82.9958809098307));
#17798=CARTESIAN_POINT('Origin',(-29.7791008532623,-50.1886808674561,82.9958809098307));
#17799=CARTESIAN_POINT('',(-29.1215731005496,-49.1886808674561,81.3915475288647));
#17800=CARTESIAN_POINT('',(-29.1215731005496,-49.1886808674561,81.3915475288647));
#17801=CARTESIAN_POINT('',(-29.1215731005496,-50.1886808674561,81.3915475288647));
#17802=CARTESIAN_POINT('Origin',(-29.1215731005496,-50.1886808674561,81.3915475288647));
#17803=CARTESIAN_POINT('',(-31.7585512419769,-49.1886808674561,81.3915475288647));
#17804=CARTESIAN_POINT('Origin',(-31.7585512419769,-49.1886808674561,81.3915475288647));
#17805=CARTESIAN_POINT('Origin',(12.8503289838341,-50.1886808674561,87.7323029935079));
#17806=CARTESIAN_POINT('',(12.8503289838341,-50.1886808674561,87.7323029935079));
#17807=CARTESIAN_POINT('',(12.4288588446932,-50.1886808674561,86.9030969763794));
#17808=CARTESIAN_POINT('',(12.8503289838341,-50.1886808674561,87.7323029935079));
#17809=CARTESIAN_POINT('',(11.6005112188868,-50.1886808674561,86.6335621012465));
#17810=CARTESIAN_POINT('',(12.4288588446932,-50.1886808674561,86.9030969763794));
#17811=CARTESIAN_POINT('',(10.5970517633762,-50.1886808674561,87.0653329362523));
#17812=CARTESIAN_POINT('',(11.6005112188868,-50.1886808674561,86.6335621012465));
#17813=CARTESIAN_POINT('',(10.2133508424068,-50.1886808674561,88.4516349214102));
#17814=CARTESIAN_POINT('',(10.5970517633762,-50.1886808674561,87.0653329362523));
#17815=CARTESIAN_POINT('',(10.605635676597,-50.1886808674561,89.8250610367369));
#17816=CARTESIAN_POINT('',(10.2133508424068,-50.1886808674561,88.4516349214102));
#17817=CARTESIAN_POINT('',(12.7404548946079,-50.1886808674561,89.3804143318999));
#17818=CARTESIAN_POINT('',(10.605635676597,-50.1886808674561,89.8250610367369));
#17819=CARTESIAN_POINT('',(13.619447608417,-50.1886808674561,89.490288421126));
#17820=CARTESIAN_POINT('',(12.7404548946079,-50.1886808674561,89.3804143318999));
#17821=CARTESIAN_POINT('',(12.9541943338056,-50.1886808674561,90.7092040984785));
#17822=CARTESIAN_POINT('',(13.619447608417,-50.1886808674561,89.490288421126));
#17823=CARTESIAN_POINT('',(11.6176790453283,-50.1886808674561,91.1383997595181));
#17824=CARTESIAN_POINT('',(12.9541943338056,-50.1886808674561,90.7092040984785));
#17825=CARTESIAN_POINT('',(10.421939933672,-50.1886808674561,90.8259453182812));
#17826=CARTESIAN_POINT('',(11.6176790453283,-50.1886808674561,91.1383997595181));
#17827=CARTESIAN_POINT('',(9.60303461240851,-50.1886808674561,89.8877236032487));
#17828=CARTESIAN_POINT('',(10.421939933672,-50.1886808674561,90.8259453182812));
#17829=CARTESIAN_POINT('',(9.33435812859772,-50.1886808674561,88.427599964392));
#17830=CARTESIAN_POINT('',(9.60303461240851,-50.1886808674561,89.8877236032487));
#17831=CARTESIAN_POINT('',(9.96355896768176,-50.1886808674561,86.4455744017112));
#17832=CARTESIAN_POINT('',(9.33435812859772,-50.1886808674561,88.427599964392));
#17833=CARTESIAN_POINT('',(11.6296965238375,-50.1886808674561,85.7545693874374));
#17834=CARTESIAN_POINT('',(9.96355896768176,-50.1886808674561,86.4455744017112));
#17835=CARTESIAN_POINT('',(13.023724030894,-50.1886808674561,86.2498611802771));
#17836=CARTESIAN_POINT('',(11.6296965238375,-50.1886808674561,85.7545693874374));
#17837=CARTESIAN_POINT('',(13.7293216976431,-50.1886808674561,87.6224289042817));
#17838=CARTESIAN_POINT('',(13.023724030894,-50.1886808674561,86.2498611802771));
#17839=CARTESIAN_POINT('',(13.7293216976431,-50.1886808674561,87.6224289042817));
#17840=CARTESIAN_POINT('Origin',(12.8503289838341,-50.1886808674561,87.7323029935079));
#17841=CARTESIAN_POINT('',(12.8503289838341,-49.1886808674561,87.7323029935079));
#17842=CARTESIAN_POINT('',(12.8503289838341,-50.1886808674561,87.7323029935079));
#17843=CARTESIAN_POINT('',(12.4288588446932,-49.1886808674561,86.9030969763794));
#17844=CARTESIAN_POINT('',(12.4288588446932,-49.1886808674561,86.9030969763794));
#17845=CARTESIAN_POINT('',(12.4288588446932,-50.1886808674561,86.9030969763794));
#17846=CARTESIAN_POINT('Origin',(12.4288588446932,-50.1886808674561,86.9030969763794));
#17847=CARTESIAN_POINT('',(11.6005112188868,-49.1886808674561,86.6335621012465));
#17848=CARTESIAN_POINT('',(11.6005112188868,-49.1886808674561,86.6335621012465));
#17849=CARTESIAN_POINT('',(11.6005112188868,-50.1886808674561,86.6335621012465));
#17850=CARTESIAN_POINT('Origin',(11.6005112188868,-50.1886808674561,86.6335621012465));
#17851=CARTESIAN_POINT('',(10.5970517633762,-49.1886808674561,87.0653329362523));
#17852=CARTESIAN_POINT('',(10.5970517633762,-49.1886808674561,87.0653329362523));
#17853=CARTESIAN_POINT('',(10.5970517633762,-50.1886808674561,87.0653329362523));
#17854=CARTESIAN_POINT('Origin',(10.5970517633762,-50.1886808674561,87.0653329362523));
#17855=CARTESIAN_POINT('',(10.2133508424068,-49.1886808674561,88.4516349214102));
#17856=CARTESIAN_POINT('',(10.2133508424068,-49.1886808674561,88.4516349214102));
#17857=CARTESIAN_POINT('',(10.2133508424068,-50.1886808674561,88.4516349214102));
#17858=CARTESIAN_POINT('Origin',(10.2133508424068,-50.1886808674561,88.4516349214102));
#17859=CARTESIAN_POINT('',(10.605635676597,-49.1886808674561,89.8250610367369));
#17860=CARTESIAN_POINT('',(10.605635676597,-49.1886808674561,89.8250610367369));
#17861=CARTESIAN_POINT('',(10.605635676597,-50.1886808674561,89.8250610367369));
#17862=CARTESIAN_POINT('Origin',(10.605635676597,-50.1886808674561,89.8250610367369));
#17863=CARTESIAN_POINT('',(12.7404548946079,-49.1886808674561,89.3804143318999));
#17864=CARTESIAN_POINT('',(12.7404548946079,-49.1886808674561,89.3804143318999));
#17865=CARTESIAN_POINT('',(12.7404548946079,-50.1886808674561,89.3804143318999));
#17866=CARTESIAN_POINT('Origin',(12.7404548946079,-50.1886808674561,89.3804143318999));
#17867=CARTESIAN_POINT('',(13.619447608417,-49.1886808674561,89.490288421126));
#17868=CARTESIAN_POINT('',(13.619447608417,-49.1886808674561,89.490288421126));
#17869=CARTESIAN_POINT('',(13.619447608417,-50.1886808674561,89.490288421126));
#17870=CARTESIAN_POINT('Origin',(13.619447608417,-50.1886808674561,89.490288421126));
#17871=CARTESIAN_POINT('',(12.9541943338056,-49.1886808674561,90.7092040984785));
#17872=CARTESIAN_POINT('',(12.9541943338056,-49.1886808674561,90.7092040984785));
#17873=CARTESIAN_POINT('',(12.9541943338056,-50.1886808674561,90.7092040984785));
#17874=CARTESIAN_POINT('Origin',(12.9541943338056,-50.1886808674561,90.7092040984785));
#17875=CARTESIAN_POINT('',(11.6176790453283,-49.1886808674561,91.1383997595181));
#17876=CARTESIAN_POINT('',(11.6176790453283,-49.1886808674561,91.1383997595181));
#17877=CARTESIAN_POINT('',(11.6176790453283,-50.1886808674561,91.1383997595181));
#17878=CARTESIAN_POINT('Origin',(11.6176790453283,-50.1886808674561,91.1383997595181));
#17879=CARTESIAN_POINT('',(10.421939933672,-49.1886808674561,90.8259453182812));
#17880=CARTESIAN_POINT('',(10.421939933672,-49.1886808674561,90.8259453182812));
#17881=CARTESIAN_POINT('',(10.421939933672,-50.1886808674561,90.8259453182812));
#17882=CARTESIAN_POINT('Origin',(10.421939933672,-50.1886808674561,90.8259453182812));
#17883=CARTESIAN_POINT('',(9.60303461240851,-49.1886808674561,89.8877236032487));
#17884=CARTESIAN_POINT('',(9.60303461240851,-49.1886808674561,89.8877236032487));
#17885=CARTESIAN_POINT('',(9.60303461240851,-50.1886808674561,89.8877236032487));
#17886=CARTESIAN_POINT('Origin',(9.60303461240851,-50.1886808674561,89.8877236032487));
#17887=CARTESIAN_POINT('',(9.33435812859772,-49.1886808674561,88.427599964392));
#17888=CARTESIAN_POINT('',(9.33435812859772,-49.1886808674561,88.427599964392));
#17889=CARTESIAN_POINT('',(9.33435812859772,-50.1886808674561,88.427599964392));
#17890=CARTESIAN_POINT('Origin',(9.33435812859772,-50.1886808674561,88.427599964392));
#17891=CARTESIAN_POINT('',(9.96355896768176,-49.1886808674561,86.4455744017112));
#17892=CARTESIAN_POINT('',(9.96355896768176,-49.1886808674561,86.4455744017112));
#17893=CARTESIAN_POINT('',(9.96355896768176,-50.1886808674561,86.4455744017112));
#17894=CARTESIAN_POINT('Origin',(9.96355896768176,-50.1886808674561,86.4455744017112));
#17895=CARTESIAN_POINT('',(11.6296965238375,-49.1886808674561,85.7545693874374));
#17896=CARTESIAN_POINT('',(11.6296965238375,-49.1886808674561,85.7545693874374));
#17897=CARTESIAN_POINT('',(11.6296965238375,-50.1886808674561,85.7545693874374));
#17898=CARTESIAN_POINT('Origin',(11.6296965238375,-50.1886808674561,85.7545693874374));
#17899=CARTESIAN_POINT('',(13.023724030894,-49.1886808674561,86.2498611802771));
#17900=CARTESIAN_POINT('',(13.023724030894,-49.1886808674561,86.2498611802771));
#17901=CARTESIAN_POINT('',(13.023724030894,-50.1886808674561,86.2498611802771));
#17902=CARTESIAN_POINT('Origin',(13.023724030894,-50.1886808674561,86.2498611802771));
#17903=CARTESIAN_POINT('',(13.7293216976431,-49.1886808674561,87.6224289042817));
#17904=CARTESIAN_POINT('',(13.7293216976431,-49.1886808674561,87.6224289042817));
#17905=CARTESIAN_POINT('',(13.7293216976431,-50.1886808674561,87.6224289042817));
#17906=CARTESIAN_POINT('Origin',(13.7293216976431,-50.1886808674561,87.6224289042817));
#17907=CARTESIAN_POINT('',(12.8503289838341,-49.1886808674561,87.7323029935079));
#17908=CARTESIAN_POINT('Origin',(12.8503289838341,-49.1886808674561,87.7323029935079));
#17909=CARTESIAN_POINT('Origin',(7.35662452252728,-50.1886808674561,92.0173924733271));
#17910=CARTESIAN_POINT('',(7.35662452252728,-50.1886808674561,92.0173924733271));
#17911=CARTESIAN_POINT('',(8.23561723633637,-50.1886808674561,92.0173924733271));
#17912=CARTESIAN_POINT('',(7.35662452252728,-50.1886808674561,92.0173924733271));
#17913=CARTESIAN_POINT('',(8.23561723633637,-50.1886808674561,92.8963851871362));
#17914=CARTESIAN_POINT('',(8.23561723633637,-50.1886808674561,92.0173924733271));
#17915=CARTESIAN_POINT('',(7.35662452252728,-50.1886808674561,92.8963851871362));
#17916=CARTESIAN_POINT('',(8.23561723633637,-50.1886808674561,92.8963851871362));
#17917=CARTESIAN_POINT('',(7.35662452252728,-50.1886808674561,92.8963851871362));
#17918=CARTESIAN_POINT('Origin',(7.35662452252728,-50.1886808674561,92.0173924733271));
#17919=CARTESIAN_POINT('',(7.35662452252728,-49.1886808674561,92.0173924733271));
#17920=CARTESIAN_POINT('',(7.35662452252728,-50.1886808674561,92.0173924733271));
#17921=CARTESIAN_POINT('',(8.23561723633637,-49.1886808674561,92.0173924733271));
#17922=CARTESIAN_POINT('',(8.23561723633637,-49.1886808674561,92.0173924733271));
#17923=CARTESIAN_POINT('',(8.23561723633637,-50.1886808674561,92.0173924733271));
#17924=CARTESIAN_POINT('Origin',(8.23561723633637,-50.1886808674561,92.0173924733271));
#17925=CARTESIAN_POINT('',(8.23561723633637,-49.1886808674561,92.8963851871362));
#17926=CARTESIAN_POINT('',(8.23561723633637,-49.1886808674561,92.8963851871362));
#17927=CARTESIAN_POINT('',(8.23561723633637,-50.1886808674561,92.8963851871362));
#17928=CARTESIAN_POINT('Origin',(8.23561723633637,-50.1886808674561,92.8963851871362));
#17929=CARTESIAN_POINT('',(7.35662452252728,-49.1886808674561,92.8963851871362));
#17930=CARTESIAN_POINT('',(7.35662452252728,-49.1886808674561,92.8963851871362));
#17931=CARTESIAN_POINT('',(7.35662452252728,-50.1886808674561,92.8963851871362));
#17932=CARTESIAN_POINT('Origin',(7.35662452252728,-50.1886808674561,92.8963851871362));
#17933=CARTESIAN_POINT('',(7.35662452252728,-49.1886808674561,92.0173924733271));
#17934=CARTESIAN_POINT('Origin',(7.35662452252728,-49.1886808674561,92.0173924733271));
#17935=CARTESIAN_POINT('Origin',(7.35662452252728,-50.1886808674561,92.0173924733271));
#17936=CARTESIAN_POINT('',(7.35662452252728,-50.1886808674561,85.8644434766636));
#17937=CARTESIAN_POINT('',(8.23561723633637,-50.1886808674561,85.8644434766636));
#17938=CARTESIAN_POINT('',(7.35662452252728,-50.1886808674561,85.8644434766636));
#17939=CARTESIAN_POINT('',(8.23561723633637,-50.1886808674561,91.0285256702919));
#17940=CARTESIAN_POINT('',(8.23561723633637,-50.1886808674561,85.8644434766636));
#17941=CARTESIAN_POINT('',(7.35662452252728,-50.1886808674561,91.0285256702919));
#17942=CARTESIAN_POINT('',(8.23561723633637,-50.1886808674561,91.0285256702919));
#17943=CARTESIAN_POINT('',(7.35662452252728,-50.1886808674561,91.0285256702919));
#17944=CARTESIAN_POINT('Origin',(7.35662452252728,-50.1886808674561,85.8644434766636));
#17945=CARTESIAN_POINT('',(7.35662452252728,-49.1886808674561,85.8644434766636));
#17946=CARTESIAN_POINT('',(7.35662452252728,-50.1886808674561,85.8644434766636));
#17947=CARTESIAN_POINT('',(8.23561723633637,-49.1886808674561,85.8644434766636));
#17948=CARTESIAN_POINT('',(8.23561723633637,-49.1886808674561,85.8644434766636));
#17949=CARTESIAN_POINT('',(8.23561723633637,-50.1886808674561,85.8644434766636));
#17950=CARTESIAN_POINT('Origin',(8.23561723633637,-50.1886808674561,85.8644434766636));
#17951=CARTESIAN_POINT('',(8.23561723633637,-49.1886808674561,91.0285256702919));
#17952=CARTESIAN_POINT('',(8.23561723633637,-49.1886808674561,91.0285256702919));
#17953=CARTESIAN_POINT('',(8.23561723633637,-50.1886808674561,91.0285256702919));
#17954=CARTESIAN_POINT('Origin',(8.23561723633637,-50.1886808674561,91.0285256702919));
#17955=CARTESIAN_POINT('',(7.35662452252728,-49.1886808674561,91.0285256702919));
#17956=CARTESIAN_POINT('',(7.35662452252728,-49.1886808674561,91.0285256702919));
#17957=CARTESIAN_POINT('',(7.35662452252728,-50.1886808674561,91.0285256702919));
#17958=CARTESIAN_POINT('Origin',(7.35662452252728,-50.1886808674561,91.0285256702919));
#17959=CARTESIAN_POINT('',(7.35662452252728,-49.1886808674561,85.8644434766636));
#17960=CARTESIAN_POINT('Origin',(7.35662452252728,-49.1886808674561,92.0173924733271));
#17961=CARTESIAN_POINT('Origin',(-0.774058080206719,-50.1886808674561,85.8644434766636));
#17962=CARTESIAN_POINT('',(-0.774058080206719,-50.1886808674561,85.8644434766636));
#17963=CARTESIAN_POINT('',(0.104934633602364,-50.1886808674561,85.8644434766636));
#17964=CARTESIAN_POINT('',(-0.774058080206719,-50.1886808674561,85.8644434766636));
#17965=CARTESIAN_POINT('',(0.104934633602364,-50.1886808674561,88.4688027478518));
#17966=CARTESIAN_POINT('',(0.104934633602364,-50.1886808674561,85.8644434766636));
#17967=CARTESIAN_POINT('',(1.98910358556617,-50.1886808674561,89.9761379094228));
#17968=CARTESIAN_POINT('',(0.104934633602364,-50.1886808674561,88.4688027478518));
#17969=CARTESIAN_POINT('',(2.19254232889893,-50.1886808674561,89.1246137179203));
#17970=CARTESIAN_POINT('',(1.98910358556617,-50.1886808674561,89.9761379094228));
#17971=CARTESIAN_POINT('',(2.19254232889893,-50.1886808674561,85.8644434766636));
#17972=CARTESIAN_POINT('',(2.19254232889893,-50.1886808674561,89.1246137179203));
#17973=CARTESIAN_POINT('',(3.07153504270802,-50.1886808674561,85.8644434766636));
#17974=CARTESIAN_POINT('',(2.19254232889893,-50.1886808674561,85.8644434766636));
#17975=CARTESIAN_POINT('',(3.07153504270802,-50.1886808674561,88.7795404064445));
#17976=CARTESIAN_POINT('',(3.07153504270802,-50.1886808674561,85.8644434766636));
#17977=CARTESIAN_POINT('',(3.41574996286176,-50.1886808674561,89.9074666036565));
#17978=CARTESIAN_POINT('',(3.07153504270802,-50.1886808674561,88.7795404064445));
#17979=CARTESIAN_POINT('',(5.15914273800458,-50.1886808674561,89.0267571072033));
#17980=CARTESIAN_POINT('',(3.41574996286176,-50.1886808674561,89.9074666036565));
#17981=CARTESIAN_POINT('',(5.15914273800458,-50.1886808674561,85.8644434766636));
#17982=CARTESIAN_POINT('',(5.15914273800458,-50.1886808674561,89.0267571072033));
#17983=CARTESIAN_POINT('',(6.03813545181367,-50.1886808674561,85.8644434766636));
#17984=CARTESIAN_POINT('',(5.15914273800458,-50.1886808674561,85.8644434766636));
#17985=CARTESIAN_POINT('',(6.03813545181367,-50.1886808674561,89.4044492889181));
#17986=CARTESIAN_POINT('',(6.03813545181367,-50.1886808674561,85.8644434766636));
#17987=CARTESIAN_POINT('',(5.63554992175853,-50.1886808674561,90.7134960550889));
#17988=CARTESIAN_POINT('',(6.03813545181367,-50.1886808674561,89.4044492889181));
#17989=CARTESIAN_POINT('',(4.4861639414945,-50.1886808674561,91.1383997595181));
#17990=CARTESIAN_POINT('',(5.63554992175853,-50.1886808674561,90.7134960550889));
#17991=CARTESIAN_POINT('',(2.93419243117535,-50.1886808674561,90.1169140862438));
#17992=CARTESIAN_POINT('',(4.4861639414945,-50.1886808674561,91.1383997595181));
#17993=CARTESIAN_POINT('',(2.45005972552269,-50.1886808674561,90.8697232757073));
#17994=CARTESIAN_POINT('',(2.93419243117535,-50.1886808674561,90.1169140862438));
#17995=CARTESIAN_POINT('',(1.56935022906944,-50.1886808674561,91.1383997595181));
#17996=CARTESIAN_POINT('',(2.45005972552269,-50.1886808674561,90.8697232757073));
#17997=CARTESIAN_POINT('',(0.709242124346107,-50.1886808674561,90.8748736236397));
#17998=CARTESIAN_POINT('',(1.56935022906944,-50.1886808674561,91.1383997595181));
#17999=CARTESIAN_POINT('',(0.104934633602364,-50.1886808674561,90.1787182614335));
#18000=CARTESIAN_POINT('',(0.709242124346107,-50.1886808674561,90.8748736236397));
#18001=CARTESIAN_POINT('',(0.104934633602364,-50.1886808674561,91.0285256702919));
#18002=CARTESIAN_POINT('',(0.104934633602364,-50.1886808674561,90.1787182614335));
#18003=CARTESIAN_POINT('',(-0.774058080206719,-50.1886808674561,91.0285256702919));
#18004=CARTESIAN_POINT('',(0.104934633602364,-50.1886808674561,91.0285256702919));
#18005=CARTESIAN_POINT('',(-0.774058080206719,-50.1886808674561,91.0285256702919));
#18006=CARTESIAN_POINT('Origin',(-0.774058080206719,-50.1886808674561,85.8644434766636));
#18007=CARTESIAN_POINT('',(-0.774058080206719,-49.1886808674561,85.8644434766636));
#18008=CARTESIAN_POINT('',(-0.774058080206719,-50.1886808674561,85.8644434766636));
#18009=CARTESIAN_POINT('',(0.104934633602364,-49.1886808674561,85.8644434766636));
#18010=CARTESIAN_POINT('',(0.104934633602364,-49.1886808674561,85.8644434766636));
#18011=CARTESIAN_POINT('',(0.104934633602364,-50.1886808674561,85.8644434766636));
#18012=CARTESIAN_POINT('Origin',(0.104934633602364,-50.1886808674561,85.8644434766636));
#18013=CARTESIAN_POINT('',(0.104934633602364,-49.1886808674561,88.4688027478518));
#18014=CARTESIAN_POINT('',(0.104934633602364,-49.1886808674561,88.4688027478518));
#18015=CARTESIAN_POINT('',(0.104934633602364,-50.1886808674561,88.4688027478518));
#18016=CARTESIAN_POINT('Origin',(0.104934633602364,-50.1886808674561,88.4688027478518));
#18017=CARTESIAN_POINT('',(1.98910358556617,-49.1886808674561,89.9761379094228));
#18018=CARTESIAN_POINT('',(1.98910358556617,-49.1886808674561,89.9761379094228));
#18019=CARTESIAN_POINT('',(1.98910358556617,-50.1886808674561,89.9761379094228));
#18020=CARTESIAN_POINT('Origin',(1.98910358556617,-50.1886808674561,89.9761379094228));
#18021=CARTESIAN_POINT('',(2.19254232889893,-49.1886808674561,89.1246137179203));
#18022=CARTESIAN_POINT('',(2.19254232889893,-49.1886808674561,89.1246137179203));
#18023=CARTESIAN_POINT('',(2.19254232889893,-50.1886808674561,89.1246137179203));
#18024=CARTESIAN_POINT('Origin',(2.19254232889893,-50.1886808674561,89.1246137179203));
#18025=CARTESIAN_POINT('',(2.19254232889893,-49.1886808674561,85.8644434766636));
#18026=CARTESIAN_POINT('',(2.19254232889893,-49.1886808674561,85.8644434766636));
#18027=CARTESIAN_POINT('',(2.19254232889893,-50.1886808674561,85.8644434766636));
#18028=CARTESIAN_POINT('Origin',(2.19254232889893,-50.1886808674561,85.8644434766636));
#18029=CARTESIAN_POINT('',(3.07153504270802,-49.1886808674561,85.8644434766636));
#18030=CARTESIAN_POINT('',(3.07153504270802,-49.1886808674561,85.8644434766636));
#18031=CARTESIAN_POINT('',(3.07153504270802,-50.1886808674561,85.8644434766636));
#18032=CARTESIAN_POINT('Origin',(3.07153504270802,-50.1886808674561,85.8644434766636));
#18033=CARTESIAN_POINT('',(3.07153504270802,-49.1886808674561,88.7795404064445));
#18034=CARTESIAN_POINT('',(3.07153504270802,-49.1886808674561,88.7795404064445));
#18035=CARTESIAN_POINT('',(3.07153504270802,-50.1886808674561,88.7795404064445));
#18036=CARTESIAN_POINT('Origin',(3.07153504270802,-50.1886808674561,88.7795404064445));
#18037=CARTESIAN_POINT('',(3.41574996286176,-49.1886808674561,89.9074666036565));
#18038=CARTESIAN_POINT('',(3.41574996286176,-49.1886808674561,89.9074666036565));
#18039=CARTESIAN_POINT('',(3.41574996286176,-50.1886808674561,89.9074666036565));
#18040=CARTESIAN_POINT('Origin',(3.41574996286176,-50.1886808674561,89.9074666036565));
#18041=CARTESIAN_POINT('',(5.15914273800458,-49.1886808674561,89.0267571072033));
#18042=CARTESIAN_POINT('',(5.15914273800458,-49.1886808674561,89.0267571072033));
#18043=CARTESIAN_POINT('',(5.15914273800458,-50.1886808674561,89.0267571072033));
#18044=CARTESIAN_POINT('Origin',(5.15914273800458,-50.1886808674561,89.0267571072033));
#18045=CARTESIAN_POINT('',(5.15914273800458,-49.1886808674561,85.8644434766636));
#18046=CARTESIAN_POINT('',(5.15914273800458,-49.1886808674561,85.8644434766636));
#18047=CARTESIAN_POINT('',(5.15914273800458,-50.1886808674561,85.8644434766636));
#18048=CARTESIAN_POINT('Origin',(5.15914273800458,-50.1886808674561,85.8644434766636));
#18049=CARTESIAN_POINT('',(6.03813545181367,-49.1886808674561,85.8644434766636));
#18050=CARTESIAN_POINT('',(6.03813545181367,-49.1886808674561,85.8644434766636));
#18051=CARTESIAN_POINT('',(6.03813545181367,-50.1886808674561,85.8644434766636));
#18052=CARTESIAN_POINT('Origin',(6.03813545181367,-50.1886808674561,85.8644434766636));
#18053=CARTESIAN_POINT('',(6.03813545181367,-49.1886808674561,89.4044492889181));
#18054=CARTESIAN_POINT('',(6.03813545181367,-49.1886808674561,89.4044492889181));
#18055=CARTESIAN_POINT('',(6.03813545181367,-50.1886808674561,89.4044492889181));
#18056=CARTESIAN_POINT('Origin',(6.03813545181367,-50.1886808674561,89.4044492889181));
#18057=CARTESIAN_POINT('',(5.63554992175853,-49.1886808674561,90.7134960550889));
#18058=CARTESIAN_POINT('',(5.63554992175853,-49.1886808674561,90.7134960550889));
#18059=CARTESIAN_POINT('',(5.63554992175853,-50.1886808674561,90.7134960550889));
#18060=CARTESIAN_POINT('Origin',(5.63554992175853,-50.1886808674561,90.7134960550889));
#18061=CARTESIAN_POINT('',(4.4861639414945,-49.1886808674561,91.1383997595181));
#18062=CARTESIAN_POINT('',(4.4861639414945,-49.1886808674561,91.1383997595181));
#18063=CARTESIAN_POINT('',(4.4861639414945,-50.1886808674561,91.1383997595181));
#18064=CARTESIAN_POINT('Origin',(4.4861639414945,-50.1886808674561,91.1383997595181));
#18065=CARTESIAN_POINT('',(2.93419243117535,-49.1886808674561,90.1169140862438));
#18066=CARTESIAN_POINT('',(2.93419243117535,-49.1886808674561,90.1169140862438));
#18067=CARTESIAN_POINT('',(2.93419243117535,-50.1886808674561,90.1169140862438));
#18068=CARTESIAN_POINT('Origin',(2.93419243117535,-50.1886808674561,90.1169140862438));
#18069=CARTESIAN_POINT('',(2.45005972552269,-49.1886808674561,90.8697232757073));
#18070=CARTESIAN_POINT('',(2.45005972552269,-49.1886808674561,90.8697232757073));
#18071=CARTESIAN_POINT('',(2.45005972552269,-50.1886808674561,90.8697232757073));
#18072=CARTESIAN_POINT('Origin',(2.45005972552269,-50.1886808674561,90.8697232757073));
#18073=CARTESIAN_POINT('',(1.56935022906944,-49.1886808674561,91.1383997595181));
#18074=CARTESIAN_POINT('',(1.56935022906944,-49.1886808674561,91.1383997595181));
#18075=CARTESIAN_POINT('',(1.56935022906944,-50.1886808674561,91.1383997595181));
#18076=CARTESIAN_POINT('Origin',(1.56935022906944,-50.1886808674561,91.1383997595181));
#18077=CARTESIAN_POINT('',(0.709242124346107,-49.1886808674561,90.8748736236397));
#18078=CARTESIAN_POINT('',(0.709242124346107,-49.1886808674561,90.8748736236397));
#18079=CARTESIAN_POINT('',(0.709242124346107,-50.1886808674561,90.8748736236397));
#18080=CARTESIAN_POINT('Origin',(0.709242124346107,-50.1886808674561,90.8748736236397));
#18081=CARTESIAN_POINT('',(0.104934633602364,-49.1886808674561,90.1787182614335));
#18082=CARTESIAN_POINT('',(0.104934633602364,-49.1886808674561,90.1787182614335));
#18083=CARTESIAN_POINT('',(0.104934633602364,-50.1886808674561,90.1787182614335));
#18084=CARTESIAN_POINT('Origin',(0.104934633602364,-50.1886808674561,90.1787182614335));
#18085=CARTESIAN_POINT('',(0.104934633602364,-49.1886808674561,91.0285256702919));
#18086=CARTESIAN_POINT('',(0.104934633602364,-49.1886808674561,91.0285256702919));
#18087=CARTESIAN_POINT('',(0.104934633602364,-50.1886808674561,91.0285256702919));
#18088=CARTESIAN_POINT('Origin',(0.104934633602364,-50.1886808674561,91.0285256702919));
#18089=CARTESIAN_POINT('',(-0.774058080206719,-49.1886808674561,91.0285256702919));
#18090=CARTESIAN_POINT('',(-0.774058080206719,-49.1886808674561,91.0285256702919));
#18091=CARTESIAN_POINT('',(-0.774058080206719,-50.1886808674561,91.0285256702919));
#18092=CARTESIAN_POINT('Origin',(-0.774058080206719,-50.1886808674561,91.0285256702919));
#18093=CARTESIAN_POINT('',(-0.774058080206719,-49.1886808674561,85.8644434766636));
#18094=CARTESIAN_POINT('Origin',(-0.774058080206719,-49.1886808674561,85.8644434766636));
#18095=CARTESIAN_POINT('Origin',(-2.54234420368983,-50.1886808674561,87.4026807258294));
#18096=CARTESIAN_POINT('',(-2.54234420368983,-50.1886808674561,87.4026807258294));
#18097=CARTESIAN_POINT('',(-3.10888247626209,-50.1886808674561,86.8172578441715));
#18098=CARTESIAN_POINT('',(-2.54234420368983,-50.1886808674561,87.4026807258294));
#18099=CARTESIAN_POINT('',(-3.97070736362959,-50.1886808674561,86.6335621012465));
#18100=CARTESIAN_POINT('',(-3.10888247626209,-50.1886808674561,86.8172578441715));
#18101=CARTESIAN_POINT('',(-5.10292551745203,-50.1886808674561,87.0301388920471));
#18102=CARTESIAN_POINT('',(-3.97070736362959,-50.1886808674561,86.6335621012465));
#18103=CARTESIAN_POINT('',(-5.60851800615667,-50.1886808674561,88.1717993504124));
#18104=CARTESIAN_POINT('',(-5.10292551745203,-50.1886808674561,87.0301388920471));
#18105=CARTESIAN_POINT('',(-1.6530507940158,-50.1886808674561,88.4087153553063));
#18106=CARTESIAN_POINT('',(-5.60851800615667,-50.1886808674561,88.1717993504124));
#18107=CARTESIAN_POINT('',(-2.32002085127133,-50.1886808674561,90.422501396904));
#18108=CARTESIAN_POINT('',(-1.6530507940158,-50.1886808674561,88.4087153553063));
#18109=CARTESIAN_POINT('',(-4.03766188675177,-50.1886808674561,91.1383997595181));
#18110=CARTESIAN_POINT('',(-2.32002085127133,-50.1886808674561,90.422501396904));
#18111=CARTESIAN_POINT('',(-5.80594801023488,-50.1886808674561,90.4207846142599));
#18112=CARTESIAN_POINT('',(-4.03766188675177,-50.1886808674561,91.1383997595181));
#18113=CARTESIAN_POINT('',(-6.48751071996575,-50.1886808674561,88.4035650073738));
#18114=CARTESIAN_POINT('',(-5.80594801023488,-50.1886808674561,90.4207846142599));
#18115=CARTESIAN_POINT('',(-5.81281514081152,-50.1886808674561,86.4507247496436));
#18116=CARTESIAN_POINT('',(-6.48751071996575,-50.1886808674561,88.4035650073738));
#18117=CARTESIAN_POINT('',(-3.98787519007117,-50.1886808674561,85.7545693874374));
#18118=CARTESIAN_POINT('',(-5.81281514081152,-50.1886808674561,86.4507247496436));
#18119=CARTESIAN_POINT('',(-2.48654876775469,-50.1886808674561,86.1580133088146));
#18120=CARTESIAN_POINT('',(-3.98787519007117,-50.1886808674561,85.7545693874374));
#18121=CARTESIAN_POINT('',(-1.68051931632233,-50.1886808674561,87.2928066366033));
#18122=CARTESIAN_POINT('',(-2.48654876775469,-50.1886808674561,86.1580133088146));
#18123=CARTESIAN_POINT('',(-1.68051931632233,-50.1886808674561,87.2928066366033));
#18124=CARTESIAN_POINT('',(-5.60851800615667,-50.1886808674561,89.0507920642215));
#18125=CARTESIAN_POINT('',(-5.12352690918193,-50.1886808674561,89.9306431693526));
#18126=CARTESIAN_POINT('',(-5.60851800615667,-50.1886808674561,89.0507920642215));
#18127=CARTESIAN_POINT('',(-4.04109545204008,-50.1886808674561,90.259407045709));
#18128=CARTESIAN_POINT('',(-5.12352690918193,-50.1886808674561,89.9306431693526));
#18129=CARTESIAN_POINT('',(-2.88398394987735,-50.1886808674561,89.847379211111));
#18130=CARTESIAN_POINT('',(-4.04109545204008,-50.1886808674561,90.259407045709));
#18131=CARTESIAN_POINT('',(-2.53204350782488,-50.1886808674561,89.0507920642215));
#18132=CARTESIAN_POINT('',(-2.88398394987735,-50.1886808674561,89.847379211111));
#18133=CARTESIAN_POINT('',(-2.53204350782488,-50.1886808674561,89.0507920642215));
#18134=CARTESIAN_POINT('Origin',(-2.54234420368983,-50.1886808674561,87.4026807258294));
#18135=CARTESIAN_POINT('',(-2.54234420368983,-49.1886808674561,87.4026807258294));
#18136=CARTESIAN_POINT('',(-2.54234420368983,-50.1886808674561,87.4026807258294));
#18137=CARTESIAN_POINT('',(-3.10888247626209,-49.1886808674561,86.8172578441715));
#18138=CARTESIAN_POINT('',(-3.10888247626209,-49.1886808674561,86.8172578441715));
#18139=CARTESIAN_POINT('',(-3.10888247626209,-50.1886808674561,86.8172578441715));
#18140=CARTESIAN_POINT('Origin',(-3.10888247626209,-50.1886808674561,86.8172578441715));
#18141=CARTESIAN_POINT('',(-3.97070736362959,-49.1886808674561,86.6335621012465));
#18142=CARTESIAN_POINT('',(-3.97070736362959,-49.1886808674561,86.6335621012465));
#18143=CARTESIAN_POINT('',(-3.97070736362959,-50.1886808674561,86.6335621012465));
#18144=CARTESIAN_POINT('Origin',(-3.97070736362959,-50.1886808674561,86.6335621012465));
#18145=CARTESIAN_POINT('',(-5.10292551745203,-49.1886808674561,87.0301388920471));
#18146=CARTESIAN_POINT('',(-5.10292551745203,-49.1886808674561,87.0301388920471));
#18147=CARTESIAN_POINT('',(-5.10292551745203,-50.1886808674561,87.0301388920471));
#18148=CARTESIAN_POINT('Origin',(-5.10292551745203,-50.1886808674561,87.0301388920471));
#18149=CARTESIAN_POINT('',(-5.60851800615667,-49.1886808674561,88.1717993504124));
#18150=CARTESIAN_POINT('',(-5.60851800615667,-49.1886808674561,88.1717993504124));
#18151=CARTESIAN_POINT('',(-5.60851800615667,-50.1886808674561,88.1717993504124));
#18152=CARTESIAN_POINT('Origin',(-5.60851800615667,-50.1886808674561,88.1717993504124));
#18153=CARTESIAN_POINT('',(-1.6530507940158,-49.1886808674561,88.4087153553063));
#18154=CARTESIAN_POINT('',(-1.6530507940158,-49.1886808674561,88.4087153553063));
#18155=CARTESIAN_POINT('',(-1.6530507940158,-50.1886808674561,88.4087153553063));
#18156=CARTESIAN_POINT('Origin',(-1.6530507940158,-50.1886808674561,88.4087153553063));
#18157=CARTESIAN_POINT('',(-2.32002085127133,-49.1886808674561,90.422501396904));
#18158=CARTESIAN_POINT('',(-2.32002085127133,-49.1886808674561,90.422501396904));
#18159=CARTESIAN_POINT('',(-2.32002085127133,-50.1886808674561,90.422501396904));
#18160=CARTESIAN_POINT('Origin',(-2.32002085127133,-50.1886808674561,90.422501396904));
#18161=CARTESIAN_POINT('',(-4.03766188675177,-49.1886808674561,91.1383997595181));
#18162=CARTESIAN_POINT('',(-4.03766188675177,-49.1886808674561,91.1383997595181));
#18163=CARTESIAN_POINT('',(-4.03766188675177,-50.1886808674561,91.1383997595181));
#18164=CARTESIAN_POINT('Origin',(-4.03766188675177,-50.1886808674561,91.1383997595181));
#18165=CARTESIAN_POINT('',(-5.80594801023488,-49.1886808674561,90.4207846142599));
#18166=CARTESIAN_POINT('',(-5.80594801023488,-49.1886808674561,90.4207846142599));
#18167=CARTESIAN_POINT('',(-5.80594801023488,-50.1886808674561,90.4207846142599));
#18168=CARTESIAN_POINT('Origin',(-5.80594801023488,-50.1886808674561,90.4207846142599));
#18169=CARTESIAN_POINT('',(-6.48751071996575,-49.1886808674561,88.4035650073738));
#18170=CARTESIAN_POINT('',(-6.48751071996575,-49.1886808674561,88.4035650073738));
#18171=CARTESIAN_POINT('',(-6.48751071996575,-50.1886808674561,88.4035650073738));
#18172=CARTESIAN_POINT('Origin',(-6.48751071996575,-50.1886808674561,88.4035650073738));
#18173=CARTESIAN_POINT('',(-5.81281514081152,-49.1886808674561,86.4507247496436));
#18174=CARTESIAN_POINT('',(-5.81281514081152,-49.1886808674561,86.4507247496436));
#18175=CARTESIAN_POINT('',(-5.81281514081152,-50.1886808674561,86.4507247496436));
#18176=CARTESIAN_POINT('Origin',(-5.81281514081152,-50.1886808674561,86.4507247496436));
#18177=CARTESIAN_POINT('',(-3.98787519007117,-49.1886808674561,85.7545693874374));
#18178=CARTESIAN_POINT('',(-3.98787519007117,-49.1886808674561,85.7545693874374));
#18179=CARTESIAN_POINT('',(-3.98787519007117,-50.1886808674561,85.7545693874374));
#18180=CARTESIAN_POINT('Origin',(-3.98787519007117,-50.1886808674561,85.7545693874374));
#18181=CARTESIAN_POINT('',(-2.48654876775469,-49.1886808674561,86.1580133088146));
#18182=CARTESIAN_POINT('',(-2.48654876775469,-49.1886808674561,86.1580133088146));
#18183=CARTESIAN_POINT('',(-2.48654876775469,-50.1886808674561,86.1580133088146));
#18184=CARTESIAN_POINT('Origin',(-2.48654876775469,-50.1886808674561,86.1580133088146));
#18185=CARTESIAN_POINT('',(-1.68051931632233,-49.1886808674561,87.2928066366033));
#18186=CARTESIAN_POINT('',(-1.68051931632233,-49.1886808674561,87.2928066366033));
#18187=CARTESIAN_POINT('',(-1.68051931632233,-50.1886808674561,87.2928066366033));
#18188=CARTESIAN_POINT('Origin',(-1.68051931632233,-50.1886808674561,87.2928066366033));
#18189=CARTESIAN_POINT('',(-2.54234420368983,-49.1886808674561,87.4026807258294));
#18190=CARTESIAN_POINT('Origin',(-5.60851800615667,-50.1886808674561,89.0507920642215));
#18191=CARTESIAN_POINT('',(-5.60851800615667,-49.1886808674561,89.0507920642215));
#18192=CARTESIAN_POINT('',(-5.60851800615667,-50.1886808674561,89.0507920642215));
#18193=CARTESIAN_POINT('',(-5.12352690918193,-49.1886808674561,89.9306431693526));
#18194=CARTESIAN_POINT('',(-5.12352690918193,-49.1886808674561,89.9306431693526));
#18195=CARTESIAN_POINT('',(-5.12352690918193,-50.1886808674561,89.9306431693526));
#18196=CARTESIAN_POINT('Origin',(-5.12352690918193,-50.1886808674561,89.9306431693526));
#18197=CARTESIAN_POINT('',(-4.04109545204008,-49.1886808674561,90.259407045709));
#18198=CARTESIAN_POINT('',(-4.04109545204008,-49.1886808674561,90.259407045709));
#18199=CARTESIAN_POINT('',(-4.04109545204008,-50.1886808674561,90.259407045709));
#18200=CARTESIAN_POINT('Origin',(-4.04109545204008,-50.1886808674561,90.259407045709));
#18201=CARTESIAN_POINT('',(-2.88398394987735,-49.1886808674561,89.847379211111));
#18202=CARTESIAN_POINT('',(-2.88398394987735,-49.1886808674561,89.847379211111));
#18203=CARTESIAN_POINT('',(-2.88398394987735,-50.1886808674561,89.847379211111));
#18204=CARTESIAN_POINT('Origin',(-2.88398394987735,-50.1886808674561,89.847379211111));
#18205=CARTESIAN_POINT('',(-2.53204350782488,-49.1886808674561,89.0507920642215));
#18206=CARTESIAN_POINT('',(-2.53204350782488,-49.1886808674561,89.0507920642215));
#18207=CARTESIAN_POINT('',(-2.53204350782488,-50.1886808674561,89.0507920642215));
#18208=CARTESIAN_POINT('Origin',(-2.53204350782488,-50.1886808674561,89.0507920642215));
#18209=CARTESIAN_POINT('',(-5.60851800615667,-49.1886808674561,89.0507920642215));
#18210=CARTESIAN_POINT('Origin',(-2.54234420368983,-49.1886808674561,87.4026807258294));
#18211=CARTESIAN_POINT('Origin',(-8.35537023681005,-50.1886808674561,85.8644434766636));
#18212=CARTESIAN_POINT('',(-8.35537023681005,-50.1886808674561,85.8644434766636));
#18213=CARTESIAN_POINT('',(-7.47637752300097,-50.1886808674561,85.8644434766636));
#18214=CARTESIAN_POINT('',(-8.35537023681005,-50.1886808674561,85.8644434766636));
#18215=CARTESIAN_POINT('',(-7.47637752300097,-50.1886808674561,92.8963851871362));
#18216=CARTESIAN_POINT('',(-7.47637752300097,-50.1886808674561,85.8644434766636));
#18217=CARTESIAN_POINT('',(-8.35537023681005,-50.1886808674561,92.8963851871362));
#18218=CARTESIAN_POINT('',(-7.47637752300097,-50.1886808674561,92.8963851871362));
#18219=CARTESIAN_POINT('',(-8.35537023681005,-50.1886808674561,90.2765748721505));
#18220=CARTESIAN_POINT('',(-8.35537023681005,-50.1886808674561,92.8963851871362));
#18221=CARTESIAN_POINT('',(-8.93392598789142,-50.1886808674561,90.8989085806579));
#18222=CARTESIAN_POINT('',(-8.35537023681005,-50.1886808674561,90.2765748721505));
#18223=CARTESIAN_POINT('',(-9.74424739593417,-50.1886808674561,91.1383997595181));
#18224=CARTESIAN_POINT('',(-8.93392598789142,-50.1886808674561,90.8989085806579));
#18225=CARTESIAN_POINT('',(-10.8661648538917,-50.1886808674561,90.8036271439072));
#18226=CARTESIAN_POINT('',(-9.74424739593417,-50.1886808674561,91.1383997595181));
#18227=CARTESIAN_POINT('',(-11.6198324346772,-50.1886808674561,89.8405120805343));
#18228=CARTESIAN_POINT('',(-10.8661648538917,-50.1886808674561,90.8036271439072));
#18229=CARTESIAN_POINT('',(-11.8713410920464,-50.1886808674561,88.4413342255453));
#18230=CARTESIAN_POINT('',(-11.6198324346772,-50.1886808674561,89.8405120805343));
#18231=CARTESIAN_POINT('',(-11.5983726516252,-50.1886808674561,87.0430147618783));
#18232=CARTESIAN_POINT('',(-11.8713410920464,-50.1886808674561,88.4413342255453));
#18233=CARTESIAN_POINT('',(-10.8292540270422,-50.1886808674561,86.0944923509808));
#18234=CARTESIAN_POINT('',(-11.5983726516252,-50.1886808674561,87.0430147618783));
#18235=CARTESIAN_POINT('',(-9.74081383064585,-50.1886808674561,85.7545693874374));
#18236=CARTESIAN_POINT('',(-10.8292540270422,-50.1886808674561,86.0944923509808));
#18237=CARTESIAN_POINT('',(-8.35537023681005,-50.1886808674561,86.693649493792));
#18238=CARTESIAN_POINT('',(-9.74081383064585,-50.1886808674561,85.7545693874374));
#18239=CARTESIAN_POINT('',(-8.35537023681005,-50.1886808674561,86.693649493792));
#18240=CARTESIAN_POINT('',(-10.9923483782373,-50.1886808674561,88.4447677908336));
#18241=CARTESIAN_POINT('',(-10.6215233270991,-50.1886808674561,89.8224858627707));
#18242=CARTESIAN_POINT('',(-10.9923483782373,-50.1886808674561,88.4447677908336));
#18243=CARTESIAN_POINT('',(-9.69617748189773,-50.1886808674561,90.259407045709));
#18244=CARTESIAN_POINT('',(-10.6215233270991,-50.1886808674561,89.8224858627707));
#18245=CARTESIAN_POINT('',(-8.74250472306776,-50.1886808674561,89.804459645007));
#18246=CARTESIAN_POINT('',(-9.69617748189773,-50.1886808674561,90.259407045709));
#18247=CARTESIAN_POINT('',(-8.35537023681005,-50.1886808674561,88.3778132677114));
#18248=CARTESIAN_POINT('',(-8.74250472306776,-50.1886808674561,89.804459645007));
#18249=CARTESIAN_POINT('',(-8.73563759249113,-50.1886808674561,87.0636161536082));
#18250=CARTESIAN_POINT('',(-8.35537023681005,-50.1886808674561,88.3778132677114));
#18251=CARTESIAN_POINT('',(-9.66012504637041,-50.1886808674561,86.6335621012465));
#18252=CARTESIAN_POINT('',(-8.73563759249113,-50.1886808674561,87.0636161536082));
#18253=CARTESIAN_POINT('',(-10.5957715874367,-50.1886808674561,87.0842175453381));
#18254=CARTESIAN_POINT('',(-9.66012504637041,-50.1886808674561,86.6335621012465));
#18255=CARTESIAN_POINT('',(-10.5957715874367,-50.1886808674561,87.0842175453381));
#18256=CARTESIAN_POINT('Origin',(-8.35537023681005,-50.1886808674561,85.8644434766636));
#18257=CARTESIAN_POINT('',(-8.35537023681005,-49.1886808674561,85.8644434766636));
#18258=CARTESIAN_POINT('',(-8.35537023681005,-50.1886808674561,85.8644434766636));
#18259=CARTESIAN_POINT('',(-7.47637752300097,-49.1886808674561,85.8644434766636));
#18260=CARTESIAN_POINT('',(-7.47637752300097,-49.1886808674561,85.8644434766636));
#18261=CARTESIAN_POINT('',(-7.47637752300097,-50.1886808674561,85.8644434766636));
#18262=CARTESIAN_POINT('Origin',(-7.47637752300097,-50.1886808674561,85.8644434766636));
#18263=CARTESIAN_POINT('',(-7.47637752300097,-49.1886808674561,92.8963851871362));
#18264=CARTESIAN_POINT('',(-7.47637752300097,-49.1886808674561,92.8963851871362));
#18265=CARTESIAN_POINT('',(-7.47637752300097,-50.1886808674561,92.8963851871362));
#18266=CARTESIAN_POINT('Origin',(-7.47637752300097,-50.1886808674561,92.8963851871362));
#18267=CARTESIAN_POINT('',(-8.35537023681005,-49.1886808674561,92.8963851871362));
#18268=CARTESIAN_POINT('',(-8.35537023681005,-49.1886808674561,92.8963851871362));
#18269=CARTESIAN_POINT('',(-8.35537023681005,-50.1886808674561,92.8963851871362));
#18270=CARTESIAN_POINT('Origin',(-8.35537023681005,-50.1886808674561,92.8963851871362));
#18271=CARTESIAN_POINT('',(-8.35537023681005,-49.1886808674561,90.2765748721505));
#18272=CARTESIAN_POINT('',(-8.35537023681005,-49.1886808674561,90.2765748721505));
#18273=CARTESIAN_POINT('',(-8.35537023681005,-50.1886808674561,90.2765748721505));
#18274=CARTESIAN_POINT('Origin',(-8.35537023681005,-50.1886808674561,90.2765748721505));
#18275=CARTESIAN_POINT('',(-8.93392598789142,-49.1886808674561,90.8989085806579));
#18276=CARTESIAN_POINT('',(-8.93392598789142,-49.1886808674561,90.8989085806579));
#18277=CARTESIAN_POINT('',(-8.93392598789142,-50.1886808674561,90.8989085806579));
#18278=CARTESIAN_POINT('Origin',(-8.93392598789142,-50.1886808674561,90.8989085806579));
#18279=CARTESIAN_POINT('',(-9.74424739593417,-49.1886808674561,91.1383997595181));
#18280=CARTESIAN_POINT('',(-9.74424739593417,-49.1886808674561,91.1383997595181));
#18281=CARTESIAN_POINT('',(-9.74424739593417,-50.1886808674561,91.1383997595181));
#18282=CARTESIAN_POINT('Origin',(-9.74424739593417,-50.1886808674561,91.1383997595181));
#18283=CARTESIAN_POINT('',(-10.8661648538917,-49.1886808674561,90.8036271439072));
#18284=CARTESIAN_POINT('',(-10.8661648538917,-49.1886808674561,90.8036271439072));
#18285=CARTESIAN_POINT('',(-10.8661648538917,-50.1886808674561,90.8036271439072));
#18286=CARTESIAN_POINT('Origin',(-10.8661648538917,-50.1886808674561,90.8036271439072));
#18287=CARTESIAN_POINT('',(-11.6198324346772,-49.1886808674561,89.8405120805343));
#18288=CARTESIAN_POINT('',(-11.6198324346772,-49.1886808674561,89.8405120805343));
#18289=CARTESIAN_POINT('',(-11.6198324346772,-50.1886808674561,89.8405120805343));
#18290=CARTESIAN_POINT('Origin',(-11.6198324346772,-50.1886808674561,89.8405120805343));
#18291=CARTESIAN_POINT('',(-11.8713410920464,-49.1886808674561,88.4413342255453));
#18292=CARTESIAN_POINT('',(-11.8713410920464,-49.1886808674561,88.4413342255453));
#18293=CARTESIAN_POINT('',(-11.8713410920464,-50.1886808674561,88.4413342255453));
#18294=CARTESIAN_POINT('Origin',(-11.8713410920464,-50.1886808674561,88.4413342255453));
#18295=CARTESIAN_POINT('',(-11.5983726516252,-49.1886808674561,87.0430147618783));
#18296=CARTESIAN_POINT('',(-11.5983726516252,-49.1886808674561,87.0430147618783));
#18297=CARTESIAN_POINT('',(-11.5983726516252,-50.1886808674561,87.0430147618783));
#18298=CARTESIAN_POINT('Origin',(-11.5983726516252,-50.1886808674561,87.0430147618783));
#18299=CARTESIAN_POINT('',(-10.8292540270422,-49.1886808674561,86.0944923509808));
#18300=CARTESIAN_POINT('',(-10.8292540270422,-49.1886808674561,86.0944923509808));
#18301=CARTESIAN_POINT('',(-10.8292540270422,-50.1886808674561,86.0944923509808));
#18302=CARTESIAN_POINT('Origin',(-10.8292540270422,-50.1886808674561,86.0944923509808));
#18303=CARTESIAN_POINT('',(-9.74081383064585,-49.1886808674561,85.7545693874374));
#18304=CARTESIAN_POINT('',(-9.74081383064585,-49.1886808674561,85.7545693874374));
#18305=CARTESIAN_POINT('',(-9.74081383064585,-50.1886808674561,85.7545693874374));
#18306=CARTESIAN_POINT('Origin',(-9.74081383064585,-50.1886808674561,85.7545693874374));
#18307=CARTESIAN_POINT('',(-8.35537023681005,-49.1886808674561,86.693649493792));
#18308=CARTESIAN_POINT('',(-8.35537023681005,-49.1886808674561,86.693649493792));
#18309=CARTESIAN_POINT('',(-8.35537023681005,-50.1886808674561,86.693649493792));
#18310=CARTESIAN_POINT('Origin',(-8.35537023681005,-50.1886808674561,86.693649493792));
#18311=CARTESIAN_POINT('',(-8.35537023681005,-49.1886808674561,85.8644434766636));
#18312=CARTESIAN_POINT('Origin',(-10.9923483782373,-50.1886808674561,88.4447677908336));
#18313=CARTESIAN_POINT('',(-10.9923483782373,-49.1886808674561,88.4447677908336));
#18314=CARTESIAN_POINT('',(-10.9923483782373,-50.1886808674561,88.4447677908336));
#18315=CARTESIAN_POINT('',(-10.6215233270991,-49.1886808674561,89.8224858627707));
#18316=CARTESIAN_POINT('',(-10.6215233270991,-49.1886808674561,89.8224858627707));
#18317=CARTESIAN_POINT('',(-10.6215233270991,-50.1886808674561,89.8224858627707));
#18318=CARTESIAN_POINT('Origin',(-10.6215233270991,-50.1886808674561,89.8224858627707));
#18319=CARTESIAN_POINT('',(-9.69617748189773,-49.1886808674561,90.259407045709));
#18320=CARTESIAN_POINT('',(-9.69617748189773,-49.1886808674561,90.259407045709));
#18321=CARTESIAN_POINT('',(-9.69617748189773,-50.1886808674561,90.259407045709));
#18322=CARTESIAN_POINT('Origin',(-9.69617748189773,-50.1886808674561,90.259407045709));
#18323=CARTESIAN_POINT('',(-8.74250472306776,-49.1886808674561,89.804459645007));
#18324=CARTESIAN_POINT('',(-8.74250472306776,-49.1886808674561,89.804459645007));
#18325=CARTESIAN_POINT('',(-8.74250472306776,-50.1886808674561,89.804459645007));
#18326=CARTESIAN_POINT('Origin',(-8.74250472306776,-50.1886808674561,89.804459645007));
#18327=CARTESIAN_POINT('',(-8.35537023681005,-49.1886808674561,88.3778132677114));
#18328=CARTESIAN_POINT('',(-8.35537023681005,-49.1886808674561,88.3778132677114));
#18329=CARTESIAN_POINT('',(-8.35537023681005,-50.1886808674561,88.3778132677114));
#18330=CARTESIAN_POINT('Origin',(-8.35537023681005,-50.1886808674561,88.3778132677114));
#18331=CARTESIAN_POINT('',(-8.73563759249113,-49.1886808674561,87.0636161536082));
#18332=CARTESIAN_POINT('',(-8.73563759249113,-49.1886808674561,87.0636161536082));
#18333=CARTESIAN_POINT('',(-8.73563759249113,-50.1886808674561,87.0636161536082));
#18334=CARTESIAN_POINT('Origin',(-8.73563759249113,-50.1886808674561,87.0636161536082));
#18335=CARTESIAN_POINT('',(-9.66012504637041,-49.1886808674561,86.6335621012465));
#18336=CARTESIAN_POINT('',(-9.66012504637041,-49.1886808674561,86.6335621012465));
#18337=CARTESIAN_POINT('',(-9.66012504637041,-50.1886808674561,86.6335621012465));
#18338=CARTESIAN_POINT('Origin',(-9.66012504637041,-50.1886808674561,86.6335621012465));
#18339=CARTESIAN_POINT('',(-10.5957715874367,-49.1886808674561,87.0842175453381));
#18340=CARTESIAN_POINT('',(-10.5957715874367,-49.1886808674561,87.0842175453381));
#18341=CARTESIAN_POINT('',(-10.5957715874367,-50.1886808674561,87.0842175453381));
#18342=CARTESIAN_POINT('Origin',(-10.5957715874367,-50.1886808674561,87.0842175453381));
#18343=CARTESIAN_POINT('',(-10.9923483782373,-49.1886808674561,88.4447677908336));
#18344=CARTESIAN_POINT('Origin',(-8.35537023681005,-49.1886808674561,85.8644434766636));
#18345=CARTESIAN_POINT('Origin',(-13.5194524304384,-50.1886808674561,86.194065744342));
#18346=CARTESIAN_POINT('',(-13.5194524304384,-50.1886808674561,86.194065744342));
#18347=CARTESIAN_POINT('',(-12.7056974571073,-50.1886808674561,86.6035184049737));
#18348=CARTESIAN_POINT('',(-13.5194524304384,-50.1886808674561,86.194065744342));
#18349=CARTESIAN_POINT('',(-12.7503338058555,-50.1886808674561,88.1305965669526));
#18350=CARTESIAN_POINT('',(-12.7056974571073,-50.1886808674561,86.6035184049737));
#18351=CARTESIAN_POINT('',(-13.6645205638698,-50.1886808674561,90.9821725388996));
#18352=CARTESIAN_POINT('',(-12.7503338058555,-50.1886808674561,88.1305965669526));
#18353=CARTESIAN_POINT('',(-14.7297841945701,-50.1886808674561,91.1383997595181));
#18354=CARTESIAN_POINT('',(-13.6645205638698,-50.1886808674561,90.9821725388996));
#18355=CARTESIAN_POINT('',(-15.889470870699,-50.1886808674561,90.9615711471697));
#18356=CARTESIAN_POINT('',(-14.7297841945701,-50.1886808674561,91.1383997595181));
#18357=CARTESIAN_POINT('',(-16.6551559299937,-50.1886808674561,90.4585538324313));
#18358=CARTESIAN_POINT('',(-15.889470870699,-50.1886808674561,90.9615711471697));
#18359=CARTESIAN_POINT('',(-17.0354232856747,-50.1886808674561,89.6001625103522));
#18360=CARTESIAN_POINT('',(-16.6551559299937,-50.1886808674561,90.4585538324313));
#18361=CARTESIAN_POINT('',(-15.7323852587585,-50.1886808674561,90.0903039552594));
#18362=CARTESIAN_POINT('',(-17.0354232856747,-50.1886808674561,89.6001625103522));
#18363=CARTESIAN_POINT('',(-14.8430918490845,-50.1886808674561,90.259407045709));
#18364=CARTESIAN_POINT('',(-15.7323852587585,-50.1886808674561,90.0903039552594));
#18365=CARTESIAN_POINT('',(-13.634476867597,-50.1886808674561,89.1606661534476));
#18366=CARTESIAN_POINT('',(-14.8430918490845,-50.1886808674561,90.259407045709));
#18367=CARTESIAN_POINT('',(-17.1452973749009,-50.1886808674561,87.2378695919903));
#18368=CARTESIAN_POINT('',(-13.634476867597,-50.1886808674561,89.1606661534476));
#18369=CARTESIAN_POINT('',(-16.6997922787418,-50.1886808674561,86.1717475699679));
#18370=CARTESIAN_POINT('',(-17.1452973749009,-50.1886808674561,87.2378695919903));
#18371=CARTESIAN_POINT('',(-15.42336438281,-50.1886808674561,85.7545693874374));
#18372=CARTESIAN_POINT('',(-16.6997922787418,-50.1886808674561,86.1717475699679));
#18373=CARTESIAN_POINT('',(-14.4817091024892,-50.1886808674561,85.9279644344974));
#18374=CARTESIAN_POINT('',(-15.42336438281,-50.1886808674561,85.7545693874374));
#18375=CARTESIAN_POINT('',(-14.4817091024892,-50.1886808674561,85.9279644344974));
#18376=CARTESIAN_POINT('',(-13.9881340922936,-50.1886808674561,87.5627707073972));
#18377=CARTESIAN_POINT('',(-15.2362350745968,-50.1886808674561,86.6335621012465));
#18378=CARTESIAN_POINT('',(-13.9881340922936,-50.1886808674561,87.5627707073972));
#18379=CARTESIAN_POINT('',(-15.0473889837393,-50.1886808674561,88.0121385645057));
#18380=CARTESIAN_POINT('',(-15.2362350745968,-50.1886808674561,86.6335621012465));
#18381=CARTESIAN_POINT('',(-15.0473889837393,-50.1886808674561,88.0121385645057));
#18382=CARTESIAN_POINT('Origin',(-13.5194524304384,-50.1886808674561,86.194065744342));
#18383=CARTESIAN_POINT('',(-13.5194524304384,-49.1886808674561,86.194065744342));
#18384=CARTESIAN_POINT('',(-13.5194524304384,-50.1886808674561,86.194065744342));
#18385=CARTESIAN_POINT('',(-12.7056974571073,-49.1886808674561,86.6035184049737));
#18386=CARTESIAN_POINT('',(-12.7056974571073,-49.1886808674561,86.6035184049737));
#18387=CARTESIAN_POINT('',(-12.7056974571073,-50.1886808674561,86.6035184049737));
#18388=CARTESIAN_POINT('Origin',(-12.7056974571073,-50.1886808674561,86.6035184049737));
#18389=CARTESIAN_POINT('',(-12.7503338058555,-49.1886808674561,88.1305965669526));
#18390=CARTESIAN_POINT('',(-12.7503338058555,-49.1886808674561,88.1305965669526));
#18391=CARTESIAN_POINT('',(-12.7503338058555,-50.1886808674561,88.1305965669526));
#18392=CARTESIAN_POINT('Origin',(-12.7503338058555,-50.1886808674561,88.1305965669526));
#18393=CARTESIAN_POINT('',(-13.6645205638698,-49.1886808674561,90.9821725388996));
#18394=CARTESIAN_POINT('',(-13.6645205638698,-49.1886808674561,90.9821725388996));
#18395=CARTESIAN_POINT('',(-13.6645205638698,-50.1886808674561,90.9821725388996));
#18396=CARTESIAN_POINT('Origin',(-13.6645205638698,-50.1886808674561,90.9821725388996));
#18397=CARTESIAN_POINT('',(-14.7297841945701,-49.1886808674561,91.1383997595181));
#18398=CARTESIAN_POINT('',(-14.7297841945701,-49.1886808674561,91.1383997595181));
#18399=CARTESIAN_POINT('',(-14.7297841945701,-50.1886808674561,91.1383997595181));
#18400=CARTESIAN_POINT('Origin',(-14.7297841945701,-50.1886808674561,91.1383997595181));
#18401=CARTESIAN_POINT('',(-15.889470870699,-49.1886808674561,90.9615711471697));
#18402=CARTESIAN_POINT('',(-15.889470870699,-49.1886808674561,90.9615711471697));
#18403=CARTESIAN_POINT('',(-15.889470870699,-50.1886808674561,90.9615711471697));
#18404=CARTESIAN_POINT('Origin',(-15.889470870699,-50.1886808674561,90.9615711471697));
#18405=CARTESIAN_POINT('',(-16.6551559299937,-49.1886808674561,90.4585538324313));
#18406=CARTESIAN_POINT('',(-16.6551559299937,-49.1886808674561,90.4585538324313));
#18407=CARTESIAN_POINT('',(-16.6551559299937,-50.1886808674561,90.4585538324313));
#18408=CARTESIAN_POINT('Origin',(-16.6551559299937,-50.1886808674561,90.4585538324313));
#18409=CARTESIAN_POINT('',(-17.0354232856747,-49.1886808674561,89.6001625103522));
#18410=CARTESIAN_POINT('',(-17.0354232856747,-49.1886808674561,89.6001625103522));
#18411=CARTESIAN_POINT('',(-17.0354232856747,-50.1886808674561,89.6001625103522));
#18412=CARTESIAN_POINT('Origin',(-17.0354232856747,-50.1886808674561,89.6001625103522));
#18413=CARTESIAN_POINT('',(-15.7323852587585,-49.1886808674561,90.0903039552594));
#18414=CARTESIAN_POINT('',(-15.7323852587585,-49.1886808674561,90.0903039552594));
#18415=CARTESIAN_POINT('',(-15.7323852587585,-50.1886808674561,90.0903039552594));
#18416=CARTESIAN_POINT('Origin',(-15.7323852587585,-50.1886808674561,90.0903039552594));
#18417=CARTESIAN_POINT('',(-14.8430918490845,-49.1886808674561,90.259407045709));
#18418=CARTESIAN_POINT('',(-14.8430918490845,-49.1886808674561,90.259407045709));
#18419=CARTESIAN_POINT('',(-14.8430918490845,-50.1886808674561,90.259407045709));
#18420=CARTESIAN_POINT('Origin',(-14.8430918490845,-50.1886808674561,90.259407045709));
#18421=CARTESIAN_POINT('',(-13.634476867597,-49.1886808674561,89.1606661534476));
#18422=CARTESIAN_POINT('',(-13.634476867597,-49.1886808674561,89.1606661534476));
#18423=CARTESIAN_POINT('',(-13.634476867597,-50.1886808674561,89.1606661534476));
#18424=CARTESIAN_POINT('Origin',(-13.634476867597,-50.1886808674561,89.1606661534476));
#18425=CARTESIAN_POINT('',(-17.1452973749009,-49.1886808674561,87.2378695919903));
#18426=CARTESIAN_POINT('',(-17.1452973749009,-49.1886808674561,87.2378695919903));
#18427=CARTESIAN_POINT('',(-17.1452973749009,-50.1886808674561,87.2378695919903));
#18428=CARTESIAN_POINT('Origin',(-17.1452973749009,-50.1886808674561,87.2378695919903));
#18429=CARTESIAN_POINT('',(-16.6997922787418,-49.1886808674561,86.1717475699679));
#18430=CARTESIAN_POINT('',(-16.6997922787418,-49.1886808674561,86.1717475699679));
#18431=CARTESIAN_POINT('',(-16.6997922787418,-50.1886808674561,86.1717475699679));
#18432=CARTESIAN_POINT('Origin',(-16.6997922787418,-50.1886808674561,86.1717475699679));
#18433=CARTESIAN_POINT('',(-15.42336438281,-49.1886808674561,85.7545693874374));
#18434=CARTESIAN_POINT('',(-15.42336438281,-49.1886808674561,85.7545693874374));
#18435=CARTESIAN_POINT('',(-15.42336438281,-50.1886808674561,85.7545693874374));
#18436=CARTESIAN_POINT('Origin',(-15.42336438281,-50.1886808674561,85.7545693874374));
#18437=CARTESIAN_POINT('',(-14.4817091024892,-49.1886808674561,85.9279644344974));
#18438=CARTESIAN_POINT('',(-14.4817091024892,-49.1886808674561,85.9279644344974));
#18439=CARTESIAN_POINT('',(-14.4817091024892,-50.1886808674561,85.9279644344974));
#18440=CARTESIAN_POINT('Origin',(-14.4817091024892,-50.1886808674561,85.9279644344974));
#18441=CARTESIAN_POINT('',(-13.5194524304384,-49.1886808674561,86.194065744342));
#18442=CARTESIAN_POINT('Origin',(-13.9881340922936,-50.1886808674561,87.5627707073972));
#18443=CARTESIAN_POINT('',(-13.9881340922936,-49.1886808674561,87.5627707073972));
#18444=CARTESIAN_POINT('',(-13.9881340922936,-50.1886808674561,87.5627707073972));
#18445=CARTESIAN_POINT('',(-15.2362350745968,-49.1886808674561,86.6335621012465));
#18446=CARTESIAN_POINT('',(-15.2362350745968,-49.1886808674561,86.6335621012465));
#18447=CARTESIAN_POINT('',(-15.2362350745968,-50.1886808674561,86.6335621012465));
#18448=CARTESIAN_POINT('Origin',(-15.2362350745968,-50.1886808674561,86.6335621012465));
#18449=CARTESIAN_POINT('',(-15.0473889837393,-49.1886808674561,88.0121385645057));
#18450=CARTESIAN_POINT('',(-15.0473889837393,-49.1886808674561,88.0121385645057));
#18451=CARTESIAN_POINT('',(-15.0473889837393,-50.1886808674561,88.0121385645057));
#18452=CARTESIAN_POINT('Origin',(-15.0473889837393,-50.1886808674561,88.0121385645057));
#18453=CARTESIAN_POINT('',(-13.9881340922936,-49.1886808674561,87.5627707073972));
#18454=CARTESIAN_POINT('Origin',(-13.5194524304384,-49.1886808674561,86.194065744342));
#18455=CARTESIAN_POINT('Origin',(-19.0131568917452,-50.1886808674561,85.8644434766636));
#18456=CARTESIAN_POINT('',(-19.0131568917452,-50.1886808674561,85.8644434766636));
#18457=CARTESIAN_POINT('',(-18.1341641779361,-50.1886808674561,85.8644434766636));
#18458=CARTESIAN_POINT('',(-19.0131568917452,-50.1886808674561,85.8644434766636));
#18459=CARTESIAN_POINT('',(-18.1341641779361,-50.1886808674561,91.0285256702919));
#18460=CARTESIAN_POINT('',(-18.1341641779361,-50.1886808674561,85.8644434766636));
#18461=CARTESIAN_POINT('',(-19.0131568917452,-50.1886808674561,91.0285256702919));
#18462=CARTESIAN_POINT('',(-18.1341641779361,-50.1886808674561,91.0285256702919));
#18463=CARTESIAN_POINT('',(-19.0131568917452,-50.1886808674561,88.3417608321841));
#18464=CARTESIAN_POINT('',(-19.0131568917452,-50.1886808674561,91.0285256702919));
#18465=CARTESIAN_POINT('',(-21.3771665927512,-50.1886808674561,87.3511772465047));
#18466=CARTESIAN_POINT('',(-19.0131568917452,-50.1886808674561,88.3417608321841));
#18467=CARTESIAN_POINT('',(-21.4303868547201,-50.1886808674561,88.2473377867554));
#18468=CARTESIAN_POINT('',(-21.3771665927512,-50.1886808674561,87.3511772465047));
#18469=CARTESIAN_POINT('',(-21.4303868547201,-50.1886808674561,91.0285256702919));
#18470=CARTESIAN_POINT('',(-21.4303868547201,-50.1886808674561,88.2473377867554));
#18471=CARTESIAN_POINT('',(-22.3093795685292,-50.1886808674561,91.0285256702919));
#18472=CARTESIAN_POINT('',(-21.4303868547201,-50.1886808674561,91.0285256702919));
#18473=CARTESIAN_POINT('',(-22.3093795685292,-50.1886808674561,87.8335931695132));
#18474=CARTESIAN_POINT('',(-22.3093795685292,-50.1886808674561,91.0285256702919));
#18475=CARTESIAN_POINT('',(-21.4260948981097,-50.1886808674561,85.9296812171416));
#18476=CARTESIAN_POINT('',(-22.3093795685292,-50.1886808674561,87.8335931695132));
#18477=CARTESIAN_POINT('',(-20.5994640549475,-50.1886808674561,85.7545693874374));
#18478=CARTESIAN_POINT('',(-21.4260948981097,-50.1886808674561,85.9296812171416));
#18479=CARTESIAN_POINT('',(-19.0131568917452,-50.1886808674561,86.7520201036934));
#18480=CARTESIAN_POINT('',(-20.5994640549475,-50.1886808674561,85.7545693874374));
#18481=CARTESIAN_POINT('',(-19.0131568917452,-50.1886808674561,86.7520201036934));
#18482=CARTESIAN_POINT('Origin',(-19.0131568917452,-50.1886808674561,85.8644434766636));
#18483=CARTESIAN_POINT('',(-19.0131568917452,-49.1886808674561,85.8644434766636));
#18484=CARTESIAN_POINT('',(-19.0131568917452,-50.1886808674561,85.8644434766636));
#18485=CARTESIAN_POINT('',(-18.1341641779361,-49.1886808674561,85.8644434766636));
#18486=CARTESIAN_POINT('',(-18.1341641779361,-49.1886808674561,85.8644434766636));
#18487=CARTESIAN_POINT('',(-18.1341641779361,-50.1886808674561,85.8644434766636));
#18488=CARTESIAN_POINT('Origin',(-18.1341641779361,-50.1886808674561,85.8644434766636));
#18489=CARTESIAN_POINT('',(-18.1341641779361,-49.1886808674561,91.0285256702919));
#18490=CARTESIAN_POINT('',(-18.1341641779361,-49.1886808674561,91.0285256702919));
#18491=CARTESIAN_POINT('',(-18.1341641779361,-50.1886808674561,91.0285256702919));
#18492=CARTESIAN_POINT('Origin',(-18.1341641779361,-50.1886808674561,91.0285256702919));
#18493=CARTESIAN_POINT('',(-19.0131568917452,-49.1886808674561,91.0285256702919));
#18494=CARTESIAN_POINT('',(-19.0131568917452,-49.1886808674561,91.0285256702919));
#18495=CARTESIAN_POINT('',(-19.0131568917452,-50.1886808674561,91.0285256702919));
#18496=CARTESIAN_POINT('Origin',(-19.0131568917452,-50.1886808674561,91.0285256702919));
#18497=CARTESIAN_POINT('',(-19.0131568917452,-49.1886808674561,88.3417608321841));
#18498=CARTESIAN_POINT('',(-19.0131568917452,-49.1886808674561,88.3417608321841));
#18499=CARTESIAN_POINT('',(-19.0131568917452,-50.1886808674561,88.3417608321841));
#18500=CARTESIAN_POINT('Origin',(-19.0131568917452,-50.1886808674561,88.3417608321841));
#18501=CARTESIAN_POINT('',(-21.3771665927512,-49.1886808674561,87.3511772465047));
#18502=CARTESIAN_POINT('',(-21.3771665927512,-49.1886808674561,87.3511772465047));
#18503=CARTESIAN_POINT('',(-21.3771665927512,-50.1886808674561,87.3511772465047));
#18504=CARTESIAN_POINT('Origin',(-21.3771665927512,-50.1886808674561,87.3511772465047));
#18505=CARTESIAN_POINT('',(-21.4303868547201,-49.1886808674561,88.2473377867554));
#18506=CARTESIAN_POINT('',(-21.4303868547201,-49.1886808674561,88.2473377867554));
#18507=CARTESIAN_POINT('',(-21.4303868547201,-50.1886808674561,88.2473377867554));
#18508=CARTESIAN_POINT('Origin',(-21.4303868547201,-50.1886808674561,88.2473377867554));
#18509=CARTESIAN_POINT('',(-21.4303868547201,-49.1886808674561,91.0285256702919));
#18510=CARTESIAN_POINT('',(-21.4303868547201,-49.1886808674561,91.0285256702919));
#18511=CARTESIAN_POINT('',(-21.4303868547201,-50.1886808674561,91.0285256702919));
#18512=CARTESIAN_POINT('Origin',(-21.4303868547201,-50.1886808674561,91.0285256702919));
#18513=CARTESIAN_POINT('',(-22.3093795685292,-49.1886808674561,91.0285256702919));
#18514=CARTESIAN_POINT('',(-22.3093795685292,-49.1886808674561,91.0285256702919));
#18515=CARTESIAN_POINT('',(-22.3093795685292,-50.1886808674561,91.0285256702919));
#18516=CARTESIAN_POINT('Origin',(-22.3093795685292,-50.1886808674561,91.0285256702919));
#18517=CARTESIAN_POINT('',(-22.3093795685292,-49.1886808674561,87.8335931695132));
#18518=CARTESIAN_POINT('',(-22.3093795685292,-49.1886808674561,87.8335931695132));
#18519=CARTESIAN_POINT('',(-22.3093795685292,-50.1886808674561,87.8335931695132));
#18520=CARTESIAN_POINT('Origin',(-22.3093795685292,-50.1886808674561,87.8335931695132));
#18521=CARTESIAN_POINT('',(-21.4260948981097,-49.1886808674561,85.9296812171416));
#18522=CARTESIAN_POINT('',(-21.4260948981097,-49.1886808674561,85.9296812171416));
#18523=CARTESIAN_POINT('',(-21.4260948981097,-50.1886808674561,85.9296812171416));
#18524=CARTESIAN_POINT('Origin',(-21.4260948981097,-50.1886808674561,85.9296812171416));
#18525=CARTESIAN_POINT('',(-20.5994640549475,-49.1886808674561,85.7545693874374));
#18526=CARTESIAN_POINT('',(-20.5994640549475,-49.1886808674561,85.7545693874374));
#18527=CARTESIAN_POINT('',(-20.5994640549475,-50.1886808674561,85.7545693874374));
#18528=CARTESIAN_POINT('Origin',(-20.5994640549475,-50.1886808674561,85.7545693874374));
#18529=CARTESIAN_POINT('',(-19.0131568917452,-49.1886808674561,86.7520201036934));
#18530=CARTESIAN_POINT('',(-19.0131568917452,-49.1886808674561,86.7520201036934));
#18531=CARTESIAN_POINT('',(-19.0131568917452,-50.1886808674561,86.7520201036934));
#18532=CARTESIAN_POINT('Origin',(-19.0131568917452,-50.1886808674561,86.7520201036934));
#18533=CARTESIAN_POINT('',(-19.0131568917452,-49.1886808674561,85.8644434766636));
#18534=CARTESIAN_POINT('Origin',(-19.0131568917452,-49.1886808674561,85.8644434766636));
#18535=CARTESIAN_POINT('Origin',(-24.5068613530519,-50.1886808674561,83.8867098705931));
#18536=CARTESIAN_POINT('',(-24.5068613530519,-50.1886808674561,83.8867098705931));
#18537=CARTESIAN_POINT('',(-23.6278686392428,-50.1886808674561,83.8867098705931));
#18538=CARTESIAN_POINT('',(-24.5068613530519,-50.1886808674561,83.8867098705931));
#18539=CARTESIAN_POINT('',(-23.6278686392428,-50.1886808674561,91.0285256702919));
#18540=CARTESIAN_POINT('',(-23.6278686392428,-50.1886808674561,83.8867098705931));
#18541=CARTESIAN_POINT('',(-24.5068613530519,-50.1886808674561,91.0285256702919));
#18542=CARTESIAN_POINT('',(-23.6278686392428,-50.1886808674561,91.0285256702919));
#18543=CARTESIAN_POINT('',(-24.5068613530519,-50.1886808674561,90.1529665217711));
#18544=CARTESIAN_POINT('',(-24.5068613530519,-50.1886808674561,91.0285256702919));
#18545=CARTESIAN_POINT('',(-25.9455252088566,-50.1886808674561,91.1383997595181));
#18546=CARTESIAN_POINT('',(-24.5068613530519,-50.1886808674561,90.1529665217711));
#18547=CARTESIAN_POINT('',(-27.0185143614556,-50.1886808674561,90.8207949703488));
#18548=CARTESIAN_POINT('',(-25.9455252088566,-50.1886808674561,91.1383997595181));
#18549=CARTESIAN_POINT('',(-27.7653148116645,-50.1886808674561,89.8868652119266));
#18550=CARTESIAN_POINT('',(-27.0185143614556,-50.1886808674561,90.8207949703488));
#18551=CARTESIAN_POINT('',(-28.0228322082882,-50.1886808674561,88.4945544875142));
#18552=CARTESIAN_POINT('',(-27.7653148116645,-50.1886808674561,89.8868652119266));
#18553=CARTESIAN_POINT('',(-27.3738883687964,-50.1886808674561,86.486777185171));
#18554=CARTESIAN_POINT('',(-28.0228322082883,-50.1886808674561,88.4945544875142));
#18555=CARTESIAN_POINT('',(-25.8270672064097,-50.1886808674561,85.7545693874374));
#18556=CARTESIAN_POINT('',(-27.3738883687964,-50.1886808674561,86.486777185171));
#18557=CARTESIAN_POINT('',(-25.0648157124034,-50.1886808674561,85.9863350443988));
#18558=CARTESIAN_POINT('',(-25.8270672064097,-50.1886808674561,85.7545693874374));
#18559=CARTESIAN_POINT('',(-24.5068613530519,-50.1886808674561,86.5683243607685));
#18560=CARTESIAN_POINT('',(-25.0648157124034,-50.1886808674561,85.9863350443988));
#18561=CARTESIAN_POINT('',(-24.5068613530519,-50.1886808674561,86.5683243607685));
#18562=CARTESIAN_POINT('',(-27.1438394944792,-50.1886808674561,88.4464845734777));
#18563=CARTESIAN_POINT('',(-26.7687224867306,-50.1886808674561,89.8190522974823));
#18564=CARTESIAN_POINT('',(-27.1438394944792,-50.1886808674561,88.4464845734777));
#18565=CARTESIAN_POINT('',(-25.8545357287162,-50.1886808674561,90.259407045709));
#18566=CARTESIAN_POINT('',(-26.7687224867306,-50.1886808674561,89.8190522974823));
#18567=CARTESIAN_POINT('',(-24.9094468831071,-50.1886808674561,89.7864334272433));
#18568=CARTESIAN_POINT('',(-25.8545357287162,-50.1886808674561,90.259407045709));
#18569=CARTESIAN_POINT('',(-24.5068613530519,-50.1886808674561,88.3760964850673));
#18570=CARTESIAN_POINT('',(-24.9094468831071,-50.1886808674561,89.7864334272433));
#18571=CARTESIAN_POINT('',(-24.8888454913772,-50.1886808674561,87.0644745449303));
#18572=CARTESIAN_POINT('',(-24.5068613530519,-50.1886808674561,88.3760964850673));
#18573=CARTESIAN_POINT('',(-25.7995986841032,-50.1886808674561,86.6335621012465));
#18574=CARTESIAN_POINT('',(-24.8888454913772,-50.1886808674561,87.0644745449303));
#18575=CARTESIAN_POINT('',(-26.7481210950007,-50.1886808674561,87.0867927193043));
#18576=CARTESIAN_POINT('',(-25.7995986841032,-50.1886808674561,86.6335621012465));
#18577=CARTESIAN_POINT('',(-26.7481210950007,-50.1886808674561,87.0867927193043));
#18578=CARTESIAN_POINT('Origin',(-24.5068613530519,-50.1886808674561,83.8867098705931));
#18579=CARTESIAN_POINT('',(-24.5068613530519,-49.1886808674561,83.8867098705931));
#18580=CARTESIAN_POINT('',(-24.5068613530519,-50.1886808674561,83.8867098705931));
#18581=CARTESIAN_POINT('',(-23.6278686392428,-49.1886808674561,83.8867098705931));
#18582=CARTESIAN_POINT('',(-23.6278686392428,-49.1886808674561,83.8867098705931));
#18583=CARTESIAN_POINT('',(-23.6278686392428,-50.1886808674561,83.8867098705931));
#18584=CARTESIAN_POINT('Origin',(-23.6278686392428,-50.1886808674561,83.8867098705931));
#18585=CARTESIAN_POINT('',(-23.6278686392428,-49.1886808674561,91.0285256702919));
#18586=CARTESIAN_POINT('',(-23.6278686392428,-49.1886808674561,91.0285256702919));
#18587=CARTESIAN_POINT('',(-23.6278686392428,-50.1886808674561,91.0285256702919));
#18588=CARTESIAN_POINT('Origin',(-23.6278686392428,-50.1886808674561,91.0285256702919));
#18589=CARTESIAN_POINT('',(-24.5068613530519,-49.1886808674561,91.0285256702919));
#18590=CARTESIAN_POINT('',(-24.5068613530519,-49.1886808674561,91.0285256702919));
#18591=CARTESIAN_POINT('',(-24.5068613530519,-50.1886808674561,91.0285256702919));
#18592=CARTESIAN_POINT('Origin',(-24.5068613530519,-50.1886808674561,91.0285256702919));
#18593=CARTESIAN_POINT('',(-24.5068613530519,-49.1886808674561,90.1529665217711));
#18594=CARTESIAN_POINT('',(-24.5068613530519,-49.1886808674561,90.1529665217711));
#18595=CARTESIAN_POINT('',(-24.5068613530519,-50.1886808674561,90.1529665217711));
#18596=CARTESIAN_POINT('Origin',(-24.5068613530519,-50.1886808674561,90.1529665217711));
#18597=CARTESIAN_POINT('',(-25.9455252088566,-49.1886808674561,91.1383997595181));
#18598=CARTESIAN_POINT('',(-25.9455252088566,-49.1886808674561,91.1383997595181));
#18599=CARTESIAN_POINT('',(-25.9455252088566,-50.1886808674561,91.1383997595181));
#18600=CARTESIAN_POINT('Origin',(-25.9455252088566,-50.1886808674561,91.1383997595181));
#18601=CARTESIAN_POINT('',(-27.0185143614556,-49.1886808674561,90.8207949703488));
#18602=CARTESIAN_POINT('',(-27.0185143614556,-49.1886808674561,90.8207949703488));
#18603=CARTESIAN_POINT('',(-27.0185143614556,-50.1886808674561,90.8207949703488));
#18604=CARTESIAN_POINT('Origin',(-27.0185143614556,-50.1886808674561,90.8207949703488));
#18605=CARTESIAN_POINT('',(-27.7653148116645,-49.1886808674561,89.8868652119266));
#18606=CARTESIAN_POINT('',(-27.7653148116645,-49.1886808674561,89.8868652119266));
#18607=CARTESIAN_POINT('',(-27.7653148116645,-50.1886808674561,89.8868652119266));
#18608=CARTESIAN_POINT('Origin',(-27.7653148116645,-50.1886808674561,89.8868652119266));
#18609=CARTESIAN_POINT('',(-28.0228322082882,-49.1886808674561,88.4945544875142));
#18610=CARTESIAN_POINT('',(-28.0228322082883,-49.1886808674561,88.4945544875142));
#18611=CARTESIAN_POINT('',(-28.0228322082883,-50.1886808674561,88.4945544875142));
#18612=CARTESIAN_POINT('Origin',(-28.0228322082883,-50.1886808674561,88.4945544875142));
#18613=CARTESIAN_POINT('',(-27.3738883687964,-49.1886808674561,86.486777185171));
#18614=CARTESIAN_POINT('',(-27.3738883687964,-49.1886808674561,86.486777185171));
#18615=CARTESIAN_POINT('',(-27.3738883687964,-50.1886808674561,86.486777185171));
#18616=CARTESIAN_POINT('Origin',(-27.3738883687964,-50.1886808674561,86.486777185171));
#18617=CARTESIAN_POINT('',(-25.8270672064097,-49.1886808674561,85.7545693874374));
#18618=CARTESIAN_POINT('',(-25.8270672064097,-49.1886808674561,85.7545693874374));
#18619=CARTESIAN_POINT('',(-25.8270672064097,-50.1886808674561,85.7545693874374));
#18620=CARTESIAN_POINT('Origin',(-25.8270672064097,-50.1886808674561,85.7545693874374));
#18621=CARTESIAN_POINT('',(-25.0648157124034,-49.1886808674561,85.9863350443988));
#18622=CARTESIAN_POINT('',(-25.0648157124034,-49.1886808674561,85.9863350443988));
#18623=CARTESIAN_POINT('',(-25.0648157124034,-50.1886808674561,85.9863350443988));
#18624=CARTESIAN_POINT('Origin',(-25.0648157124034,-50.1886808674561,85.9863350443988));
#18625=CARTESIAN_POINT('',(-24.5068613530519,-49.1886808674561,86.5683243607685));
#18626=CARTESIAN_POINT('',(-24.5068613530519,-49.1886808674561,86.5683243607685));
#18627=CARTESIAN_POINT('',(-24.5068613530519,-50.1886808674561,86.5683243607685));
#18628=CARTESIAN_POINT('Origin',(-24.5068613530519,-50.1886808674561,86.5683243607685));
#18629=CARTESIAN_POINT('',(-24.5068613530519,-49.1886808674561,83.8867098705931));
#18630=CARTESIAN_POINT('Origin',(-27.1438394944792,-50.1886808674561,88.4464845734777));
#18631=CARTESIAN_POINT('',(-27.1438394944792,-49.1886808674561,88.4464845734777));
#18632=CARTESIAN_POINT('',(-27.1438394944792,-50.1886808674561,88.4464845734777));
#18633=CARTESIAN_POINT('',(-26.7687224867306,-49.1886808674561,89.8190522974823));
#18634=CARTESIAN_POINT('',(-26.7687224867306,-49.1886808674561,89.8190522974823));
#18635=CARTESIAN_POINT('',(-26.7687224867306,-50.1886808674561,89.8190522974823));
#18636=CARTESIAN_POINT('Origin',(-26.7687224867306,-50.1886808674561,89.8190522974823));
#18637=CARTESIAN_POINT('',(-25.8545357287162,-49.1886808674561,90.259407045709));
#18638=CARTESIAN_POINT('',(-25.8545357287162,-49.1886808674561,90.259407045709));
#18639=CARTESIAN_POINT('',(-25.8545357287162,-50.1886808674561,90.259407045709));
#18640=CARTESIAN_POINT('Origin',(-25.8545357287162,-50.1886808674561,90.259407045709));
#18641=CARTESIAN_POINT('',(-24.9094468831071,-49.1886808674561,89.7864334272433));
#18642=CARTESIAN_POINT('',(-24.9094468831071,-49.1886808674561,89.7864334272433));
#18643=CARTESIAN_POINT('',(-24.9094468831071,-50.1886808674561,89.7864334272433));
#18644=CARTESIAN_POINT('Origin',(-24.9094468831071,-50.1886808674561,89.7864334272433));
#18645=CARTESIAN_POINT('',(-24.5068613530519,-49.1886808674561,88.3760964850673));
#18646=CARTESIAN_POINT('',(-24.5068613530519,-49.1886808674561,88.3760964850673));
#18647=CARTESIAN_POINT('',(-24.5068613530519,-50.1886808674561,88.3760964850673));
#18648=CARTESIAN_POINT('Origin',(-24.5068613530519,-50.1886808674561,88.3760964850673));
#18649=CARTESIAN_POINT('',(-24.8888454913772,-49.1886808674561,87.0644745449303));
#18650=CARTESIAN_POINT('',(-24.8888454913772,-49.1886808674561,87.0644745449303));
#18651=CARTESIAN_POINT('',(-24.8888454913772,-50.1886808674561,87.0644745449303));
#18652=CARTESIAN_POINT('Origin',(-24.8888454913772,-50.1886808674561,87.0644745449303));
#18653=CARTESIAN_POINT('',(-25.7995986841032,-49.1886808674561,86.6335621012465));
#18654=CARTESIAN_POINT('',(-25.7995986841032,-49.1886808674561,86.6335621012465));
#18655=CARTESIAN_POINT('',(-25.7995986841032,-50.1886808674561,86.6335621012465));
#18656=CARTESIAN_POINT('Origin',(-25.7995986841032,-50.1886808674561,86.6335621012465));
#18657=CARTESIAN_POINT('',(-26.7481210950007,-49.1886808674561,87.0867927193043));
#18658=CARTESIAN_POINT('',(-26.7481210950007,-49.1886808674561,87.0867927193043));
#18659=CARTESIAN_POINT('',(-26.7481210950007,-50.1886808674561,87.0867927193043));
#18660=CARTESIAN_POINT('Origin',(-26.7481210950007,-50.1886808674561,87.0867927193043));
#18661=CARTESIAN_POINT('',(-27.1438394944792,-49.1886808674561,88.4464845734777));
#18662=CARTESIAN_POINT('Origin',(-24.5068613530519,-49.1886808674561,83.8867098705931));
#18663=CARTESIAN_POINT('Origin',(-34.8848124369892,-50.1886808674561,85.8644434766636));
#18664=CARTESIAN_POINT('',(-34.8848124369892,-50.1886808674561,85.8644434766636));
#18665=CARTESIAN_POINT('',(-33.9560330264996,-50.1886808674561,85.8644434766636));
#18666=CARTESIAN_POINT('',(-34.8848124369892,-50.1886808674561,85.8644434766636));
#18667=CARTESIAN_POINT('',(-33.1525787490334,-50.1886808674561,88.0619252611862));
#18668=CARTESIAN_POINT('',(-33.9560330264996,-50.1886808674561,85.8644434766636));
#18669=CARTESIAN_POINT('',(-30.2563664283383,-50.1886808674561,88.0619252611862));
#18670=CARTESIAN_POINT('',(-33.1525787490334,-50.1886808674561,88.0619252611862));
#18671=CARTESIAN_POINT('',(-29.451195368228,-50.1886808674561,85.8644434766636));
#18672=CARTESIAN_POINT('',(-30.2563664283383,-50.1886808674561,88.0619252611862));
#18673=CARTESIAN_POINT('',(-28.5224159577383,-50.1886808674561,85.8644434766636));
#18674=CARTESIAN_POINT('',(-29.451195368228,-50.1886808674561,85.8644434766636));
#18675=CARTESIAN_POINT('',(-32.0778728137903,-50.1886808674561,92.8963851871362));
#18676=CARTESIAN_POINT('',(-28.5224159577383,-50.1886808674561,85.8644434766636));
#18677=CARTESIAN_POINT('',(-32.0778728137903,-50.1886808674561,92.8963851871362));
#18678=CARTESIAN_POINT('',(-32.8298236119317,-50.1886808674561,88.9409179749953));
#18679=CARTESIAN_POINT('',(-32.1413937716242,-50.1886808674561,90.8207949703488));
#18680=CARTESIAN_POINT('',(-32.8298236119317,-50.1886808674561,88.9409179749953));
#18681=CARTESIAN_POINT('',(-31.7036141973638,-50.1886808674561,92.0173924733271));
#18682=CARTESIAN_POINT('',(-32.1413937716242,-50.1886808674561,90.8207949703488));
#18683=CARTESIAN_POINT('',(-31.2108975784903,-50.1886808674561,90.6697180976628));
#18684=CARTESIAN_POINT('',(-31.7036141973638,-50.1886808674561,92.0173924733271));
#18685=CARTESIAN_POINT('',(-30.5774047827959,-50.1886808674561,88.9409179749953));
#18686=CARTESIAN_POINT('',(-31.2108975784903,-50.1886808674561,90.6697180976628));
#18687=CARTESIAN_POINT('',(-30.5774047827959,-50.1886808674561,88.9409179749953));
#18688=CARTESIAN_POINT('Origin',(-34.8848124369892,-50.1886808674561,85.8644434766636));
#18689=CARTESIAN_POINT('',(-34.8848124369892,-49.1886808674561,85.8644434766636));
#18690=CARTESIAN_POINT('',(-34.8848124369892,-50.1886808674561,85.8644434766636));
#18691=CARTESIAN_POINT('',(-33.9560330264996,-49.1886808674561,85.8644434766636));
#18692=CARTESIAN_POINT('',(-33.9560330264996,-49.1886808674561,85.8644434766636));
#18693=CARTESIAN_POINT('',(-33.9560330264996,-50.1886808674561,85.8644434766636));
#18694=CARTESIAN_POINT('Origin',(-33.9560330264996,-50.1886808674561,85.8644434766636));
#18695=CARTESIAN_POINT('',(-33.1525787490334,-49.1886808674561,88.0619252611862));
#18696=CARTESIAN_POINT('',(-33.1525787490334,-49.1886808674561,88.0619252611862));
#18697=CARTESIAN_POINT('',(-33.1525787490334,-50.1886808674561,88.0619252611862));
#18698=CARTESIAN_POINT('Origin',(-33.1525787490334,-50.1886808674561,88.0619252611862));
#18699=CARTESIAN_POINT('',(-30.2563664283383,-49.1886808674561,88.0619252611862));
#18700=CARTESIAN_POINT('',(-30.2563664283383,-49.1886808674561,88.0619252611862));
#18701=CARTESIAN_POINT('',(-30.2563664283383,-50.1886808674561,88.0619252611862));
#18702=CARTESIAN_POINT('Origin',(-30.2563664283383,-50.1886808674561,88.0619252611862));
#18703=CARTESIAN_POINT('',(-29.451195368228,-49.1886808674561,85.8644434766636));
#18704=CARTESIAN_POINT('',(-29.451195368228,-49.1886808674561,85.8644434766636));
#18705=CARTESIAN_POINT('',(-29.451195368228,-50.1886808674561,85.8644434766636));
#18706=CARTESIAN_POINT('Origin',(-29.451195368228,-50.1886808674561,85.8644434766636));
#18707=CARTESIAN_POINT('',(-28.5224159577383,-49.1886808674561,85.8644434766636));
#18708=CARTESIAN_POINT('',(-28.5224159577383,-49.1886808674561,85.8644434766636));
#18709=CARTESIAN_POINT('',(-28.5224159577383,-50.1886808674561,85.8644434766636));
#18710=CARTESIAN_POINT('Origin',(-28.5224159577383,-50.1886808674561,85.8644434766636));
#18711=CARTESIAN_POINT('',(-32.0778728137903,-49.1886808674561,92.8963851871362));
#18712=CARTESIAN_POINT('',(-32.0778728137903,-49.1886808674561,92.8963851871362));
#18713=CARTESIAN_POINT('',(-32.0778728137903,-50.1886808674561,92.8963851871362));
#18714=CARTESIAN_POINT('Origin',(-32.0778728137903,-50.1886808674561,92.8963851871362));
#18715=CARTESIAN_POINT('',(-34.8848124369892,-49.1886808674561,85.8644434766636));
#18716=CARTESIAN_POINT('Origin',(-32.8298236119317,-50.1886808674561,88.9409179749953));
#18717=CARTESIAN_POINT('',(-32.8298236119317,-49.1886808674561,88.9409179749953));
#18718=CARTESIAN_POINT('',(-32.8298236119317,-50.1886808674561,88.9409179749953));
#18719=CARTESIAN_POINT('',(-32.1413937716242,-49.1886808674561,90.8207949703488));
#18720=CARTESIAN_POINT('',(-32.1413937716242,-49.1886808674561,90.8207949703488));
#18721=CARTESIAN_POINT('',(-32.1413937716242,-50.1886808674561,90.8207949703488));
#18722=CARTESIAN_POINT('Origin',(-32.1413937716242,-50.1886808674561,90.8207949703488));
#18723=CARTESIAN_POINT('',(-31.7036141973638,-49.1886808674561,92.0173924733271));
#18724=CARTESIAN_POINT('',(-31.7036141973638,-49.1886808674561,92.0173924733271));
#18725=CARTESIAN_POINT('',(-31.7036141973638,-50.1886808674561,92.0173924733271));
#18726=CARTESIAN_POINT('Origin',(-31.7036141973638,-50.1886808674561,92.0173924733271));
#18727=CARTESIAN_POINT('',(-31.2108975784903,-49.1886808674561,90.6697180976628));
#18728=CARTESIAN_POINT('',(-31.2108975784903,-49.1886808674561,90.6697180976628));
#18729=CARTESIAN_POINT('',(-31.2108975784903,-50.1886808674561,90.6697180976628));
#18730=CARTESIAN_POINT('Origin',(-31.2108975784903,-50.1886808674561,90.6697180976628));
#18731=CARTESIAN_POINT('',(-30.5774047827959,-49.1886808674561,88.9409179749953));
#18732=CARTESIAN_POINT('',(-30.5774047827959,-49.1886808674561,88.9409179749953));
#18733=CARTESIAN_POINT('',(-30.5774047827959,-50.1886808674561,88.9409179749953));
#18734=CARTESIAN_POINT('Origin',(-30.5774047827959,-50.1886808674561,88.9409179749953));
#18735=CARTESIAN_POINT('',(-32.8298236119317,-49.1886808674561,88.9409179749953));
#18736=CARTESIAN_POINT('Origin',(-34.8848124369892,-49.1886808674561,85.8644434766636));
#18737=CARTESIAN_POINT('Origin',(-35.,-49.1886808674561,96.1492548125245));
#18738=CARTESIAN_POINT('',(35.,-49.1886808674561,96.1492548125245));
#18739=CARTESIAN_POINT('',(-35.,-49.1886808674561,96.1492548125245));
#18740=CARTESIAN_POINT('',(35.,-49.1886808674561,96.1492548125245));
#18741=CARTESIAN_POINT('',(-35.,-49.1886808674561,66.1492548125245));
#18742=CARTESIAN_POINT('',(-35.,-49.1886808674561,96.1492548125245));
#18743=CARTESIAN_POINT('',(35.,-49.1886808674561,66.1492548125245));
#18744=CARTESIAN_POINT('',(-35.,-49.1886808674561,66.1492548125245));
#18745=CARTESIAN_POINT('',(35.,-49.1886808674561,66.1492548125245));
#18746=CARTESIAN_POINT('Origin',(-35.,-44.9999999999999,96.1492548125245));
#18747=CARTESIAN_POINT('',(35.,-44.9999999999999,96.1492548125245));
#18748=CARTESIAN_POINT('',(35.,-44.9999999999999,66.1492548125245));
#18749=CARTESIAN_POINT('',(35.,-44.9999999999999,96.1492548125245));
#18750=CARTESIAN_POINT('',(-35.,-44.9999999999999,66.1492548125245));
#18751=CARTESIAN_POINT('',(35.,-44.9999999999999,66.1492548125245));
#18752=CARTESIAN_POINT('',(-35.,-44.9999999999999,96.1492548125245));
#18753=CARTESIAN_POINT('',(-35.,-44.9999999999999,66.1492548125245));
#18754=CARTESIAN_POINT('',(-35.,-44.9999999999999,96.1492548125245));
#18755=CARTESIAN_POINT('Origin',(35.,-49.1886808674561,96.1492548125245));
#18756=CARTESIAN_POINT('',(35.,-49.1886808674561,96.1492548125245));
#18757=CARTESIAN_POINT('',(-35.,-49.1886808674561,96.1492548125245));
#18758=CARTESIAN_POINT('Origin',(-35.,-49.1886808674561,96.1492548125245));
#18759=CARTESIAN_POINT('',(-35.,-49.1886808674561,66.1492548125245));
#18760=CARTESIAN_POINT('Origin',(-35.,-49.1886808674561,66.1492548125245));
#18761=CARTESIAN_POINT('',(35.,-49.1886808674561,66.1492548125245));
#18762=CARTESIAN_POINT('Origin',(35.,-49.1886808674561,66.1492548125245));
#18763=CARTESIAN_POINT('Origin',(79.5541044270224,1.83535960475355,4.20185208597648));
#18764=CARTESIAN_POINT('',(79.5541044270224,1.83535960475355,4.20185208597647));
#18765=CARTESIAN_POINT('',(79.5541044270224,6.84965529509999,9.21614777632283));
#18766=CARTESIAN_POINT('',(79.5541044270224,1.83535960475355,4.20185208597647));
#18767=CARTESIAN_POINT('',(79.5541044270224,5.01429569034645,16.0658030714228));
#18768=CARTESIAN_POINT('',(79.5541044270224,6.84965529509999,9.21614777632283));
#18769=CARTESIAN_POINT('',(79.5541044270224,-1.83535960475353,17.9011626761765));
#18770=CARTESIAN_POINT('',(79.5541044270224,5.01429569034645,16.0658030714228));
#18771=CARTESIAN_POINT('',(79.5541044270224,-6.84965529509998,12.8868669858302));
#18772=CARTESIAN_POINT('',(79.5541044270224,-1.83535960475353,17.9011626761765));
#18773=CARTESIAN_POINT('',(79.5541044270224,-5.01429569034646,6.03721169073014));
#18774=CARTESIAN_POINT('',(79.5541044270224,-6.84965529509998,12.8868669858302));
#18775=CARTESIAN_POINT('',(79.5541044270224,-5.01429569034646,6.03721169073014));
#18776=CARTESIAN_POINT('Origin',(76.8108816587881,1.83535960475355,4.20185208597648));
#18777=CARTESIAN_POINT('',(76.8108816587881,1.83535960475355,4.20185208597647));
#18778=CARTESIAN_POINT('',(76.8108816587881,-5.01429569034646,6.03721169073014));
#18779=CARTESIAN_POINT('',(76.8108816587881,1.83535960475355,4.20185208597647));
#18780=CARTESIAN_POINT('',(76.8108816587881,-6.84965529509998,12.8868669858302));
#18781=CARTESIAN_POINT('',(76.8108816587881,-5.01429569034646,6.03721169073014));
#18782=CARTESIAN_POINT('',(76.8108816587881,-1.83535960475353,17.9011626761765));
#18783=CARTESIAN_POINT('',(76.8108816587881,-6.84965529509998,12.8868669858302));
#18784=CARTESIAN_POINT('',(76.8108816587881,5.01429569034645,16.0658030714228));
#18785=CARTESIAN_POINT('',(76.8108816587881,-1.83535960475353,17.9011626761765));
#18786=CARTESIAN_POINT('',(76.8108816587881,6.84965529509999,9.21614777632283));
#18787=CARTESIAN_POINT('',(76.8108816587881,5.01429569034645,16.0658030714228));
#18788=CARTESIAN_POINT('',(76.8108816587881,6.84965529509999,9.21614777632283));
#18789=CARTESIAN_POINT('Origin',(79.5541044270224,1.83535960475355,4.20185208597647));
#18790=CARTESIAN_POINT('',(79.5541044270224,1.83535960475355,4.20185208597647));
#18791=CARTESIAN_POINT('',(79.5541044270224,6.84965529509999,9.21614777632283));
#18792=CARTESIAN_POINT('Origin',(79.5541044270224,6.84965529509999,9.21614777632283));
#18793=CARTESIAN_POINT('',(79.5541044270224,5.01429569034645,16.0658030714228));
#18794=CARTESIAN_POINT('Origin',(79.5541044270224,5.01429569034645,16.0658030714228));
#18795=CARTESIAN_POINT('',(79.5541044270224,-1.83535960475353,17.9011626761765));
#18796=CARTESIAN_POINT('Origin',(79.5541044270224,-1.83535960475353,17.9011626761765));
#18797=CARTESIAN_POINT('',(79.5541044270224,-6.84965529509998,12.8868669858302));
#18798=CARTESIAN_POINT('Origin',(79.5541044270224,-6.84965529509998,12.8868669858302));
#18799=CARTESIAN_POINT('',(79.5541044270224,-5.01429569034646,6.03721169073014));
#18800=CARTESIAN_POINT('Origin',(79.5541044270224,-5.01429569034646,6.03721169073014));
#18801=CARTESIAN_POINT('Origin',(76.8108816587881,6.47899747454174,11.0515073810765));
#18802=CARTESIAN_POINT('',(76.8108816587881,-6.47899747454174,11.0515073810765));
#18803=CARTESIAN_POINT('',(76.8108816587881,6.47899747454174,11.0515073810765));
#18804=CARTESIAN_POINT('Origin',(76.8108816587881,4.46532348835866E-17,
11.0515073810765));
#18805=CARTESIAN_POINT('Origin',(76.8108816587881,4.46532348835866E-17,
11.0515073810765));
#18806=CARTESIAN_POINT('Origin',(58.2551150479452,6.47899747454174,11.0515073810765));
#18807=CARTESIAN_POINT('',(58.2551150479452,-6.47899747454174,11.0515073810765));
#18808=CARTESIAN_POINT('',(58.2551150479452,6.47899747454174,11.0515073810765));
#18809=CARTESIAN_POINT('Origin',(58.2551150479452,4.46532348835866E-17,
11.0515073810765));
#18810=CARTESIAN_POINT('Origin',(58.2551150479452,4.46532348835866E-17,
11.0515073810765));
#18811=CARTESIAN_POINT('Origin',(58.2551150479452,4.46532348835866E-17,
11.0515073810765));
#18812=CARTESIAN_POINT('',(76.8108816587881,-6.47899747454174,11.0515073810765));
#18813=CARTESIAN_POINT('',(76.8108816587881,6.47899747454174,11.0515073810765));
#18814=CARTESIAN_POINT('Origin',(58.2551150479452,4.46532348835866E-17,
11.0515073810765));
#18815=CARTESIAN_POINT('Origin',(-68.8037202400503,45.0000000000003,115.));
#18816=CARTESIAN_POINT('',(64.2085625641727,44.9999999999999,115.));
#18817=CARTESIAN_POINT('',(-60.6738079623916,45.0000000000003,115.));
#18818=CARTESIAN_POINT('',(64.2085625641726,44.9999999999999,115.));
#18819=CARTESIAN_POINT('',(-68.8037202400504,36.8700877223415,115.));
#18820=CARTESIAN_POINT('Origin',(-60.6738079623916,36.8700877223416,115.));
#18821=CARTESIAN_POINT('',(-68.8037202400505,-33.9276535313705,115.));
#18822=CARTESIAN_POINT('',(-68.8037202400504,36.8700877223415,115.));
#18823=CARTESIAN_POINT('',(-57.7313737714213,-44.9999999999997,115.));
#18824=CARTESIAN_POINT('Origin',(-57.7313737714212,-33.9276535313705,115.));
#18825=CARTESIAN_POINT('',(61.1962797599494,-45.0000000000001,115.));
#18826=CARTESIAN_POINT('',(-57.7313737714213,-44.9999999999997,115.));
#18827=CARTESIAN_POINT('',(71.1962797599495,-36.3071326218379,115.));
#18828=CARTESIAN_POINT('Origin',(60.5796535435479,-34.1923769564013,115.));
#18829=CARTESIAN_POINT('',(71.1962797599497,36.6723629279003,115.));
#18830=CARTESIAN_POINT('',(71.1962797599495,-36.3071326218379,115.));
#18831=CARTESIAN_POINT('Origin',(60.8879125530966,35.1181298035134,115.));
#18832=CARTESIAN_POINT('Origin',(-68.8037202400503,45.0000000000003,18.5665507102614));
#18833=CARTESIAN_POINT('',(64.2085625641727,44.9999999999999,18.5665507102614));
#18834=CARTESIAN_POINT('',(71.1962797599497,36.6723629279003,18.5665507102614));
#18835=CARTESIAN_POINT('Origin',(60.8879125530966,35.1181298035134,18.5665507102614));
#18836=CARTESIAN_POINT('',(71.1962797599495,-36.3071326218379,18.5665507102614));
#18837=CARTESIAN_POINT('',(71.1962797599497,36.6723629279003,18.5665507102614));
#18838=CARTESIAN_POINT('',(61.1962797599494,-45.0000000000001,18.5665507102614));
#18839=CARTESIAN_POINT('Origin',(60.5796535435479,-34.1923769564013,18.5665507102614));
#18840=CARTESIAN_POINT('',(-57.7313737714213,-44.9999999999997,18.5665507102614));
#18841=CARTESIAN_POINT('',(61.1962797599495,-45.0000000000001,18.5665507102614));
#18842=CARTESIAN_POINT('',(-68.8037202400505,-33.9276535313705,18.5665507102614));
#18843=CARTESIAN_POINT('Origin',(-57.7313737714212,-33.9276535313705,18.5665507102614));
#18844=CARTESIAN_POINT('',(-68.8037202400504,36.8700877223415,18.5665507102614));
#18845=CARTESIAN_POINT('',(-68.8037202400505,-33.9276535313705,18.5665507102614));
#18846=CARTESIAN_POINT('',(-60.6738079623916,45.0000000000003,18.5665507102614));
#18847=CARTESIAN_POINT('Origin',(-60.6738079623916,36.8700877223416,18.5665507102614));
#18848=CARTESIAN_POINT('',(-60.6738079623917,45.0000000000003,18.5665507102614));
#18849=CARTESIAN_POINT('Origin',(64.2085625641726,44.9999999999999,115.));
#18850=CARTESIAN_POINT('',(64.2085625641727,44.9999999999999,115.));
#18851=CARTESIAN_POINT('',(-60.6738079623916,45.0000000000003,115.));
#18852=CARTESIAN_POINT('Origin',(-68.8037202400504,36.8700877223415,115.));
#18853=CARTESIAN_POINT('',(-68.8037202400504,36.8700877223415,115.));
#18854=CARTESIAN_POINT('',(-68.8037202400505,-33.9276535313705,115.));
#18855=CARTESIAN_POINT('Origin',(-57.7313737714213,-44.9999999999997,115.));
#18856=CARTESIAN_POINT('',(-57.7313737714213,-44.9999999999997,115.));
#18857=CARTESIAN_POINT('',(61.1962797599493,-45.0000000000001,115.));
#18858=CARTESIAN_POINT('Origin',(71.1962797599495,-36.3071326218379,115.));
#18859=CARTESIAN_POINT('',(71.1962797599495,-36.3071326218379,115.));
#18860=CARTESIAN_POINT('',(71.1962797599497,36.6723629279003,115.));
#18861=CARTESIAN_POINT('Origin',(-60.6738079623916,36.8700877223416,18.5665507102614));
#18862=CARTESIAN_POINT('Origin',(-57.7313737714212,-33.9276535313705,18.5665507102614));
#18863=CARTESIAN_POINT('Origin',(60.5796535435479,-34.1923769564013,18.5665507102614));
#18864=CARTESIAN_POINT('Origin',(60.8879125530966,35.1181298035134,18.5665507102614));
#18865=CARTESIAN_POINT('',(0.,0.,0.));
#18866=CARTESIAN_POINT('',(0.,0.,28.4984844569992));
#18867=UNCERTAINTY_MEASURE_WITH_UNIT(LENGTH_MEASURE(0.01),#18875,
'DISTANCE_ACCURACY_VALUE',
'Maximum model space distance between geometric entities at asserted c
onnectivities');
#18868=UNCERTAINTY_MEASURE_WITH_UNIT(LENGTH_MEASURE(0.01),#18875,
'DISTANCE_ACCURACY_VALUE',
'Maximum model space distance between geometric entities at asserted c
onnectivities');
#18869=UNCERTAINTY_MEASURE_WITH_UNIT(LENGTH_MEASURE(0.01),#18875,
'DISTANCE_ACCURACY_VALUE',
'Maximum model space distance between geometric entities at asserted c
onnectivities');
#18870=UNCERTAINTY_MEASURE_WITH_UNIT(LENGTH_MEASURE(0.01),#18875,
'DISTANCE_ACCURACY_VALUE',
'Maximum model space distance between geometric entities at asserted c
onnectivities');
#18871=(
GEOMETRIC_REPRESENTATION_CONTEXT(3)
GLOBAL_UNCERTAINTY_ASSIGNED_CONTEXT((#18867))
GLOBAL_UNIT_ASSIGNED_CONTEXT((#18875,#18876,#18877))
REPRESENTATION_CONTEXT('','3D')
);
#18872=(
GEOMETRIC_REPRESENTATION_CONTEXT(3)
GLOBAL_UNCERTAINTY_ASSIGNED_CONTEXT((#18868))
GLOBAL_UNIT_ASSIGNED_CONTEXT((#18875,#18876,#18877))
REPRESENTATION_CONTEXT('','3D')
);
#18873=(
GEOMETRIC_REPRESENTATION_CONTEXT(3)
GLOBAL_UNCERTAINTY_ASSIGNED_CONTEXT((#18869))
GLOBAL_UNIT_ASSIGNED_CONTEXT((#18875,#18876,#18877))
REPRESENTATION_CONTEXT('','3D')
);
#18874=(
GEOMETRIC_REPRESENTATION_CONTEXT(3)
GLOBAL_UNCERTAINTY_ASSIGNED_CONTEXT((#18870))
GLOBAL_UNIT_ASSIGNED_CONTEXT((#18875,#18876,#18877))
REPRESENTATION_CONTEXT('','3D')
);
#18875=(
LENGTH_UNIT()
NAMED_UNIT(*)
SI_UNIT(.MILLI.,.METRE.)
);
#18876=(
NAMED_UNIT(*)
PLANE_ANGLE_UNIT()
SI_UNIT($,.RADIAN.)
);
#18877=(
NAMED_UNIT(*)
SI_UNIT($,.STERADIAN.)
SOLID_ANGLE_UNIT()
);
#18878=SHAPE_DEFINITION_REPRESENTATION(#18881,#18886);
#18879=SHAPE_DEFINITION_REPRESENTATION(#18882,#18887);
#18880=SHAPE_DEFINITION_REPRESENTATION(#18883,#18888);
#18881=PRODUCT_DEFINITION_SHAPE('',$,#18890);
#18882=PRODUCT_DEFINITION_SHAPE('',$,#18891);
#18883=PRODUCT_DEFINITION_SHAPE('',$,#18892);
#18884=PRODUCT_DEFINITION_SHAPE($,$,#25);
#18885=PRODUCT_DEFINITION_SHAPE($,$,#26);
#18886=SHAPE_REPRESENTATION('',(#11791,#12467,#12468),#18871);
#18887=SHAPE_REPRESENTATION('',(#11792),#18872);
#18888=SHAPE_REPRESENTATION('',(#11913),#18873);
#18889=PRODUCT_DEFINITION_CONTEXT('part definition',#18900,'design');
#18890=PRODUCT_DEFINITION('TopLevelAssembly','TopLevelAssembly',#18893,
#18889);
#18891=PRODUCT_DEFINITION(
'\X2\041E0431044A0435043C043D0430044F\X0\ \X2\04330435043E043C0435044204400438044F\X0\ 
\X2\043F044004380441043E043504340438043D0435043D0430\X0\',
'\X2\041E0431044A0435043C043D0430044F\X0\ \X2\04330435043E043C0435044204400438044F\X0\ 
\X2\043F044004380441043E043504340438043D0435043D0430\X0\',#18894,#18889);
#18892=PRODUCT_DEFINITION('\X2\042D043B0435043A044204400438044704350441043A04380439\X0\ 
\X2\043F044004380432043E0434\X0\',
'\X2\042D043B0435043A044204400438044704350441043A04380439\X0\ \X2\043F044004380432043E0434\X0\',
#18895,#18889);
#18893=PRODUCT_DEFINITION_FORMATION('',$,#18902);
#18894=PRODUCT_DEFINITION_FORMATION('',$,#18903);
#18895=PRODUCT_DEFINITION_FORMATION('',$,#18904);
#18896=PRODUCT_RELATED_PRODUCT_CATEGORY('TopLevelAssembly',
'TopLevelAssembly',(#18902));
#18897=PRODUCT_RELATED_PRODUCT_CATEGORY(
'\X2\041E0431044A0435043C043D0430044F\X0\ \X2\04330435043E043C0435044204400438044F\X0\ 
\X2\043F044004380441043E043504340438043D0435043D0430\X0\',
'\X2\041E0431044A0435043C043D0430044F\X0\ \X2\04330435043E043C0435044204400438044F\X0\ 
\X2\043F044004380441043E043504340438043D0435043D0430\X0\',(#18903));
#18898=PRODUCT_RELATED_PRODUCT_CATEGORY(
'\X2\042D043B0435043A044204400438044704350441043A04380439\X0\ \X2\043F044004380432043E0434\X0\',
'\X2\042D043B0435043A044204400438044704350441043A04380439\X0\ \X2\043F044004380432043E0434\X0\',
(#18904));
#18899=APPLICATION_PROTOCOL_DEFINITION('international standard',
'ap242_managed_model_based_3d_engineering',2011,#18900);
#18900=APPLICATION_CONTEXT('Managed model based 3d engineering');
#18901=PRODUCT_CONTEXT('part definition',#18900,'mechanical');
#18902=PRODUCT('TopLevelAssembly','TopLevelAssembly',$,(#18901));
#18903=PRODUCT(
'\X2\041E0431044A0435043C043D0430044F\X0\ \X2\04330435043E043C0435044204400438044F\X0\ 
\X2\043F044004380441043E043504340438043D0435043D0430\X0\',
'\X2\041E0431044A0435043C043D0430044F\X0\ \X2\04330435043E043C0435044204400438044F\X0\ 
\X2\043F044004380441043E043504340438043D0435043D0430\X0\',$,(#18901));
#18904=PRODUCT('\X2\042D043B0435043A044204400438044704350441043A04380439\X0\ 
\X2\043F044004380432043E0434\X0\',
'\X2\042D043B0435043A044204400438044704350441043A04380439\X0\ \X2\043F044004380432043E0434\X0\',
$,(#18901));
#18905=PRESENTATION_STYLE_ASSIGNMENT((#18909));
#18906=PRESENTATION_STYLE_ASSIGNMENT((#18910));
#18907=PRESENTATION_STYLE_ASSIGNMENT((#18911));
#18908=PRESENTATION_STYLE_ASSIGNMENT((#18912));
#18909=SURFACE_STYLE_USAGE(.BOTH.,#18921);
#18910=SURFACE_STYLE_USAGE(.BOTH.,#18922);
#18911=SURFACE_STYLE_USAGE(.BOTH.,#18923);
#18912=SURFACE_STYLE_USAGE(.BOTH.,#18924);
#18913=SURFACE_STYLE_RENDERING_WITH_PROPERTIES($,#18937,(#18917));
#18914=SURFACE_STYLE_RENDERING_WITH_PROPERTIES($,#18938,(#18918));
#18915=SURFACE_STYLE_RENDERING_WITH_PROPERTIES($,#18939,(#18919));
#18916=SURFACE_STYLE_RENDERING_WITH_PROPERTIES($,#18940,(#18920));
#18917=SURFACE_STYLE_TRANSPARENT(0.);
#18918=SURFACE_STYLE_TRANSPARENT(0.);
#18919=SURFACE_STYLE_TRANSPARENT(0.);
#18920=SURFACE_STYLE_TRANSPARENT(0.);
#18921=SURFACE_SIDE_STYLE('',(#18925,#18913));
#18922=SURFACE_SIDE_STYLE('',(#18926,#18914));
#18923=SURFACE_SIDE_STYLE('',(#18927,#18915));
#18924=SURFACE_SIDE_STYLE('',(#18928,#18916));
#18925=SURFACE_STYLE_FILL_AREA(#18929);
#18926=SURFACE_STYLE_FILL_AREA(#18930);
#18927=SURFACE_STYLE_FILL_AREA(#18931);
#18928=SURFACE_STYLE_FILL_AREA(#18932);
#18929=FILL_AREA_STYLE('\X2\041F04120425\X0\ \X2\044104350440044B0439\X0\',
(#18933));
#18930=FILL_AREA_STYLE('\X2\041F043B0430044104420438043A\X0\',(#18934));
#18931=FILL_AREA_STYLE('\X2\042204300431043B04380447043A0430\X0\(2)',(#18935));
#18932=FILL_AREA_STYLE('\X2\042204300431043B04380447043A0430\X0\',(#18936));
#18933=FILL_AREA_STYLE_COLOUR('\X2\041F04120425\X0\ \X2\044104350440044B0439\X0\',
#18937);
#18934=FILL_AREA_STYLE_COLOUR('\X2\041F043B0430044104420438043A\X0\',#18938);
#18935=FILL_AREA_STYLE_COLOUR('\X2\042204300431043B04380447043A0430\X0\(
2)',#18939);
#18936=FILL_AREA_STYLE_COLOUR('\X2\042204300431043B04380447043A0430\X0\',
#18940);
#18937=COLOUR_RGB('\X2\041F04120425\X0\ \X2\044104350440044B0439\X0\',0.501960784313725,
0.501960784313725,0.501960784313725);
#18938=COLOUR_RGB('\X2\041F043B0430044104420438043A\X0\',0.925490196078431,
0.462745098039216,0.);
#18939=COLOUR_RGB('\X2\042204300431043B04380447043A0430\X0\(2)',0.470588235294118,
0.470588235294118,0.470588235294118);
#18940=COLOUR_RGB('\X2\042204300431043B04380447043A0430\X0\',0.984313725490196,
0.984313725490196,0.984313725490196);
ENDSEC;
END-ISO-10303-21;
